t,temp_c,cpu_pct,freq_mhz,load1,mem_used_mb,mem_avail_mb,throttled,proc_cpu_pct,proc_rss_mb,proc_cpu_time_s
1790989258.9216635,42.5,1.5,2400.0,0.51171875,675.6,7386.7,0x0,,248.8,6.14
1790989259.9265065,44.1,1.5,2400.0,0.51171875,675.2,7387.1,0x0,8.0,248.8,6.22
1790989260.9352214,44.6,1.3,2400.0,0.51171875,672.8,7389.5,0x0,5.9,248.8,6.28
1790989261.9437735,44.1,1.8,2400.0,0.51171875,672.6,7389.7,0x0,7.9,248.8,6.36
1790989262.952241,44.1,3.0,1600.0,0.51171875,675.4,7386.9,0x0,7.9,248.8,6.44
1790989263.9624202,44.1,3.5,1600.0,0.470703125,672.3,7390.0,0x0,11.9,248.8,6.56
1790989264.972607,44.1,3.0,1600.0,0.470703125,670.2,7392.1,0x0,11.9,248.8,6.68
1790989265.9828475,43.5,3.2,1600.0,0.470703125,671.4,7391.0,0x0,11.9,248.9,6.8
1790989266.9938226,44.1,3.7,1700.0,0.470703125,670.4,7391.9,0x0,12.9,249.2,6.93
1790989268.0036905,44.6,3.5,1500.0,0.470703125,672.8,7389.5,0x0,11.9,249.3,7.05
1790989269.1138031,44.1,0.5,1500.0,0.4326171875,672.0,7390.3,0x0,0.9,249.3,7.06
1790989270.1201227,44.6,0.3,1500.0,0.4326171875,675.8,7386.6,0x0,2.0,249.3,7.08
1790989271.126354,45.2,11.5,2400.0,0.4326171875,693.0,7369.4,0x0,45.7,265.7,7.54
1790989272.1307964,45.8,14.2,2400.0,0.4326171875,716.9,7345.5,0x0,55.8,284.6,8.1
1790989273.1393242,44.6,0.0,2400.0,0.4326171875,715.7,7346.6,0x0,0.0,284.7,8.1
1790989274.14768,45.8,0.2,2400.0,0.39794921875,715.8,7346.5,0x0,0.0,284.7,8.1
1790989275.1560602,45.8,1.2,2400.0,0.39794921875,714.6,7347.7,0x0,6.0,284.7,8.16
1790989276.1645448,45.8,2.0,1600.0,0.39794921875,714.6,7347.7,0x0,6.9,284.7,8.23
1790989277.1746576,45.2,2.7,1600.0,0.39794921875,712.2,7350.1,0x0,9.9,284.7,8.33
1790989278.1848361,44.1,2.7,1600.0,0.36572265625,708.7,7353.6,0x0,9.9,284.7,8.43
1790989279.1949856,45.8,2.7,1600.0,0.36572265625,708.1,7354.2,0x0,9.9,284.7,8.53
1790989280.2052884,46.3,1.2,1500.0,0.36572265625,710.5,7351.8,0x0,4.0,284.7,8.57
1790989281.215694,45.2,2.0,1500.0,0.36572265625,712.8,7349.5,0x0,2.0,284.7,8.59
1790989282.225925,45.2,1.7,1500.0,0.36572265625,711.8,7350.5,0x0,2.0,284.7,8.61
1790989283.2362118,44.6,1.7,1500.0,0.33642578125,708.9,7353.4,0x0,3.0,284.7,8.64
1790989284.345981,47.4,20.6,2400.0,0.33642578125,723.6,7338.7,0x0,80.2,295.7,9.53
1790989285.3504915,45.8,0.2,2400.0,0.33642578125,732.5,7329.9,0x0,0.0,295.7,9.53
1790989286.358896,46.9,0.0,2400.0,0.33642578125,734.1,7328.2,0x0,1.0,295.7,9.54
1790989287.366444,48.0,17.8,2400.0,0.33642578125,731.4,7331.0,0x0,69.5,295.7,10.24
1790989288.374951,46.3,0.0,2400.0,0.30908203125,731.2,7331.1,0x0,1.0,295.7,10.25
1790989289.3824463,46.3,0.5,1500.0,0.30908203125,729.8,7332.5,0x0,0.0,295.8,10.25
1790989290.392557,46.3,1.0,1600.0,0.30908203125,726.6,7335.7,0x0,3.0,295.8,10.28
1790989291.4003117,46.3,3.5,1600.0,0.30908203125,723.4,7338.9,0x0,9.9,295.8,10.38
1790989292.510411,46.3,2.7,1600.0,0.30908203125,721.9,7340.4,0x0,8.1,295.8,10.47
1790989293.5177543,46.9,1.8,1600.0,0.2841796875,725.3,7337.0,0x0,9.9,295.8,10.57
1790989294.523928,46.9,3.0,1600.0,0.2841796875,722.9,7339.4,0x0,10.9,295.8,10.68
1790989295.530018,46.9,2.5,1600.0,0.2841796875,720.5,7341.8,0x0,10.9,295.8,10.79
1790989296.536188,45.8,2.8,1600.0,0.2841796875,721.2,7341.1,0x0,10.9,295.8,10.9
1790989297.542337,46.9,2.8,1600.0,0.2841796875,722.7,7339.6,0x0,10.9,295.8,11.01
1790989298.5484614,47.4,2.5,1600.0,0.341796875,720.5,7341.8,0x0,11.9,295.8,11.13
1790989299.554627,46.9,3.0,1600.0,0.341796875,719.9,7342.4,0x0,12.9,295.8,11.26
1790989300.5607765,46.3,2.5,1700.0,0.341796875,719.0,7343.3,0x0,13.9,295.8,11.4
1790989301.5666611,46.9,2.5,1700.0,0.341796875,719.9,7342.4,0x0,11.9,295.8,11.52
1790989302.5724893,47.4,2.8,1600.0,0.341796875,717.7,7344.6,0x0,11.9,295.8,11.64
1790989303.5786448,47.4,2.8,1500.0,0.31396484375,718.0,7344.4,0x0,12.9,295.8,11.77
1790989304.5849965,47.4,2.5,1600.0,0.31396484375,718.2,7344.1,0x0,12.9,295.8,11.9
1790989305.5912213,46.9,2.8,1700.0,0.31396484375,718.4,7343.9,0x0,12.9,295.8,12.03
1790989306.5980122,48.0,3.5,1600.0,0.31396484375,714.9,7347.4,0x0,12.9,295.8,12.16
1790989307.6041555,46.9,2.5,1600.0,0.31396484375,714.8,7347.5,0x0,13.9,295.8,12.3
1790989308.6102853,46.9,3.0,1600.0,0.28857421875,714.6,7347.7,0x0,12.9,295.8,12.43
1790989309.6164417,46.3,2.8,1600.0,0.28857421875,711.9,7350.4,0x0,12.9,295.8,12.56
1790989310.622813,48.0,2.8,1600.0,0.28857421875,714.0,7348.3,0x0,12.9,295.8,12.69
1790989311.6289337,47.4,2.8,1600.0,0.28857421875,714.8,7347.5,0x0,12.9,295.8,12.82
1790989312.635077,48.0,2.8,1700.0,0.28857421875,712.7,7349.6,0x0,12.9,295.8,12.95
1790989313.640914,47.4,4.8,1600.0,0.345703125,723.9,7338.4,0x0,11.9,295.8,13.07
1790989314.6476624,46.9,2.8,1500.0,0.345703125,724.0,7338.4,0x0,13.9,295.8,13.21
1790989315.6547365,48.5,3.0,1600.0,0.345703125,722.8,7339.5,0x0,12.9,295.8,13.34
1790989316.660899,48.0,3.2,1700.0,0.345703125,721.2,7341.1,0x0,12.9,295.8,13.47
1790989317.666695,48.0,3.0,1700.0,0.345703125,720.8,7341.5,0x0,11.9,295.8,13.59
1790989318.6724372,48.0,3.5,1600.0,0.31787109375,719.2,7343.1,0x0,12.9,295.8,13.72
1790989319.6795728,47.4,4.4,1600.0,0.31787109375,719.0,7343.3,0x0,12.9,295.8,13.85
1790989320.685667,49.6,4.0,1600.0,0.31787109375,718.9,7343.4,0x0,12.9,295.8,13.98
1790989321.691782,48.5,3.7,1700.0,0.31787109375,720.7,7341.6,0x0,13.9,295.8,14.12
1790989322.6975482,47.4,3.5,1600.0,0.31787109375,721.5,7340.8,0x0,11.9,295.8,14.24
1790989323.7036588,48.5,3.5,1700.0,0.2919921875,721.0,7341.3,0x0,11.9,295.8,14.36
1790989324.7094293,48.5,4.0,1600.0,0.2919921875,718.1,7344.2,0x0,12.9,295.8,14.49
1790989325.7156093,48.0,3.7,1700.0,0.2919921875,717.8,7344.5,0x0,12.9,295.8,14.62
1790989326.7550519,47.4,2.4,1500.0,0.2919921875,717.4,7344.9,0x0,7.7,295.8,14.7
1790989327.7612333,48.5,0.5,1500.0,0.2919921875,716.1,7346.2,0x0,2.0,295.8,14.72
1790989328.7675016,48.5,0.5,1500.0,0.2685546875,717.2,7345.1,0x0,2.0,295.8,14.74
1790989329.7777019,48.0,0.2,1500.0,0.2685546875,715.5,7346.9,0x0,2.0,295.8,14.76
1790989330.787947,49.6,5.0,2400.0,0.2685546875,715.3,7347.0,0x0,20.8,295.8,14.97
1790989331.7934973,49.6,12.0,2400.0,0.2685546875,731.8,7330.5,0x0,47.7,305.6,15.45
1790989332.8020954,49.6,0.2,2400.0,0.2685546875,731.1,7331.2,0x0,0.0,305.6,15.45
1790989333.8106225,50.1,16.2,2400.0,0.24658203125,739.4,7323.0,0x0,62.5,307.8,16.08
1790989334.8192203,49.0,0.2,2400.0,0.24658203125,739.9,7322.4,0x0,0.0,307.8,16.08
1790989335.8276792,48.0,0.5,1600.0,0.24658203125,738.4,7323.9,0x0,1.0,307.8,16.09
1790989336.8381317,49.6,3.0,1600.0,0.24658203125,735.4,7326.9,0x0,8.9,307.8,16.18
1790989337.8484335,49.0,2.5,1600.0,0.24658203125,734.2,7328.1,0x0,9.9,307.8,16.28
1790989338.8587115,49.0,2.5,1600.0,0.2265625,740.9,7321.4,0x0,8.9,307.8,16.37
1790989339.8688748,49.6,3.0,1600.0,0.2265625,739.4,7322.9,0x0,10.9,307.8,16.48
1790989340.8792822,49.0,3.0,1600.0,0.2265625,741.3,7321.0,0x0,10.9,307.8,16.59
1790989341.8897064,48.0,3.5,1600.0,0.2265625,735.1,7327.2,0x0,9.9,307.8,16.69
1790989342.9000018,48.5,1.0,1500.0,0.2265625,737.4,7324.9,0x0,1.0,307.8,16.7
1790989343.9104583,48.5,1.7,1500.0,0.2080078125,734.8,7327.5,0x0,2.0,307.8,16.72
1790989344.9208739,48.5,1.2,1500.0,0.2080078125,733.4,7328.9,0x0,2.0,307.8,16.74
1790989345.9282842,48.5,13.4,2400.0,0.2080078125,734.5,7327.8,0x0,51.6,307.8,17.26
1790989346.9369028,51.2,10.7,2400.0,0.2080078125,734.3,7328.0,0x0,41.6,307.8,17.68
1790989347.944308,48.5,4.9,2400.0,0.2080078125,732.4,7329.9,0x0,8.9,307.8,17.77
1790989348.952948,50.1,1.7,2400.0,0.19091796875,732.5,7329.8,0x0,7.9,307.8,17.85
1790989349.95907,49.6,9.0,2400.0,0.19091796875,731.1,7331.2,0x0,32.8,307.8,18.18
1790989350.9676805,49.6,7.7,1900.0,0.19091796875,730.5,7331.8,0x0,31.7,307.8,18.5
1790989351.9748027,49.0,3.2,2400.0,0.19091796875,729.8,7332.5,0x0,11.9,307.8,18.62
1790989352.9833708,50.1,11.4,2400.0,0.19091796875,729.2,7333.1,0x0,43.6,307.8,19.06
1790989353.990621,49.6,0.0,2400.0,0.17529296875,728.7,7333.6,0x0,1.0,307.8,19.07
1790989354.9991422,50.7,14.0,2400.0,0.17529296875,728.8,7333.5,0x0,54.5,307.8,19.62
1790989356.0065815,48.5,0.0,1600.0,0.17529296875,727.9,7334.4,0x0,1.0,307.8,19.63
1790989357.0168226,49.6,0.2,1500.0,0.17529296875,729.1,7333.2,0x0,0.0,307.8,19.63
1790989358.024259,49.6,12.8,2400.0,0.17529296875,730.0,7332.3,0x0,50.6,307.8,20.14
1790989359.032846,49.6,0.0,2400.0,0.1611328125,729.5,7332.8,0x0,0.0,307.8,20.14
1790989360.0385234,50.7,11.2,2400.0,0.1611328125,726.6,7335.7,0x0,44.7,307.8,20.59
1790989361.0470858,49.6,0.2,2400.0,0.1611328125,726.7,7335.6,0x0,0.0,307.8,20.59
1790989362.0545273,50.1,11.5,2400.0,0.1611328125,726.2,7336.1,0x0,45.7,307.8,21.05
1790989363.0631588,49.6,0.2,1500.0,0.1611328125,725.8,7336.5,0x0,0.0,307.8,21.05
1790989364.0723329,49.6,1.5,1600.0,0.14794921875,726.6,7335.7,0x0,5.9,307.8,21.11
1790989365.082641,49.0,2.7,1600.0,0.14794921875,728.0,7334.4,0x0,9.9,307.8,21.21
1790989366.088927,49.0,2.5,1600.0,0.14794921875,727.5,7334.8,0x0,8.9,307.8,21.3
1790989367.099278,48.5,2.7,1600.0,0.14794921875,726.3,7336.0,0x0,9.9,307.8,21.4
1790989368.1057415,48.5,2.5,1500.0,0.14794921875,726.1,7336.2,0x0,9.9,307.8,21.5
1790989369.1163363,48.5,2.7,1600.0,0.1357421875,727.3,7335.0,0x0,11.9,307.8,21.62
1790989370.1226082,48.5,3.0,1700.0,0.1357421875,726.3,7336.0,0x0,10.9,307.8,21.73
1790989371.1325576,48.0,2.5,1600.0,0.1357421875,727.0,7335.3,0x0,11.9,307.8,21.85
1790989372.1388159,48.5,2.5,1500.0,0.1357421875,728.0,7334.4,0x0,9.9,307.8,21.95
1790989373.1492436,48.0,0.0,1500.0,0.1357421875,725.6,7336.7,0x0,1.0,307.8,21.96
1790989374.1556478,48.5,0.3,1500.0,0.12451171875,725.6,7336.8,0x0,2.0,307.8,21.98
1790989375.1660235,49.6,7.0,1800.0,0.12451171875,726.0,7336.3,0x0,28.7,307.8,22.27
1790989376.1723611,48.5,6.0,2400.0,0.12451171875,724.8,7337.5,0x0,22.9,307.8,22.5
1790989377.1809342,49.6,18.6,2400.0,0.12451171875,727.6,7334.7,0x0,71.4,307.8,23.22
1790989378.1854978,49.6,0.2,2400.0,0.12451171875,727.8,7334.5,0x0,0.0,307.8,23.22
1790989379.1940079,48.5,0.0,2400.0,0.1142578125,724.9,7337.4,0x0,1.0,307.8,23.23
1790989380.1985626,49.0,1.0,1600.0,0.1142578125,724.9,7337.4,0x0,3.0,307.8,23.26
1790989381.2089033,49.0,2.5,1500.0,0.1142578125,727.5,7334.8,0x0,7.9,307.8,23.34
1790989382.2255468,49.0,3.0,1600.0,0.1142578125,726.1,7336.2,0x0,9.8,307.8,23.44
1790989383.2358894,49.0,2.5,1600.0,0.1142578125,725.0,7337.3,0x0,10.9,307.8,23.55
1790989384.24667,47.4,2.7,1600.0,0.10498046875,727.5,7334.8,0x0,9.9,307.8,23.65
1790989385.2530048,49.0,2.5,1700.0,0.10498046875,726.8,7335.5,0x0,10.9,307.8,23.76
1790989386.2590213,49.0,3.0,1600.0,0.10498046875,726.9,7335.4,0x0,9.9,307.8,23.86
1790989387.265358,48.0,2.5,1500.0,0.10498046875,725.7,7336.6,0x0,11.9,307.8,23.98
1790989388.2721174,49.0,3.7,1600.0,0.09619140625,725.0,7337.3,0x0,11.9,307.8,24.1
1790989389.2788954,47.4,4.0,1700.0,0.09619140625,726.1,7336.2,0x0,12.9,307.8,24.23
1790989390.2848964,48.5,4.2,1600.0,0.09619140625,726.8,7335.5,0x0,12.9,307.8,24.36
1790989391.2912648,48.5,4.4,1600.0,0.09619140625,725.8,7336.5,0x0,11.9,307.8,24.48
1790989392.2975702,48.0,4.0,1600.0,0.09619140625,724.5,7337.8,0x0,12.9,307.8,24.61
1790989393.3088033,48.5,4.0,1600.0,0.08837890625,724.5,7337.8,0x0,11.9,307.8,24.73
1790989394.3151598,48.0,21.7,2400.0,0.08837890625,859.2,7203.1,0x0,12.9,442.9,25.6
1790989395.3239279,49.0,27.8,2400.0,0.08837890625,862.1,7200.2,0x0,109.0,443.6,26.7
1790989396.3286262,49.0,16.4,2400.0,0.08837890625,864.5,7197.8,0x0,63.7,453.4,27.34
1790989397.3372726,50.7,14.9,2400.0,0.08837890625,878.9,7183.5,0x0,59.5,481.1,27.94
1790989398.3433635,50.1,2.7,2400.0,0.0810546875,878.4,7183.9,0x0,9.9,481.1,28.04
1790989399.3519375,48.0,3.2,1600.0,0.0810546875,877.2,7185.1,0x0,11.9,481.1,28.16
1790989400.3603723,51.8,16.6,2400.0,0.0810546875,875.8,7186.5,0x0,63.5,482.6,28.8
1790989401.369083,50.1,3.0,2400.0,0.0810546875,878.4,7183.9,0x0,9.9,482.6,28.9
1790989402.3745914,49.6,2.5,2400.0,0.0810546875,879.1,7183.2,0x0,9.9,482.5,29.0
1790989403.3837414,50.1,2.2,2400.0,0.07421875,876.8,7185.5,0x0,8.9,482.6,29.09
1790989404.3905447,49.6,12.7,2400.0,0.07421875,878.2,7184.1,0x0,46.7,482.6,29.56
1790989405.3991048,50.7,5.0,1500.0,0.07421875,879.1,7183.2,0x0,3.0,482.6,29.59
1790989406.40546,49.0,4.2,1500.0,0.07421875,768.4,7293.9,0x0,2.0,307.8,25.82
1790989407.411874,52.4,16.8,2400.0,0.07421875,766.0,7296.3,0x0,68.6,307.8,26.51
1790989408.4204884,48.5,2.2,2400.0,0.06787109375,761.9,7300.4,0x0,6.9,308.0,26.58
1790989409.4290047,49.6,0.0,2400.0,0.06787109375,762.8,7299.5,0x0,0.0,308.0,26.58
1790989410.437476,50.7,17.2,2400.0,0.06787109375,765.8,7296.5,0x0,67.4,308.1,27.26
1790989411.4460151,50.1,0.2,2400.0,0.06787109375,764.3,7298.0,0x0,1.0,308.1,27.27
1790989412.4546201,48.5,0.0,1500.0,0.06787109375,762.5,7299.8,0x0,0.0,308.1,27.27
1790989413.4649456,49.6,1.8,1600.0,0.06201171875,761.5,7300.9,0x0,8.9,308.1,27.36
1790989414.4724278,49.6,1.3,1600.0,0.06201171875,759.3,7303.0,0x0,8.9,308.1,27.45
1790989415.4828043,49.6,2.7,1600.0,0.06201171875,757.0,7305.3,0x0,9.9,308.1,27.55
1790989416.489182,49.6,2.7,1600.0,0.06201171875,755.8,7306.5,0x0,9.9,308.1,27.65
1790989417.4995635,48.5,2.7,1600.0,0.06201171875,753.6,7308.7,0x0,10.9,308.1,27.76
1790989418.5064936,48.0,2.5,1600.0,0.056640625,752.0,7310.3,0x0,10.9,308.1,27.87
1790989419.5168924,49.0,1.0,1500.0,0.056640625,751.2,7311.1,0x0,4.0,308.1,27.91
1790989420.523367,50.1,24.7,2400.0,0.056640625,873.3,7189.0,0x0,3.0,443.9,28.89
1790989421.5321171,51.8,25.2,2400.0,0.056640625,873.6,7188.7,0x0,102.1,443.9,29.92
1790989422.5388706,48.5,8.3,2400.0,0.056640625,874.6,7187.7,0x0,33.8,453.6,30.26
1790989423.547565,50.1,13.5,2400.0,0.13232421875,891.0,7171.3,0x0,51.6,481.0,30.78
1790989424.5521638,50.1,3.0,2400.0,0.13232421875,676.8,7385.5,0x0,0.0,172.9,2.77
1790989425.5607138,50.7,0.0,1500.0,0.13232421875,675.3,7387.0,0x0,0.0,172.9,2.77
1790989426.568182,49.6,5.0,2400.0,0.13232421875,672.7,7389.6,0x0,19.9,174.3,2.97
1790989427.5735242,51.8,37.4,2400.0,0.13232421875,845.4,7216.9,0x0,36.8,406.0,4.47
1790989428.582676,51.8,25.3,2400.0,0.2021484375,843.4,7218.9,0x0,100.1,405.9,5.48
1790989429.5914183,50.1,11.9,2400.0,0.2021484375,854.6,7207.7,0x0,45.6,417.7,5.94
1790989430.598543,51.8,13.5,2400.0,0.2021484375,850.2,7212.1,0x0,53.6,418.5,6.48
1790989431.607129,51.2,1.3,2400.0,0.2021484375,846.0,7216.4,0x0,7.9,418.9,6.56
1790989432.6145542,49.6,3.3,2400.0,0.2021484375,739.8,7322.5,0x0,6.9,244.4,2.8
1790989433.6230557,51.2,1.8,2400.0,0.185546875,733.8,7328.5,0x0,6.9,244.8,2.87
1790989434.6305282,51.2,1.5,2400.0,0.185546875,729.4,7332.9,0x0,7.9,245.3,2.95
1790989435.6393023,50.7,2.0,2400.0,0.185546875,723.8,7338.5,0x0,7.9,245.7,3.03
1790989436.6466036,51.2,1.8,1600.0,0.185546875,720.6,7341.7,0x0,8.9,246.1,3.12
1790989437.6569118,50.7,3.0,1600.0,0.185546875,715.0,7347.3,0x0,12.9,248.9,3.25
1790989438.6644056,50.1,0.5,1500.0,0.17041015625,711.0,7351.3,0x0,1.0,249.1,3.26
1790989439.6748362,49.0,0.2,1500.0,0.17041015625,706.9,7355.5,0x0,2.0,249.1,3.28
1790989440.6812232,48.5,1.5,1500.0,0.17041015625,701.9,7360.4,0x0,7.0,249.4,3.35
1790989441.6886973,49.6,0.0,1500.0,0.17041015625,698.6,7363.7,0x0,1.0,249.4,3.36
1790989442.696249,49.6,2.0,1600.0,0.17041015625,694.0,7368.4,0x0,6.9,248.6,3.43
1790989443.803944,49.6,2.7,1600.0,0.2373046875,689.1,7373.2,0x0,8.1,248.8,3.52
1790989444.8110955,49.0,2.7,1600.0,0.2373046875,688.7,7373.6,0x0,9.9,248.8,3.62
1790989445.817469,48.5,2.5,1600.0,0.2373046875,686.0,7376.4,0x0,9.9,248.8,3.72
1790989446.8243773,49.0,2.7,1600.0,0.2373046875,681.7,7380.6,0x0,8.9,248.8,3.81
1790989447.8346834,48.5,2.7,1600.0,0.2373046875,680.9,7381.4,0x0,11.9,248.8,3.93
1790989448.8411748,49.0,2.5,1600.0,0.21826171875,679.8,7382.5,0x0,9.9,248.8,4.03
1790989449.8519332,49.6,3.0,1600.0,0.21826171875,677.9,7384.4,0x0,11.9,248.8,4.15
1790989450.8582816,48.5,2.8,1600.0,0.21826171875,678.0,7384.3,0x0,11.9,248.8,4.27
1790989451.8686182,49.6,3.0,1700.0,0.21826171875,679.0,7383.4,0x0,11.9,248.8,4.39
1790989452.8745966,48.0,3.5,1600.0,0.21826171875,678.0,7384.3,0x0,11.9,248.8,4.51
1790989453.8850546,49.0,3.7,1500.0,0.20068359375,675.1,7387.2,0x0,11.9,248.8,4.63
1790989454.8922484,49.0,2.2,1500.0,0.20068359375,676.6,7385.7,0x0,7.9,248.8,4.71
1790989455.9027503,49.0,0.2,1500.0,0.20068359375,673.9,7388.4,0x0,2.0,248.8,4.73
1790989456.9091575,49.0,0.0,1500.0,0.20068359375,672.4,7389.9,0x0,2.0,248.8,4.75
1790989457.919548,49.0,2.0,1500.0,0.20068359375,671.9,7390.4,0x0,5.9,248.8,4.81
1790989458.930059,49.0,1.0,1600.0,0.1845703125,672.8,7389.5,0x0,2.0,248.8,4.83
1790989459.9405005,49.0,2.5,1600.0,0.1845703125,671.0,7391.4,0x0,8.9,248.8,4.92
1790989460.9508567,49.0,2.7,1600.0,0.1845703125,670.2,7392.1,0x0,8.9,248.8,5.01
1790989461.9612575,49.0,2.7,1600.0,0.1845703125,669.7,7392.6,0x0,9.9,248.8,5.11
1790989462.9716427,48.0,2.7,1600.0,0.1845703125,670.0,7392.3,0x0,10.9,248.8,5.22
1790989463.9819865,48.0,2.7,1600.0,0.16943359375,667.9,7394.4,0x0,10.9,248.8,5.33
1790989464.9923575,49.6,2.7,1600.0,0.16943359375,667.8,7394.5,0x0,9.9,248.8,5.43
1790989466.002674,49.0,3.5,1600.0,0.16943359375,667.6,7394.7,0x0,10.9,248.9,5.54
1790989467.013803,49.6,3.9,1600.0,0.16943359375,667.3,7395.0,0x0,12.9,249.3,5.67
1790989468.0241406,49.0,4.2,1700.0,0.16943359375,668.9,7393.4,0x0,12.9,249.8,5.8
1790989469.0341213,49.6,4.0,1600.0,0.236328125,669.1,7393.2,0x0,12.9,250.1,5.93
1790989470.0443983,48.5,4.0,1600.0,0.236328125,668.1,7394.2,0x0,11.9,250.1,6.05
1790989471.0547147,47.4,1.5,1500.0,0.236328125,669.1,7393.2,0x0,4.9,250.1,6.1
1790989472.0651503,48.0,1.7,1500.0,0.236328125,671.4,7390.9,0x0,2.0,250.1,6.12
1790989473.0757363,48.5,1.7,1500.0,0.236328125,670.5,7391.9,0x0,2.0,250.1,6.14
1790989474.0861766,48.5,2.0,1500.0,0.21728515625,674.0,7388.3,0x0,2.0,250.1,6.16
1790989475.0966723,49.0,4.2,1500.0,0.21728515625,674.7,7387.6,0x0,16.8,252.5,6.33
1790989476.10904,49.0,16.0,2400.0,0.21728515625,722.5,7339.8,0x0,61.2,287.9,6.95
1790989477.117539,49.6,0.0,2400.0,0.21728515625,726.7,7335.6,0x0,0.0,287.9,6.95
1790989478.1259644,50.1,18.8,2400.0,0.21728515625,726.9,7335.4,0x0,70.4,292.7,7.66
1790989479.134482,49.6,0.2,2400.0,0.19970703125,727.1,7335.2,0x0,0.0,292.7,7.66
1790989480.1429675,49.6,0.2,2400.0,0.19970703125,726.2,7336.1,0x0,1.0,292.8,7.67
1790989481.1508636,49.0,0.8,1600.0,0.19970703125,724.0,7338.3,0x0,5.0,290.8,7.72
1790989482.1611612,49.0,1.8,1600.0,0.19970703125,724.9,7337.5,0x0,7.9,290.8,7.8
1790989483.1714265,48.0,1.5,1600.0,0.19970703125,724.1,7338.2,0x0,9.9,290.8,7.9
1790989484.1818852,49.0,2.5,1500.0,0.18359375,720.4,7341.9,0x0,9.9,290.8,8.0
1790989485.1924572,49.0,3.0,1600.0,0.18359375,719.7,7342.7,0x0,10.9,290.8,8.11
1790989486.2025547,48.5,1.7,1500.0,0.18359375,721.5,7340.8,0x0,5.9,290.8,8.17
1790989487.2125814,48.0,0.0,1500.0,0.18359375,720.7,7341.6,0x0,2.0,290.8,8.19
1790989488.222682,47.4,0.0,1500.0,0.18359375,717.4,7345.0,0x0,2.0,290.8,8.21
1790989489.2328422,49.6,0.0,1500.0,0.16845703125,718.0,7344.3,0x0,2.0,290.8,8.23
1790989490.2429476,50.7,20.2,2400.0,0.16845703125,718.8,7343.5,0x0,78.2,291.0,9.02
1790989491.2513497,49.6,0.0,2400.0,0.16845703125,717.4,7344.9,0x0,1.0,291.0,9.03
1790989492.2596889,48.5,1.0,2400.0,0.16845703125,693.0,7369.3,0x0,1.0,291.0,9.04
1790989493.268054,49.6,18.1,2400.0,0.16845703125,693.5,7368.8,0x0,69.4,292.2,9.74
1790989494.2764,50.1,0.0,2400.0,0.15478515625,693.8,7368.5,0x0,0.0,292.2,9.74
1790989495.2846515,49.0,0.0,1500.0,0.15478515625,692.2,7370.2,0x0,0.0,292.2,9.74
1790989496.2946105,49.6,2.0,1600.0,0.15478515625,689.6,7372.7,0x0,6.9,292.2,9.81
1790989497.3046286,49.6,2.5,1600.0,0.15478515625,689.1,7373.2,0x0,8.9,292.2,9.9
1790989498.314625,49.6,2.7,1500.0,0.15478515625,687.9,7374.4,0x0,9.9,292.2,10.0
1790989499.3247757,49.6,2.7,1600.0,0.22265625,687.2,7375.1,0x0,9.9,292.2,10.1
1790989500.334831,48.5,2.5,1700.0,0.22265625,685.2,7377.1,0x0,10.9,292.2,10.21
1790989501.344642,48.0,2.7,1700.0,0.22265625,685.6,7376.8,0x0,9.9,292.2,10.31
1790989502.3543746,48.5,2.5,1600.0,0.22265625,684.6,7377.7,0x0,10.9,292.2,10.42
1790989503.3644085,49.0,2.7,1600.0,0.20458984375,683.7,7378.6,0x0,11.9,292.2,10.54
1790989504.3745313,49.0,2.8,1600.0,0.20458984375,684.6,7377.7,0x0,12.9,292.2,10.67
1790989505.3845356,49.6,3.0,1700.0,0.20458984375,683.0,7379.4,0x0,12.9,292.2,10.8
1790989506.3942473,49.0,3.7,1600.0,0.20458984375,683.0,7379.3,0x0,12.9,292.2,10.93
1790989507.5054204,49.6,3.8,1600.0,0.20458984375,684.0,7378.3,0x0,11.7,292.2,11.06
1790989508.5114179,50.1,3.7,1600.0,0.18798828125,682.6,7379.8,0x0,13.9,292.2,11.2
1790989509.5174546,50.7,3.5,1600.0,0.18798828125,683.3,7379.0,0x0,11.9,292.2,11.32
1790989510.523523,48.5,4.0,1700.0,0.18798828125,684.0,7378.3,0x0,13.9,292.2,11.46
1790989511.529185,48.5,4.0,1600.0,0.18798828125,682.8,7379.5,0x0,12.9,292.2,11.59
1790989512.5352235,48.0,4.2,1500.0,0.18798828125,683.0,7379.4,0x0,13.9,292.2,11.73
1790989513.5413754,48.0,3.7,1600.0,0.1728515625,683.7,7378.7,0x0,12.9,292.2,11.86
1790989514.547554,49.0,4.0,1700.0,0.1728515625,683.0,7379.4,0x0,12.9,292.2,11.99
1790989515.5532296,49.6,4.0,1700.0,0.1728515625,682.9,7379.4,0x0,11.9,292.2,12.11
1790989516.5589056,48.5,4.2,1600.0,0.1728515625,683.4,7378.9,0x0,13.9,292.2,12.25
1790989517.5648901,49.6,3.7,1600.0,0.1728515625,683.2,7379.1,0x0,11.9,292.2,12.37
1790989518.5708818,47.4,0.5,1500.0,0.15869140625,682.7,7379.6,0x0,2.0,292.2,12.39
1790989519.5771186,48.0,0.7,1500.0,0.15869140625,683.6,7378.7,0x0,1.0,292.2,12.4
1790989520.5872416,48.5,2.2,1500.0,0.15869140625,682.9,7379.4,0x0,2.0,292.2,12.42
1790989521.5973115,49.0,2.0,1500.0,0.15869140625,682.2,7380.2,0x0,3.0,292.2,12.45
1790989522.6073625,47.4,2.7,2400.0,0.15869140625,683.8,7378.5,0x0,6.9,292.2,12.52
1790989523.6157055,49.0,0.2,2400.0,0.1455078125,686.7,7375.6,0x0,1.0,292.2,12.53
1790989524.6239798,49.6,1.7,2400.0,0.1455078125,684.8,7377.5,0x0,5.0,292.2,12.58
1790989525.6323712,49.6,2.5,2400.0,0.1455078125,685.8,7376.5,0x0,6.9,292.2,12.65
1790989526.6407938,49.6,2.5,2400.0,0.1455078125,689.8,7372.6,0x0,5.9,292.2,12.71
1790989527.6491942,48.0,2.7,1600.0,0.1455078125,688.6,7373.8,0x0,8.9,292.2,12.8
1790989528.6592555,49.6,3.0,1600.0,0.1337890625,686.5,7375.8,0x0,10.9,292.2,12.91
1790989529.6693747,48.0,3.5,1700.0,0.1337890625,686.2,7376.2,0x0,10.9,292.2,13.02
1790989530.679501,48.0,3.9,1600.0,0.1337890625,686.4,7375.9,0x0,10.9,292.2,13.13
1790989531.6895318,48.5,3.9,1700.0,0.1337890625,683.8,7378.5,0x0,10.9,292.2,13.24
1790989532.6992085,50.1,4.0,1600.0,0.1337890625,683.8,7378.5,0x0,12.9,292.2,13.37
1790989533.7092676,48.0,2.2,1500.0,0.20361328125,685.4,7377.0,0x0,7.9,292.2,13.45
1790989534.7193544,48.5,1.5,1500.0,0.20361328125,685.6,7376.8,0x0,2.0,292.2,13.47
1790989535.7254558,48.0,2.0,1500.0,0.20361328125,685.3,7377.0,0x0,2.0,292.2,13.49
1790989536.7356431,48.5,5.1,1500.0,0.20361328125,685.9,7376.4,0x0,6.9,292.2,13.56
1790989537.7416902,48.5,0.5,1500.0,0.20361328125,687.3,7375.0,0x0,0.0,292.2,13.56
1790989538.7516432,48.5,1.5,1600.0,0.18701171875,686.2,7376.1,0x0,8.9,292.2,13.65
1790989539.7576995,49.0,1.5,1600.0,0.18701171875,689.5,7372.9,0x0,8.9,292.2,13.74
1790989540.7678735,49.6,1.8,1600.0,0.18701171875,687.0,7375.3,0x0,8.9,292.2,13.83
1790989541.7738237,47.4,2.5,1600.0,0.18701171875,687.4,7374.9,0x0,10.9,292.2,13.94
1790989542.7838721,48.5,2.7,1600.0,0.18701171875,687.0,7375.3,0x0,10.9,292.2,14.05
1790989543.7898722,49.0,2.5,1600.0,0.171875,685.3,7377.0,0x0,10.9,292.2,14.16
1790989544.7998788,49.0,2.7,1700.0,0.171875,684.2,7378.2,0x0,10.9,292.2,14.27
1790989545.8096821,49.6,2.5,1600.0,0.171875,684.9,7377.5,0x0,11.9,292.2,14.39
1790989546.820707,48.5,2.8,1500.0,0.171875,684.9,7377.4,0x0,12.9,292.2,14.52
1790989547.8268805,49.6,2.8,1600.0,0.171875,684.2,7378.1,0x0,11.9,292.7,14.64
1790989548.8325682,48.5,0.5,1500.0,0.15771484375,683.3,7379.0,0x0,3.0,292.7,14.67
1790989549.8386488,49.0,0.0,1500.0,0.15771484375,683.9,7378.4,0x0,2.0,292.7,14.69
1790989550.8488452,49.0,0.5,1500.0,0.15771484375,682.9,7379.5,0x0,2.0,292.7,14.71
1790989551.8549924,47.4,2.2,1500.0,0.15771484375,683.5,7378.8,0x0,7.0,292.7,14.78
1790989552.865112,48.5,0.2,1500.0,0.15771484375,684.3,7378.0,0x0,0.0,292.7,14.78
1790989553.8711648,48.5,2.2,1600.0,0.14501953125,687.5,7374.8,0x0,8.9,292.7,14.87
1790989554.8811784,48.0,2.7,1600.0,0.14501953125,686.1,7376.2,0x0,8.9,292.7,14.96
1790989555.8872771,46.9,2.5,1600.0,0.14501953125,687.3,7375.0,0x0,8.9,292.7,15.05
1790989556.8975694,48.0,2.7,1500.0,0.14501953125,686.4,7375.9,0x0,9.9,292.7,15.15
1790989557.907791,49.0,2.7,1600.0,0.14501953125,684.9,7377.4,0x0,10.9,292.7,15.26
1790989558.917855,47.4,3.0,1700.0,0.13330078125,685.3,7377.0,0x0,12.9,292.7,15.39
1790989559.927584,48.5,2.5,1700.0,0.13330078125,683.4,7379.0,0x0,10.9,292.7,15.5
1790989560.9373598,49.0,2.3,1600.0,0.13330078125,682.4,7379.9,0x0,11.9,292.7,15.62
1790989561.9484465,47.4,3.0,1600.0,0.13330078125,682.9,7379.4,0x0,11.9,292.7,15.74
1790989562.959412,49.0,3.5,1600.0,0.13330078125,684.5,7377.8,0x0,12.9,292.7,15.87
1790989563.969468,48.5,3.5,1700.0,0.12255859375,683.8,7378.5,0x0,12.9,292.7,16.0
1790989564.979194,49.6,1.2,1500.0,0.12255859375,682.2,7380.1,0x0,4.0,292.7,16.04
1790989565.9893713,48.5,1.0,1500.0,0.12255859375,683.6,7378.7,0x0,2.0,292.7,16.06
1790989566.9995213,48.0,0.2,1500.0,0.12255859375,685.9,7376.4,0x0,1.0,292.7,16.07
1790989568.009614,49.0,11.7,2400.0,0.12255859375,687.8,7374.5,0x0,45.5,295.1,16.53
1790989569.1153114,49.6,16.1,2400.0,0.1123046875,689.0,7373.3,0x0,64.2,296.3,17.24
1790989570.1197224,50.1,0.0,2400.0,0.1123046875,690.4,7371.9,0x0,0.0,296.3,17.24
1790989571.1280055,49.6,0.0,2400.0,0.1123046875,686.3,7376.0,0x0,0.0,296.3,17.24
1790989572.1363182,49.6,1.0,2400.0,0.1123046875,686.3,7376.0,0x0,3.0,296.3,17.27
1790989573.1447434,49.0,1.5,1600.0,0.1123046875,687.0,7375.3,0x0,8.9,296.3,17.36
1790989574.1547487,49.0,2.2,1600.0,0.10302734375,684.5,7377.8,0x0,8.9,296.3,17.45
1790989575.165034,49.0,2.7,1600.0,0.10302734375,683.4,7378.9,0x0,10.9,296.3,17.56
1790989576.175107,49.0,3.0,1600.0,0.10302734375,686.0,7376.3,0x0,11.9,296.3,17.68
1790989577.1851363,48.0,2.7,1700.0,0.10302734375,686.2,7376.1,0x0,10.9,296.3,17.79
1790989578.1948724,49.0,2.7,1700.0,0.10302734375,684.5,7377.8,0x0,10.9,296.3,17.9
1790989579.2046106,49.6,2.5,1600.0,0.0947265625,685.9,7376.4,0x0,11.9,296.3,18.02
1790989580.2152405,48.5,3.5,1500.0,0.0947265625,686.0,7376.4,0x0,11.9,296.3,18.14
1790989581.225694,49.6,2.8,1600.0,0.0947265625,686.9,7375.4,0x0,12.9,296.4,18.27
1790989582.2357697,49.0,2.5,1500.0,0.0947265625,686.0,7376.3,0x0,9.9,296.4,18.37
1790989583.2459133,48.5,0.0,1500.0,0.0947265625,690.9,7371.5,0x0,2.0,296.4,18.39
1790989584.256024,48.5,0.2,1500.0,0.0869140625,692.4,7369.9,0x0,2.0,296.4,18.41
1790989585.2665117,49.0,0.2,1500.0,0.0869140625,690.6,7371.8,0x0,2.0,296.4,18.43
1790989586.2766275,50.1,19.2,2400.0,0.0869140625,690.7,7371.7,0x0,78.2,298.5,19.22
1790989587.2861483,50.1,5.2,2400.0,0.0869140625,697.7,7364.6,0x0,18.8,301.8,19.41
1790989588.2944322,48.5,0.0,2400.0,0.0869140625,697.5,7364.9,0x0,0.0,301.8,19.41
1790989589.302769,52.4,10.4,2400.0,0.07958984375,696.3,7366.0,0x0,40.7,301.8,19.82
1790989590.3115296,50.1,14.7,2400.0,0.07958984375,725.6,7336.7,0x0,57.5,321.6,20.4
1790989591.319991,48.5,0.0,1500.0,0.07958984375,725.5,7336.8,0x0,0.0,321.6,20.4
1790989592.4290855,50.1,0.2,1500.0,0.07958984375,719.7,7342.6,0x0,0.0,321.6,20.4
1790989593.4352517,49.6,0.7,1500.0,0.07275390625,722.3,7340.0,0x0,3.0,321.6,20.43
1790989594.4415429,48.0,2.7,1600.0,0.07275390625,722.2,7340.1,0x0,8.9,321.6,20.52
1790989595.4519017,48.0,3.2,1600.0,0.07275390625,716.5,7345.8,0x0,8.9,321.6,20.61
1790989596.4620385,49.0,2.2,1600.0,0.07275390625,717.0,7345.3,0x0,8.9,321.6,20.7
1790989597.4721794,49.6,3.0,1600.0,0.07275390625,717.1,7345.2,0x0,10.9,321.6,20.81
1790989598.4822319,49.0,2.5,1600.0,0.06689453125,713.0,7349.3,0x0,10.9,321.6,20.92
1790989599.492348,49.6,3.0,1600.0,0.06689453125,713.7,7348.7,0x0,10.9,321.6,21.03
1790989600.5027556,49.0,0.0,1500.0,0.06689453125,727.6,7334.8,0x0,2.0,321.6,21.05
1790989601.5130854,49.6,0.0,1500.0,0.06689453125,725.9,7336.4,0x0,2.0,321.6,21.07
1790989602.5233202,48.0,10.9,2400.0,0.06689453125,729.3,7333.0,0x0,40.6,321.6,21.48
1790989603.531809,52.4,12.5,2400.0,0.22216796875,727.1,7335.2,0x0,51.6,322.3,22.0
1790989604.543017,50.1,3.2,2400.0,0.22216796875,726.5,7335.8,0x0,8.9,322.3,22.09
1790989605.5514276,50.1,0.0,2400.0,0.22216796875,725.4,7336.9,0x0,0.0,322.3,22.09
1790989606.559807,49.0,0.7,2400.0,0.22216796875,724.7,7337.6,0x0,3.0,322.3,22.12
1790989607.568505,49.6,2.0,1600.0,0.22216796875,722.9,7339.4,0x0,7.9,322.3,22.2
1790989608.5786512,49.0,2.5,1600.0,0.2041015625,719.2,7343.2,0x0,8.9,322.3,22.29
1790989609.584854,48.5,3.2,1600.0,0.2041015625,719.8,7342.5,0x0,10.9,322.3,22.4
1790989610.5950499,50.1,2.7,1600.0,0.2041015625,718.4,7343.9,0x0,9.9,322.3,22.5
1790989611.6051435,49.6,2.7,1600.0,0.2041015625,714.6,7347.7,0x0,10.9,322.3,22.61
1790989612.6161406,49.6,3.9,1600.0,0.2041015625,715.5,7346.8,0x0,10.9,322.3,22.72
1790989613.6266246,49.6,3.5,1500.0,0.26806640625,715.3,7347.0,0x0,10.9,322.3,22.83
1790989614.6368473,49.0,0.7,1500.0,0.26806640625,717.2,7345.1,0x0,1.0,322.3,22.84
1790989615.6472118,49.6,2.0,1500.0,0.26806640625,717.1,7345.2,0x0,2.0,322.3,22.86
1790989616.6574705,48.0,2.0,1500.0,0.26806640625,716.1,7346.2,0x0,2.0,322.3,22.88
1790989617.6677263,49.0,6.0,1600.0,0.26806640625,715.2,7347.1,0x0,23.8,322.3,23.12
1790989618.678733,50.1,13.9,2400.0,0.24658203125,743.6,7318.7,0x0,52.4,340.2,23.65
1790989619.687235,49.6,0.0,2400.0,0.24658203125,748.7,7313.6,0x0,0.0,340.2,23.65
1790989620.6956515,50.1,18.2,2400.0,0.24658203125,748.2,7314.1,0x0,71.4,340.2,24.37
1790989621.7041473,50.1,0.0,2400.0,0.24658203125,747.0,7315.3,0x0,0.0,340.2,24.37
1790989622.7125413,50.7,0.5,1600.0,0.24658203125,746.2,7316.1,0x0,0.0,340.2,24.37
1790989623.7225907,49.6,3.6,1600.0,0.2265625,747.1,7315.2,0x0,5.9,340.2,24.43
1790989624.7346115,48.0,1.5,1600.0,0.2265625,748.8,7313.5,0x0,8.9,340.2,24.52
1790989625.7447252,49.6,1.8,1600.0,0.2265625,747.9,7314.4,0x0,8.9,340.2,24.61
1790989626.7549112,49.0,2.2,1600.0,0.2265625,745.1,7317.2,0x0,10.9,340.2,24.72
1790989627.7650466,48.0,2.7,1600.0,0.2265625,742.5,7319.8,0x0,9.9,340.2,24.82
1790989628.7751915,50.1,3.0,1600.0,0.2080078125,741.7,7320.6,0x0,10.9,340.2,24.93
1790989629.7853181,50.1,2.5,1600.0,0.2080078125,739.2,7323.1,0x0,11.9,340.2,25.05
1790989630.795703,49.0,3.0,1700.0,0.2080078125,736.8,7325.5,0x0,10.9,340.2,25.16
1790989631.8054442,49.0,0.5,1500.0,0.2080078125,736.4,7325.9,0x0,4.0,340.2,25.2
1790989632.8156924,49.6,0.2,1500.0,0.2080078125,735.5,7326.9,0x0,2.0,340.2,25.22
1790989633.8259015,47.4,0.0,1500.0,0.19091796875,733.5,7328.8,0x0,2.0,340.2,25.24
1790989634.8361204,49.0,0.2,1500.0,0.19091796875,734.7,7327.6,0x0,2.0,340.2,25.26
1790989635.8463178,49.0,23.9,2400.0,0.19091796875,735.0,7327.3,0x0,93.1,340.2,26.2
1790989636.854708,50.1,0.2,2400.0,0.19091796875,733.0,7329.3,0x0,0.0,340.2,26.2
1790989637.8630195,49.6,1.2,2400.0,0.19091796875,731.5,7330.8,0x0,0.0,340.2,26.2
1790989638.8713045,51.2,26.4,2400.0,0.3359375,758.2,7304.1,0x0,103.1,362.7,27.24
1790989639.8797095,50.7,0.0,2400.0,0.3359375,759.8,7302.5,0x0,1.0,362.7,27.25
1790989640.8879693,50.1,0.2,1500.0,0.3359375,758.2,7304.1,0x0,0.0,362.7,27.25
1790989641.996332,48.5,0.2,1500.0,0.3359375,757.7,7304.6,0x0,0.9,362.6,27.26
1790989643.0023592,49.0,1.2,1600.0,0.3359375,758.7,7303.7,0x0,4.0,362.6,27.3
1790989644.0086205,49.6,2.5,1600.0,0.30859375,754.2,7308.1,0x0,9.9,362.6,27.4
1790989645.0190935,50.1,2.7,1600.0,0.30859375,755.0,7307.4,0x0,8.9,362.6,27.49
1790989646.0294564,48.5,2.7,1600.0,0.30859375,755.9,7306.4,0x0,9.9,362.6,27.59
1790989647.0355763,48.5,2.8,1600.0,0.30859375,753.8,7308.5,0x0,10.9,362.6,27.7
1790989648.045741,49.6,2.2,1600.0,0.30859375,753.5,7308.8,0x0,9.9,362.6,27.8
1790989649.0514107,49.6,3.2,1500.0,0.28369140625,753.5,7308.8,0x0,11.9,362.6,27.92
1790989650.0618026,49.0,2.5,1600.0,0.28369140625,751.1,7311.2,0x0,10.9,362.6,28.03
1790989651.0720804,49.0,2.5,1600.0,0.28369140625,751.5,7310.8,0x0,11.9,362.7,28.15
1790989652.0821352,48.5,1.0,1500.0,0.28369140625,752.2,7310.1,0x0,1.0,362.6,28.16
1790989653.0923698,49.6,1.5,1500.0,0.28369140625,751.3,7311.0,0x0,2.0,362.6,28.18
1790989654.1026013,49.0,0.0,1500.0,0.2607421875,751.0,7311.3,0x0,2.0,362.6,28.2
1790989655.112895,51.8,5.7,1800.0,0.2607421875,752.0,7310.4,0x0,24.7,362.6,28.45
1790989656.123388,50.1,11.9,2400.0,0.2607421875,755.5,7306.8,0x0,43.5,362.7,28.89
1790989657.131832,51.8,4.2,2400.0,0.2607421875,755.5,7306.8,0x0,18.8,362.6,29.08
1790989658.1411219,50.7,11.0,2400.0,0.2607421875,754.8,7307.5,0x0,42.6,362.8,29.51
1790989659.1495826,50.1,0.5,2400.0,0.23974609375,755.1,7307.2,0x0,0.0,362.8,29.51
1790989660.1580489,50.1,0.5,2400.0,0.23974609375,758.1,7304.2,0x0,2.0,362.8,29.53
1790989661.1691437,50.1,2.5,1600.0,0.23974609375,758.0,7304.3,0x0,9.9,362.8,29.63
1790989662.1794524,49.0,2.7,1600.0,0.23974609375,756.6,7305.7,0x0,8.9,362.8,29.72
1790989663.1898038,49.0,2.7,1600.0,0.23974609375,755.7,7306.6,0x0,9.9,362.8,29.82
1790989664.1999276,50.7,2.7,1600.0,0.22021484375,755.6,7306.7,0x0,9.9,362.8,29.92
1790989665.2101479,49.6,2.5,1600.0,0.22021484375,755.5,7306.8,0x0,10.9,362.8,30.03
1790989666.2203002,50.7,3.0,1600.0,0.22021484375,755.8,7306.6,0x0,11.9,362.8,30.15
1790989667.2322338,49.6,3.5,1600.0,0.22021484375,756.0,7306.3,0x0,11.9,362.8,30.27
1790989668.2384424,50.1,4.0,1600.0,0.22021484375,755.3,7307.0,0x0,10.9,362.8,30.38
1790989669.2445438,48.5,2.7,1500.0,0.2021484375,754.4,7307.9,0x0,8.9,362.8,30.47
1790989670.2507339,48.5,1.2,1500.0,0.2021484375,754.7,7307.7,0x0,1.0,362.8,30.48
1790989671.2609646,49.0,2.0,1500.0,0.2021484375,755.8,7306.5,0x0,3.0,362.8,30.51
1790989672.2711108,48.5,1.7,1500.0,0.2021484375,754.1,7308.2,0x0,2.0,362.8,30.53
1790989673.281233,50.7,2.2,1900.0,0.2021484375,755.2,7307.1,0x0,6.9,362.8,30.6
1790989674.2904336,49.6,0.5,1500.0,0.185546875,754.8,7307.5,0x0,0.0,362.8,30.6
1790989675.300418,49.6,1.7,1600.0,0.185546875,752.7,7309.6,0x0,6.9,362.8,30.67
1790989676.3104255,49.0,2.7,1600.0,0.185546875,752.2,7310.1,0x0,8.9,362.8,30.76
1790989677.3204377,49.0,3.0,1600.0,0.185546875,752.0,7310.3,0x0,9.9,362.8,30.86
1790989678.33049,48.5,2.7,1600.0,0.185546875,751.4,7310.9,0x0,10.9,362.8,30.97
1790989679.3406198,48.5,3.7,1600.0,0.17041015625,751.6,7310.7,0x0,9.9,362.8,31.07
1790989680.3506482,49.6,4.6,1700.0,0.17041015625,751.0,7311.3,0x0,10.9,362.8,31.18
1790989681.3603857,49.6,3.9,1600.0,0.17041015625,751.0,7311.3,0x0,11.9,362.8,31.3
1790989682.3703232,48.0,2.8,1500.0,0.17041015625,750.5,7311.8,0x0,11.9,362.8,31.42
1790989683.3804433,49.0,2.8,1600.0,0.17041015625,750.8,7311.6,0x0,12.9,362.8,31.55
1790989684.3904624,48.0,2.5,1700.0,0.2373046875,751.5,7310.9,0x0,11.9,362.8,31.67
1790989685.4001856,48.5,2.8,1700.0,0.2373046875,754.0,7308.3,0x0,12.9,362.8,31.8
1790989686.4130507,49.0,1.5,1500.0,0.2373046875,755.5,7306.9,0x0,8.9,362.8,31.89
1790989687.4191236,49.0,0.5,1500.0,0.2373046875,754.5,7307.8,0x0,1.0,362.8,31.9
1790989688.4292996,49.0,0.2,1500.0,0.2373046875,753.2,7309.1,0x0,3.0,362.8,31.93
1790989689.5371542,48.0,0.2,1500.0,0.298828125,752.2,7310.1,0x0,1.8,362.8,31.95
1790989690.5431626,50.7,19.0,2400.0,0.298828125,753.4,7308.9,0x0,74.6,363.2,32.7
1790989691.5475004,50.1,0.2,2400.0,0.298828125,753.5,7308.8,0x0,0.0,363.2,32.7
1790989692.5518444,52.4,16.8,2400.0,0.298828125,758.9,7303.4,0x0,66.7,363.2,33.37
1790989693.5561996,50.7,0.0,2400.0,0.2744140625,757.8,7304.6,0x0,1.0,363.2,33.38
1790989694.560521,50.1,0.2,2400.0,0.2744140625,758.9,7303.4,0x0,0.0,363.2,33.38
1790989695.564798,50.1,1.5,1600.0,0.2744140625,757.3,7305.0,0x0,4.0,363.2,33.42
1790989696.5707712,49.6,2.7,1600.0,0.2744140625,755.9,7306.4,0x0,9.9,363.2,33.52
1790989697.5768623,48.5,2.5,1600.0,0.2744140625,755.0,7307.3,0x0,8.9,363.2,33.61
1790989698.5868306,49.0,2.7,1600.0,0.251953125,755.5,7306.8,0x0,9.9,363.2,33.71
1790989699.5968597,49.0,2.5,1500.0,0.251953125,755.9,7306.4,0x0,9.9,363.2,33.81
1790989700.606905,49.6,3.0,1600.0,0.251953125,755.2,7307.1,0x0,11.9,363.2,33.93
1790989701.6168504,49.0,2.7,1700.0,0.251953125,752.8,7309.5,0x0,10.9,363.2,34.04
1790989702.62653,49.6,2.7,1700.0,0.251953125,752.3,7310.0,0x0,10.9,363.2,34.15
1790989703.6361635,50.1,29.2,2400.0,0.31201171875,886.5,7175.8,0x0,10.9,499.0,35.33
1790989704.644737,54.0,27.7,2400.0,0.31201171875,892.0,7170.3,0x0,110.1,499.0,36.44
1790989705.6533751,51.2,11.5,2400.0,0.31201171875,892.7,7169.6,0x0,44.6,517.4,36.89
1790989706.6631181,50.1,11.0,2400.0,0.31201171875,912.0,7150.3,0x0,42.6,535.2,37.32
1790989707.6717381,51.2,2.7,2400.0,0.31201171875,912.7,7149.6,0x0,8.9,535.2,37.41
1790989708.680338,50.7,3.7,1700.0,0.28662109375,913.6,7148.7,0x0,11.9,535.2,37.53
1790989709.691542,51.2,18.2,2400.0,0.28662109375,917.1,7145.2,0x0,68.2,537.5,38.22
1790989710.700186,50.1,3.9,2400.0,0.28662109375,918.1,7144.2,0x0,9.9,537.5,38.32
1790989711.7088003,50.7,2.7,2400.0,0.28662109375,916.8,7145.6,0x0,10.9,537.5,38.43
1790989712.71738,53.5,14.5,2400.0,0.28662109375,915.1,7147.2,0x0,57.5,537.7,39.01
1790989713.726044,50.7,3.0,2400.0,0.26318359375,914.5,7147.8,0x0,11.9,537.7,39.13
1790989714.7348514,51.2,5.2,2400.0,0.26318359375,809.2,7253.1,0x0,9.9,363.2,35.43
1790989715.7433672,51.2,2.7,2400.0,0.26318359375,808.7,7253.6,0x0,10.9,363.2,35.54
1790989716.7518337,51.2,2.5,2400.0,0.26318359375,805.5,7256.8,0x0,10.9,363.2,35.65
1790989717.8595417,51.8,2.5,2400.0,0.26318359375,799.2,7263.1,0x0,9.0,363.2,35.75
1790989718.8640277,50.7,2.8,2400.0,0.24169921875,794.5,7267.8,0x0,10.0,363.2,35.85
1790989719.8685374,51.2,3.2,1700.0,0.24169921875,783.4,7278.9,0x0,12.9,363.2,35.98
1790989720.8743908,49.6,3.7,1700.0,0.24169921875,777.1,7285.2,0x0,11.9,363.2,36.1
1790989721.8800886,50.1,3.7,1600.0,0.24169921875,775.0,7287.4,0x0,12.9,363.2,36.23
1790989722.8861601,51.2,4.0,1600.0,0.24169921875,772.1,7290.2,0x0,12.9,363.2,36.36
1790989723.8921628,50.7,4.2,1600.0,0.22216796875,769.9,7292.4,0x0,13.9,363.2,36.5
1790989724.8981955,49.6,4.5,1700.0,0.22216796875,766.8,7295.5,0x0,13.9,363.2,36.64
1790989725.9040906,50.7,3.5,1700.0,0.22216796875,765.7,7296.7,0x0,11.9,363.2,36.76
1790989726.9098814,50.7,3.7,1600.0,0.22216796875,763.1,7299.2,0x0,12.9,363.2,36.89
1790989727.916056,51.2,4.0,1600.0,0.22216796875,761.3,7301.0,0x0,13.9,363.2,37.03
1790989728.922168,49.6,4.2,1600.0,0.28466796875,760.4,7301.9,0x0,12.9,363.2,37.16
1790989729.928301,50.7,3.7,1700.0,0.28466796875,760.1,7302.2,0x0,12.9,363.2,37.29
1790989730.934882,50.1,4.0,1700.0,0.28466796875,759.8,7302.5,0x0,13.9,363.2,37.43
1790989731.9405274,49.0,1.5,1500.0,0.28466796875,759.2,7303.1,0x0,3.0,363.2,37.46
1790989732.9466794,50.1,1.7,1500.0,0.28466796875,758.7,7303.6,0x0,2.0,363.2,37.48
1790989733.9567182,50.1,1.7,1500.0,0.26171875,757.3,7305.0,0x0,2.0,363.2,37.5
1790989734.9667745,49.0,2.0,1500.0,0.26171875,756.6,7305.8,0x0,2.0,363.2,37.52
1790989735.9768498,50.1,1.7,1500.0,0.26171875,757.5,7304.8,0x0,6.9,363.2,37.59
1790989736.986911,49.6,1.0,1600.0,0.26171875,757.3,7305.0,0x0,2.0,363.2,37.61
1790989737.9969115,50.1,3.2,1600.0,0.26171875,755.3,7307.0,0x0,8.9,363.2,37.7
1790989739.0069003,50.1,3.0,1600.0,0.24072265625,756.1,7306.2,0x0,8.9,363.2,37.79
1790989740.0170248,49.6,1.8,1600.0,0.24072265625,757.9,7304.5,0x0,9.9,363.2,37.89
1790989741.0271719,50.1,2.7,1500.0,0.24072265625,756.6,7305.7,0x0,9.9,363.2,37.99
1790989742.0374644,50.1,3.0,1600.0,0.24072265625,755.8,7306.5,0x0,10.9,363.2,38.1
1790989743.047455,50.1,2.5,1700.0,0.24072265625,756.2,7306.1,0x0,11.9,363.2,38.22
1790989744.057121,50.1,2.5,1600.0,0.22119140625,754.7,7307.6,0x0,10.9,363.2,38.33
1790989745.0671942,50.1,3.0,1600.0,0.22119140625,754.2,7308.1,0x0,12.9,363.2,38.46
1790989746.077174,50.7,2.5,1600.0,0.22119140625,754.1,7308.2,0x0,12.9,363.2,38.59
1790989747.0873442,50.1,2.8,1600.0,0.22119140625,751.5,7310.8,0x0,11.9,363.2,38.71
1790989748.097774,50.1,2.2,1500.0,0.22119140625,752.5,7309.9,0x0,10.9,363.2,38.82
1790989749.2074888,49.6,0.2,1500.0,0.203125,752.9,7309.4,0x0,0.9,363.2,38.83
1790989750.2135913,49.6,0.0,1500.0,0.203125,750.9,7311.4,0x0,3.0,363.2,38.86
1790989751.219693,50.1,0.3,1500.0,0.203125,751.7,7310.6,0x0,2.0,363.2,38.88
1790989752.2257338,52.4,22.7,2400.0,0.203125,756.1,7306.2,0x0,87.5,363.2,39.76
1790989753.2301426,51.2,0.2,2400.0,0.203125,757.3,7305.0,0x0,1.0,363.2,39.77
1790989754.2384512,50.7,1.7,2400.0,0.1865234375,758.0,7304.3,0x0,0.0,363.2,39.77
1790989755.246774,53.5,24.8,2400.0,0.1865234375,758.7,7303.6,0x0,97.2,363.2,40.75
1790989756.3553405,51.2,0.0,2400.0,0.1865234375,759.9,7302.5,0x0,0.0,363.2,40.75
1790989757.3596194,50.1,0.2,1500.0,0.1865234375,757.8,7304.6,0x0,1.0,363.2,40.76
1790989758.3655553,50.1,0.0,1500.0,0.1865234375,755.9,7306.5,0x0,0.0,363.2,40.76
1790989759.3756053,50.7,1.7,1600.0,0.17138671875,756.6,7305.8,0x0,5.0,363.2,40.81
1790989760.3856058,50.1,2.5,1600.0,0.17138671875,756.8,7305.5,0x0,7.9,363.2,40.89
1790989761.3956304,50.1,2.5,1600.0,0.17138671875,754.7,7307.7,0x0,9.9,363.2,40.99
1790989762.40568,49.6,3.0,1500.0,0.17138671875,754.2,7308.1,0x0,10.9,363.2,41.1
1790989763.4157772,50.7,2.7,1600.0,0.17138671875,754.8,7307.6,0x0,9.9,363.2,41.2
1790989764.4259045,50.1,1.2,1500.0,0.1572265625,755.2,7307.1,0x0,4.9,363.2,41.25
1790989765.435947,49.6,0.2,1500.0,0.1572265625,755.0,7307.3,0x0,2.0,363.2,41.27
1790989766.4420168,49.6,0.0,1500.0,0.1572265625,753.6,7308.7,0x0,2.0,363.2,41.29
1790989767.4521823,50.1,0.0,1500.0,0.1572265625,752.8,7309.5,0x0,2.0,363.2,41.31
1790989768.4583006,52.4,18.5,2400.0,0.1572265625,753.7,7308.6,0x0,71.6,363.2,42.03
1790989769.4680364,49.6,1.0,2400.0,0.14453125,754.3,7308.0,0x0,2.0,363.2,42.05
1790989770.4763453,50.7,1.5,2400.0,0.14453125,754.3,7308.0,0x0,6.9,363.2,42.12
1790989771.4851713,51.2,16.0,2400.0,0.14453125,756.6,7305.7,0x0,62.4,363.2,42.75
1790989772.4935012,50.7,0.5,2400.0,0.14453125,756.6,7305.8,0x0,0.0,363.2,42.75
1790989773.5018003,50.7,0.0,1500.0,0.14453125,753.0,7309.3,0x0,1.0,363.2,42.76
1790989774.5118449,50.1,2.5,1600.0,0.1328125,754.4,7307.9,0x0,7.9,363.2,42.84
1790989775.5222127,50.1,2.5,1600.0,0.1328125,756.0,7306.3,0x0,8.9,363.2,42.93
1790989776.5322163,50.7,2.7,1600.0,0.1328125,752.6,7309.7,0x0,9.9,363.2,43.03
1790989777.5422385,50.1,3.0,1600.0,0.1328125,754.2,7308.1,0x0,9.9,363.2,43.13
1790989778.5522366,50.7,2.5,1600.0,0.1328125,754.5,7307.8,0x0,11.9,363.2,43.25
1790989779.5623205,50.7,3.0,1600.0,0.20263671875,752.8,7309.5,0x0,10.9,363.2,43.36
1790989780.5723255,49.0,3.0,1700.0,0.20263671875,750.5,7311.8,0x0,10.9,363.2,43.47
1790989781.5820003,49.0,3.7,1700.0,0.20263671875,751.9,7310.4,0x0,11.9,363.2,43.59
1790989782.5916502,49.0,4.7,1600.0,0.20263671875,750.8,7311.5,0x0,12.9,363.2,43.72
1790989783.6019766,48.5,3.2,1500.0,0.18603515625,749.7,7312.6,0x0,8.9,363.2,43.81
1790989784.612053,49.6,1.2,1500.0,0.18603515625,753.9,7308.4,0x0,2.0,363.2,43.83
1790989785.6221356,50.1,1.7,1500.0,0.18603515625,754.9,7307.5,0x0,2.0,363.2,43.85
1790989786.632251,50.1,1.5,1500.0,0.18603515625,753.2,7309.1,0x0,2.0,363.2,43.87
1790989787.642287,50.1,18.9,2400.0,0.18603515625,752.8,7309.6,0x0,73.3,363.2,44.61
1790989788.650659,50.1,0.0,2400.0,0.1708984375,757.4,7304.9,0x0,1.0,363.2,44.62
1790989789.6589868,52.4,7.5,2400.0,0.1708984375,756.7,7305.6,0x0,29.8,363.2,44.92
1790989790.6678703,50.1,11.2,2400.0,0.1708984375,756.5,7305.8,0x0,43.6,363.2,45.36
1790989791.6762064,51.2,0.0,2400.0,0.1708984375,756.3,7306.0,0x0,0.0,363.2,45.36
1790989792.6845038,51.2,0.0,1500.0,0.1708984375,755.4,7306.9,0x0,0.0,363.2,45.36
1790989793.6945055,50.1,2.7,1600.0,0.15673828125,754.1,7308.2,0x0,8.9,363.2,45.45
1790989794.7005408,50.7,2.5,1600.0,0.15673828125,755.2,7307.1,0x0,8.9,363.2,45.54
1790989795.7106516,50.7,3.4,1600.0,0.15673828125,753.8,7308.5,0x0,8.9,363.2,45.63
1790989796.7206016,51.8,3.7,1500.0,0.15673828125,753.3,7309.0,0x0,10.9,363.2,45.74
1790989797.7308917,50.7,2.7,1600.0,0.15673828125,752.6,7309.7,0x0,10.9,363.2,45.85
1790989798.7410781,48.5,1.5,1500.0,0.14404296875,752.1,7310.2,0x0,5.9,363.2,45.91
1790989799.7511249,50.1,0.2,1500.0,0.14404296875,753.2,7309.1,0x0,2.0,363.2,45.93
1790989800.7612877,49.6,0.0,1500.0,0.14404296875,754.6,7307.7,0x0,1.0,363.2,45.94
1790989801.7713797,50.1,1.5,1500.0,0.14404296875,752.7,7309.6,0x0,5.9,363.2,46.0
1790989802.781508,50.1,1.0,1600.0,0.14404296875,752.0,7310.3,0x0,4.9,363.2,46.05
1790989803.7915633,50.1,1.5,1500.0,0.212890625,752.3,7310.0,0x0,9.9,363.2,46.15
1790989804.8019736,49.6,2.2,1600.0,0.212890625,753.6,7308.7,0x0,8.9,363.2,46.24
1790989805.8120522,49.6,3.0,1600.0,0.212890625,752.2,7310.1,0x0,9.9,363.2,46.34
1790989806.8221304,48.5,2.2,1600.0,0.212890625,751.8,7310.5,0x0,9.9,363.2,46.44
1790989807.8321738,50.1,2.7,1600.0,0.212890625,752.8,7309.5,0x0,11.9,363.2,46.56
1790989808.8422446,50.7,2.8,1600.0,0.19580078125,752.4,7310.0,0x0,10.9,363.2,46.67
1790989809.852407,50.1,2.7,1600.0,0.19580078125,751.2,7311.1,0x0,12.9,363.2,46.8
1790989810.862616,50.1,2.8,1600.0,0.19580078125,750.2,7312.1,0x0,10.9,363.2,46.91
1790989811.8683696,50.1,3.0,1600.0,0.19580078125,750.0,7312.4,0x0,11.9,363.2,47.03
1790989812.8743837,49.6,3.0,1600.0,0.19580078125,752.8,7309.5,0x0,13.9,363.2,47.17
1790989813.8804092,49.6,2.8,1600.0,0.1796875,751.1,7311.2,0x0,13.9,363.2,47.31
1790989814.8866613,50.1,1.0,1500.0,0.1796875,750.2,7312.1,0x0,4.0,363.2,47.35
1790989815.89289,50.7,0.3,1500.0,0.1796875,752.7,7309.6,0x0,3.0,363.2,47.38
1790989816.9030128,49.6,0.5,1500.0,0.1796875,751.5,7310.8,0x0,2.0,363.2,47.4
1790989817.913104,49.6,0.0,1500.0,0.1796875,752.9,7309.4,0x0,2.0,363.2,47.42
1790989818.9231663,51.2,17.5,2400.0,0.32568359375,755.5,7306.8,0x0,69.3,363.2,48.12
1790989819.9336395,51.2,5.5,2400.0,0.32568359375,768.7,7293.6,0x0,0.0,397.5,48.36
1790989820.9470482,55.1,46.9,2400.0,0.32568359375,891.8,7170.5,0x0,183.5,499.0,50.22
1790989821.9572072,52.4,25.5,2400.0,0.32568359375,802.8,7259.5,0x0,2.0,363.2,48.88
1790989822.965555,51.8,0.5,2400.0,0.32568359375,802.7,7259.7,0x0,1.0,363.2,48.89
1790989823.9738274,51.2,0.7,1600.0,0.29931640625,799.9,7262.5,0x0,2.0,363.2,48.91
1790989824.9837422,50.7,2.5,1600.0,0.29931640625,798.1,7264.2,0x0,8.9,363.2,49.0
1790989825.9937294,50.1,4.2,1600.0,0.29931640625,796.8,7265.5,0x0,8.9,363.2,49.09
1790989827.0037673,51.8,2.5,1600.0,0.29931640625,793.7,7268.6,0x0,8.9,363.2,49.18
1790989828.0137002,49.6,2.7,1600.0,0.29931640625,791.2,7271.1,0x0,10.9,363.2,49.29
1790989829.0236251,49.6,2.7,1500.0,0.35546875,790.3,7272.0,0x0,10.9,363.2,49.4
1790989830.0336223,49.6,2.7,1600.0,0.35546875,788.3,7274.0,0x0,11.9,363.2,49.52
1790989831.043554,49.6,2.7,1600.0,0.35546875,787.6,7274.7,0x0,10.9,363.2,49.63
1790989832.0535378,49.6,3.2,1700.0,0.35546875,787.2,7275.2,0x0,11.9,363.2,49.75
1790989833.0633733,49.6,3.7,1600.0,0.35546875,779.6,7282.7,0x0,11.9,363.2,49.87
1790989834.073624,50.1,4.2,1500.0,0.32666015625,780.1,7282.2,0x0,12.9,363.2,50.0
1790989835.083714,50.1,4.0,1600.0,0.32666015625,782.0,7280.3,0x0,13.9,363.2,50.14
1790989836.0911667,50.7,3.7,1700.0,0.32666015625,776.5,7285.8,0x0,11.9,363.2,50.26
1790989837.0972402,50.1,3.5,1500.0,0.32666015625,774.4,7287.9,0x0,12.9,363.2,50.39
1790989838.1046078,50.7,4.0,1600.0,0.32666015625,777.8,7284.5,0x0,13.9,363.2,50.53
1790989839.110653,50.1,4.2,1700.0,0.30029296875,775.5,7286.8,0x0,12.9,363.2,50.66
1790989840.1164107,50.7,4.5,1600.0,0.30029296875,774.4,7287.9,0x0,13.9,363.2,50.8
1790989841.122548,50.1,3.7,1600.0,0.30029296875,773.9,7288.4,0x0,12.9,363.2,50.93
1790989842.128658,50.1,3.7,1600.0,0.30029296875,771.3,7291.0,0x0,11.9,363.2,51.05
1790989843.1347697,50.1,4.0,1600.0,0.30029296875,769.9,7292.4,0x0,13.9,363.2,51.19
1790989844.1408565,49.0,2.5,1500.0,0.27587890625,770.2,7292.1,0x0,8.0,363.2,51.27
1790989845.1469402,50.1,1.5,1500.0,0.27587890625,770.2,7292.1,0x0,2.0,363.2,51.29
1790989846.1570935,49.0,2.0,1500.0,0.27587890625,769.5,7292.8,0x0,2.0,363.2,51.31
1790989847.1674685,50.1,2.0,1500.0,0.27587890625,767.3,7295.0,0x0,2.0,363.2,51.33
1790989848.1776283,48.0,1.7,1500.0,0.27587890625,765.5,7296.9,0x0,2.0,363.2,51.35
1790989849.1877308,48.5,1.0,1500.0,0.25341796875,763.3,7299.0,0x0,1.0,363.2,51.36
1790989850.1978178,51.2,2.2,2400.0,0.25341796875,763.0,7299.3,0x0,7.9,363.2,51.44
1790989851.2061698,50.7,1.5,2400.0,0.25341796875,761.3,7301.0,0x0,4.0,363.2,51.48
1790989852.2146285,49.6,2.5,2400.0,0.25341796875,760.9,7301.4,0x0,5.9,363.2,51.54
1790989853.223291,50.7,2.5,2400.0,0.25341796875,761.6,7300.7,0x0,6.9,363.2,51.61
1790989854.2317398,51.2,3.2,2400.0,0.3134765625,758.9,7303.4,0x0,6.9,363.2,51.68
1790989855.2401536,50.1,3.5,1600.0,0.3134765625,757.5,7304.9,0x0,9.9,363.2,51.78
1790989856.250197,50.7,3.2,1600.0,0.3134765625,756.5,7305.8,0x0,11.9,363.2,51.9
1790989857.2602143,49.6,2.5,1600.0,0.3134765625,756.1,7306.2,0x0,10.9,363.2,52.01
1790989858.2707524,49.0,2.5,1600.0,0.3134765625,754.5,7307.8,0x0,11.9,363.2,52.13
1790989859.2814903,50.1,3.0,1600.0,0.2880859375,753.8,7308.6,0x0,12.9,363.2,52.26
1790989860.2907627,50.7,2.5,1600.0,0.2880859375,754.0,7308.3,0x0,11.9,363.2,52.38
1790989861.29676,50.7,2.8,1600.0,0.2880859375,752.0,7310.3,0x0,12.9,363.2,52.51
1790989862.3027914,49.6,2.8,1600.0,0.2880859375,752.9,7309.4,0x0,13.9,363.2,52.65
1790989863.3090131,49.0,2.8,1700.0,0.2880859375,756.5,7305.8,0x0,11.9,363.2,52.77
1790989864.3146842,49.6,0.5,1500.0,0.2646484375,756.1,7306.2,0x0,5.0,363.2,52.82
1790989865.320872,49.6,0.0,1500.0,0.2646484375,754.4,7307.9,0x0,2.0,363.2,52.84
1790989866.3309996,50.1,0.2,1500.0,0.2646484375,754.0,7308.3,0x0,2.0,363.2,52.86
1790989867.4404154,48.5,0.2,1500.0,0.2646484375,754.0,7308.3,0x0,1.8,363.2,52.88
1790989868.4465268,49.6,5.3,1500.0,0.2646484375,753.9,7308.4,0x0,7.0,363.2,52.95
1790989869.4526083,50.1,2.9,1500.0,0.2431640625,755.6,7306.7,0x0,1.0,363.2,52.96
1790989870.4630287,49.6,2.0,1600.0,0.2431640625,755.1,7307.2,0x0,6.9,363.2,53.03
1790989871.4731,50.1,2.7,1600.0,0.2431640625,752.8,7309.5,0x0,8.9,363.2,53.12
1790989872.4833488,50.1,2.7,1600.0,0.2431640625,752.8,7309.5,0x0,10.9,363.2,53.23
1790989873.5910494,50.7,2.7,1600.0,0.2431640625,753.0,7309.3,0x0,9.0,363.2,53.33
1790989874.5970478,48.5,2.7,1600.0,0.2236328125,752.1,7310.2,0x0,10.9,363.2,53.44
1790989875.603736,50.1,3.0,1600.0,0.2236328125,751.4,7310.9,0x0,10.9,363.2,53.55
1790989876.6097267,50.1,2.5,1600.0,0.2236328125,751.8,7310.5,0x0,10.9,363.2,53.66
1790989877.6157746,50.1,2.8,1600.0,0.2236328125,751.6,7310.7,0x0,11.9,363.2,53.78
1790989878.6217747,50.1,3.0,1600.0,0.2236328125,750.8,7311.5,0x0,12.9,363.2,53.91
1790989879.6286685,50.1,3.0,1600.0,0.20556640625,750.9,7311.5,0x0,12.9,363.2,54.04
1790989880.634656,51.8,3.7,1600.0,0.20556640625,751.1,7311.2,0x0,12.9,363.2,54.17
1790989881.6406121,50.7,3.7,1700.0,0.20556640625,750.2,7312.1,0x0,12.9,363.2,54.3
1790989882.6462948,49.0,3.5,1600.0,0.20556640625,750.6,7311.7,0x0,13.9,363.2,54.44
1790989883.652424,50.7,3.5,1500.0,0.20556640625,751.1,7311.2,0x0,8.0,363.2,54.52
1790989884.6584659,49.6,0.2,1500.0,0.18896484375,750.8,7311.6,0x0,2.0,363.2,54.54
1790989885.668502,49.6,0.2,1500.0,0.18896484375,751.7,7310.6,0x0,2.0,363.2,54.56
1790989886.6785877,49.6,0.2,1500.0,0.18896484375,750.5,7311.8,0x0,2.0,363.2,54.58
1790989887.6886382,48.0,0.2,1500.0,0.18896484375,750.1,7312.2,0x0,2.0,363.2,54.6
1790989888.6987672,49.0,1.7,1500.0,0.173828125,752.5,7309.8,0x0,7.9,363.2,54.68
1790989889.7087848,49.6,1.0,1500.0,0.173828125,755.3,7307.0,0x0,3.0,363.2,54.71
1790989890.7188778,50.1,2.7,1600.0,0.173828125,753.6,7308.7,0x0,8.9,363.2,54.8
1790989891.728877,50.1,2.7,1600.0,0.173828125,752.8,7309.6,0x0,9.9,363.2,54.9
1790989892.7396612,49.6,2.5,1600.0,0.173828125,753.7,7308.6,0x0,9.9,363.2,55.0
1790989893.7497668,50.1,2.7,1600.0,0.15966796875,756.5,7305.8,0x0,10.9,363.2,55.11
1790989894.7557876,50.7,2.7,1600.0,0.15966796875,756.1,7306.2,0x0,10.9,363.2,55.22
1790989895.7663221,50.1,3.0,1600.0,0.15966796875,755.5,7306.8,0x0,10.9,363.2,55.33
1790989896.7723782,50.1,4.0,1700.0,0.15966796875,753.8,7308.5,0x0,11.9,363.2,55.45
1790989897.782033,49.0,4.2,1600.0,0.15966796875,753.4,7308.9,0x0,11.9,363.2,55.57
1790989898.7880244,49.6,4.0,1700.0,0.146484375,753.2,7309.1,0x0,12.9,363.2,55.7
1790989899.7977839,50.1,3.7,1600.0,0.146484375,752.2,7310.1,0x0,11.9,363.2,55.82
1790989900.8047724,50.7,4.0,1600.0,0.146484375,752.9,7309.4,0x0,13.9,363.2,55.96
1790989901.8147936,50.1,4.4,1600.0,0.146484375,753.0,7309.3,0x0,13.9,363.2,56.1
1790989902.8229265,48.5,3.5,1700.0,0.146484375,751.1,7311.2,0x0,11.9,363.2,56.22
1790989903.8314667,49.6,4.2,1700.0,0.13427734375,755.1,7307.2,0x0,13.9,363.2,56.36
1790989904.8380923,50.1,3.7,1600.0,0.13427734375,755.5,7306.8,0x0,12.9,363.2,56.49
1790989905.8486109,48.5,4.0,1600.0,0.13427734375,755.1,7307.2,0x0,12.9,363.2,56.62
1790989906.8546047,50.1,4.2,1700.0,0.13427734375,754.6,7307.7,0x0,13.9,363.2,56.76
1790989907.864222,49.6,3.7,1600.0,0.13427734375,753.7,7308.6,0x0,12.9,363.2,56.89
1790989908.870149,49.6,3.7,1600.0,0.123046875,754.0,7308.3,0x0,12.9,363.2,57.02
1790989909.8802314,50.1,4.0,1600.0,0.123046875,751.4,7310.9,0x0,13.9,363.2,57.16
1790989910.887281,49.0,4.2,1600.0,0.123046875,752.6,7309.8,0x0,12.9,363.2,57.29
1790989911.8972495,50.1,4.4,1600.0,0.123046875,751.9,7310.5,0x0,12.9,363.2,57.42
1790989912.9031844,49.6,1.0,1500.0,0.123046875,752.5,7309.8,0x0,3.0,363.2,57.45
1790989913.9131677,50.1,0.2,1500.0,0.11279296875,751.2,7311.1,0x0,2.0,363.2,57.47
1790989914.9191632,48.5,0.3,1500.0,0.11279296875,751.7,7310.6,0x0,2.0,363.2,57.49
1790989915.9292638,50.1,0.0,1500.0,0.11279296875,753.8,7308.5,0x0,2.0,363.2,57.51
1790989916.9352531,50.7,17.8,2400.0,0.11279296875,757.4,7305.0,0x0,70.6,363.2,58.22
1790989917.93954,50.7,0.2,2400.0,0.11279296875,757.8,7304.5,0x0,0.0,363.2,58.22
1790989918.9459267,52.9,18.2,2400.0,0.26416015625,757.3,7305.0,0x0,73.5,363.2,58.96
1790989919.9542894,50.1,0.2,2400.0,0.26416015625,755.5,7306.8,0x0,0.0,363.2,58.96
1790989920.9619257,50.7,0.0,2400.0,0.26416015625,755.9,7306.4,0x0,1.0,363.2,58.97
1790989921.9701707,51.2,0.5,1500.0,0.26416015625,753.6,7308.7,0x0,1.0,363.2,58.98
1790989922.979535,50.7,2.0,1600.0,0.26416015625,752.4,7309.9,0x0,8.9,363.2,59.07
1790989923.9894938,50.1,2.7,1700.0,0.24267578125,753.4,7308.9,0x0,9.9,363.2,59.17
1790989924.9953122,50.7,2.5,1700.0,0.24267578125,752.4,7309.9,0x0,9.9,363.2,59.27
1790989926.0049486,50.7,2.5,1600.0,0.24267578125,752.1,7310.2,0x0,9.9,363.2,59.37
1790989927.0116327,50.1,3.7,1600.0,0.24267578125,755.9,7306.4,0x0,10.9,363.2,59.48
1790989928.0215342,49.0,2.7,1600.0,0.24267578125,755.8,7306.5,0x0,11.9,363.2,59.6
1790989929.0277083,49.0,1.5,1500.0,0.22314453125,755.0,7307.3,0x0,7.0,363.2,59.67
1790989930.0377233,50.1,0.5,1500.0,0.22314453125,755.2,7307.1,0x0,2.0,363.2,59.69
1790989931.043769,48.5,0.0,1500.0,0.22314453125,754.7,7307.6,0x0,2.0,363.2,59.71
1790989932.0537884,51.2,12.9,2400.0,0.22314453125,753.7,7308.6,0x0,51.5,363.2,60.23
1790989933.060177,51.2,4.0,2400.0,0.22314453125,754.2,7308.1,0x0,14.9,363.2,60.38
1790989934.0685139,50.7,1.5,2400.0,0.205078125,754.1,7308.2,0x0,6.9,363.2,60.45
1790989935.0741246,52.4,16.3,2400.0,0.205078125,761.8,7300.5,0x0,64.6,367.7,61.1
1790989936.082416,51.2,0.2,2400.0,0.205078125,761.8,7300.6,0x0,0.0,367.7,61.1
1790989937.0899372,49.6,0.2,1500.0,0.205078125,760.6,7301.7,0x0,1.0,367.7,61.11
1790989938.1995356,50.7,2.3,1600.0,0.205078125,758.9,7303.4,0x0,7.2,367.7,61.19
1790989939.2056196,50.7,2.7,1600.0,0.1884765625,758.9,7303.4,0x0,9.9,367.7,61.29
1790989940.2115676,50.7,3.0,1500.0,0.1884765625,758.1,7304.2,0x0,9.9,367.7,61.39
1790989941.2175782,50.7,4.2,1600.0,0.1884765625,756.4,7305.9,0x0,10.9,367.7,61.5
1790989942.2235658,50.7,2.8,1700.0,0.1884765625,756.9,7305.4,0x0,9.9,367.7,61.6
1790989943.233195,50.7,2.5,1600.0,0.1884765625,756.5,7305.8,0x0,9.9,367.7,61.7
1790989944.2432184,49.6,3.0,1600.0,0.17333984375,755.6,7306.7,0x0,11.9,367.7,61.82
1790989945.2531033,51.2,3.2,1700.0,0.17333984375,755.9,7306.4,0x0,12.9,367.7,61.95
1790989946.262783,50.1,3.7,1600.0,0.17333984375,755.6,7306.7,0x0,13.9,367.7,62.09
1790989947.37305,49.0,3.6,1600.0,0.17333984375,754.7,7307.6,0x0,11.7,367.7,62.22
1790989948.378983,50.1,4.0,1600.0,0.17333984375,755.4,7306.9,0x0,12.9,367.7,62.35
1790989949.384835,50.1,4.2,1600.0,0.1591796875,754.7,7307.6,0x0,13.9,367.7,62.49
1790989950.3907382,50.1,3.7,1700.0,0.1591796875,753.0,7309.3,0x0,12.9,367.7,62.62
1790989951.3963356,49.6,3.7,1700.0,0.1591796875,754.4,7307.9,0x0,11.9,367.7,62.74
1790989952.4019368,50.1,4.2,1600.0,0.1591796875,755.3,7307.0,0x0,13.9,367.7,62.88
1790989953.407834,49.6,4.0,1600.0,0.1591796875,754.3,7308.0,0x0,13.9,367.7,63.02
1790989954.4137797,50.1,4.0,1600.0,0.14599609375,753.8,7308.5,0x0,13.9,367.7,63.16
1790989955.4198675,49.6,4.2,1700.0,0.14599609375,753.8,7308.5,0x0,11.9,367.7,63.28
1790989956.4254062,50.7,3.7,1700.0,0.14599609375,752.8,7309.5,0x0,12.9,367.7,63.41
1790989957.4310358,51.8,4.0,1600.0,0.14599609375,754.1,7308.2,0x0,13.9,367.7,63.55
1790989958.4369721,50.1,4.2,1500.0,0.14599609375,753.8,7308.5,0x0,13.9,367.7,63.69
1790989959.4429924,49.6,3.7,1600.0,0.13427734375,753.1,7309.2,0x0,12.9,367.7,63.82
1790989960.5156007,50.7,3.7,1700.0,0.13427734375,754.3,7308.0,0x0,12.1,367.7,63.95
1790989961.5212982,49.6,4.0,1600.0,0.13427734375,758.5,7303.8,0x0,13.9,367.7,64.09
1790989962.527324,50.1,4.2,1600.0,0.13427734375,758.1,7304.2,0x0,12.9,367.7,64.22
1790989963.5333443,50.1,3.7,1600.0,0.13427734375,757.8,7304.5,0x0,13.9,367.7,64.36
1790989964.5395167,49.6,4.0,1700.0,0.123046875,758.8,7303.5,0x0,12.9,367.7,64.49
1790989965.5452518,50.1,3.5,1700.0,0.123046875,758.3,7304.0,0x0,12.9,367.7,64.62
1790989966.5510635,50.1,4.2,1600.0,0.123046875,759.2,7303.2,0x0,12.9,367.7,64.75
1790989967.5571017,49.0,4.2,1500.0,0.123046875,759.1,7303.2,0x0,13.9,367.7,64.89
1790989968.5632505,50.7,4.2,1600.0,0.123046875,757.5,7304.8,0x0,13.9,367.7,65.03
1790989969.5703049,50.1,4.7,1700.0,0.193359375,756.5,7305.8,0x0,12.9,367.7,65.16
1790989970.5760517,50.7,3.5,1600.0,0.193359375,756.4,7305.9,0x0,12.9,367.7,65.29
1790989971.5820818,50.1,3.0,1600.0,0.193359375,755.6,7306.7,0x0,13.9,367.7,65.43
1790989972.5921438,51.8,2.5,1500.0,0.193359375,758.0,7304.3,0x0,13.9,367.7,65.57
1790989973.602507,50.7,2.8,1600.0,0.193359375,758.0,7304.3,0x0,11.9,367.7,65.69
1790989974.617798,49.0,2.8,1700.0,0.177734375,756.6,7305.8,0x0,13.9,367.7,65.83
1790989975.6299164,49.6,2.8,1600.0,0.177734375,757.7,7304.6,0x0,11.9,367.7,65.95
1790989976.639998,50.7,2.8,1600.0,0.177734375,758.9,7303.4,0x0,13.9,367.7,66.09
1790989977.6500468,50.7,1.2,1500.0,0.177734375,757.7,7304.6,0x0,5.0,367.7,66.14
1790989978.6601996,50.1,0.0,1500.0,0.177734375,757.8,7304.5,0x0,3.0,367.7,66.17
1790989979.6703012,48.5,1.5,1900.0,0.1630859375,761.3,7301.0,0x0,5.9,367.7,66.23
1790989980.679459,50.1,0.0,1500.0,0.1630859375,763.1,7299.2,0x0,1.0,367.7,66.24
1790989981.689516,49.6,1.5,1600.0,0.1630859375,761.6,7300.7,0x0,6.9,367.7,66.31
1790989982.6995378,49.6,2.2,1600.0,0.1630859375,762.8,7299.5,0x0,8.9,367.7,66.4
1790989983.709645,50.1,3.0,1600.0,0.1630859375,761.3,7301.0,0x0,9.9,367.7,66.5
1790989984.7196586,50.1,3.2,1600.0,0.14990234375,758.9,7303.4,0x0,10.9,367.7,66.61
1790989985.7298439,50.1,2.7,1700.0,0.14990234375,759.9,7302.5,0x0,9.9,367.7,66.71
1790989986.7398036,49.0,2.5,1700.0,0.14990234375,762.2,7300.1,0x0,10.9,367.7,66.82
1790989987.7495346,49.6,2.7,1600.0,0.14990234375,761.1,7301.2,0x0,10.9,367.7,66.93
1790989988.7595856,48.5,2.8,1600.0,0.1376953125,759.3,7303.0,0x0,12.9,367.7,67.06
1790989989.7696366,49.0,3.0,1600.0,0.1376953125,759.4,7302.9,0x0,12.9,367.7,67.19
1790989990.779731,50.1,2.5,1700.0,0.1376953125,760.1,7302.2,0x0,12.9,367.7,67.32
1790989991.7895703,50.7,3.5,1600.0,0.1376953125,758.4,7303.9,0x0,12.9,367.7,67.45
1790989992.7996387,50.1,0.0,1500.0,0.1376953125,759.1,7303.2,0x0,1.0,367.7,67.46
1790989993.8097792,50.1,0.2,1500.0,0.12646484375,758.9,7303.5,0x0,2.0,367.7,67.48
1790989994.8198984,49.6,0.5,1500.0,0.12646484375,758.1,7304.2,0x0,2.0,367.7,67.5
1790989995.830006,50.1,0.0,1500.0,0.12646484375,760.2,7302.1,0x0,2.0,367.7,67.52
1790989996.8400702,50.1,2.2,1500.0,0.12646484375,761.6,7300.7,0x0,6.9,367.7,67.59
1790989997.8502603,50.1,1.2,1600.0,0.12646484375,760.4,7301.9,0x0,2.0,367.7,67.61
1790989998.860399,49.6,2.7,1600.0,0.1162109375,760.4,7301.9,0x0,8.9,367.7,67.7
1790989999.8704321,50.1,3.0,1500.0,0.1162109375,758.1,7304.2,0x0,9.9,367.7,67.8
1790990000.8806372,49.6,2.7,1600.0,0.1162109375,758.8,7303.5,0x0,9.9,367.7,67.9
1790990001.890706,50.1,2.7,1700.0,0.1162109375,761.3,7301.0,0x0,10.9,367.7,68.01
1790990002.8997777,49.0,2.5,1500.0,0.1162109375,759.7,7302.6,0x0,10.9,367.7,68.12
1790990003.906103,49.6,2.8,1600.0,0.1064453125,758.8,7303.5,0x0,10.9,367.7,68.23
1790990004.9120688,50.7,3.2,1700.0,0.1064453125,758.5,7303.8,0x0,11.9,367.7,68.35
1790990005.917768,49.0,3.5,1700.0,0.1064453125,757.6,7304.7,0x0,12.9,367.7,68.48
1790990006.9234438,50.1,4.0,1600.0,0.1064453125,757.9,7304.4,0x0,11.9,367.7,68.6
1790990007.9294896,50.1,4.0,1600.0,0.1064453125,756.9,7305.4,0x0,12.9,367.7,68.73
1790990008.9356487,48.5,4.0,1600.0,0.09765625,756.7,7305.6,0x0,13.9,367.7,68.87
1790990009.9456768,48.5,2.2,1500.0,0.09765625,760.0,7302.4,0x0,5.9,367.7,68.93
1790990010.9557357,49.6,1.5,1500.0,0.09765625,763.0,7299.3,0x0,3.0,367.7,68.96
1790990011.9659147,49.0,2.0,1500.0,0.09765625,760.6,7301.8,0x0,2.0,367.7,68.98
1790990012.976025,48.5,1.7,1500.0,0.09765625,762.3,7300.0,0x0,2.0,367.7,69.0
1790990013.9860542,49.0,13.2,2400.0,0.08935546875,762.5,7299.8,0x0,52.5,367.7,69.53
1790990014.9943876,52.4,17.9,2400.0,0.08935546875,760.8,7301.6,0x0,70.4,367.7,70.24
1790990016.002812,51.2,0.0,2400.0,0.08935546875,762.2,7300.2,0x0,0.0,367.7,70.24
1790990017.0110502,50.1,0.2,2400.0,0.08935546875,763.6,7298.8,0x0,0.0,367.7,70.24
1790990018.019299,51.2,0.7,2400.0,0.08935546875,760.1,7302.2,0x0,2.0,367.7,70.26
1790990019.0277276,50.1,2.7,1500.0,0.16259765625,760.5,7301.8,0x0,8.9,367.7,70.35
1790990020.0380814,50.7,2.7,1600.0,0.16259765625,760.5,7301.8,0x0,9.9,367.7,70.45
1790990021.0480037,49.6,2.7,1600.0,0.16259765625,759.1,7303.2,0x0,9.9,367.7,70.55
1790990022.0579462,50.7,2.7,1600.0,0.16259765625,758.0,7304.3,0x0,9.9,367.7,70.65
1790990023.0678587,49.0,3.9,1600.0,0.16259765625,757.8,7304.6,0x0,10.9,367.7,70.76
1790990024.0778553,50.1,3.9,1500.0,0.1494140625,756.8,7305.5,0x0,11.9,367.7,70.88
1790990025.088708,49.0,3.7,1600.0,0.1494140625,756.9,7305.4,0x0,10.9,367.7,70.99
1790990026.0993655,49.0,4.9,1700.0,0.1494140625,756.5,7305.9,0x0,11.9,367.7,71.11
1790990027.1090734,50.1,4.7,1700.0,0.1494140625,756.0,7306.3,0x0,12.9,367.7,71.24
1790990028.1187348,49.6,4.0,1600.0,0.1494140625,755.8,7306.6,0x0,13.9,367.7,71.38
1790990029.1286588,50.1,2.8,1500.0,0.13720703125,756.0,7306.3,0x0,13.9,367.7,71.52
1790990030.1387558,50.7,2.5,1600.0,0.13720703125,755.3,7307.0,0x0,12.9,367.7,71.65
1790990031.150179,50.1,2.8,1700.0,0.13720703125,755.5,7306.9,0x0,12.9,367.7,71.78
1790990032.1598656,50.1,2.8,1600.0,0.13720703125,755.5,7306.9,0x0,13.9,367.7,71.92
1790990033.2702866,50.1,3.2,1600.0,0.13720703125,758.6,7303.7,0x0,12.6,367.7,72.06
1790990034.2761788,50.7,2.8,1600.0,0.1259765625,758.5,7303.8,0x0,11.9,367.7,72.18
1790990035.2820864,50.1,2.5,1600.0,0.1259765625,757.8,7304.5,0x0,12.9,367.7,72.31
1790990036.2879827,50.1,2.8,1600.0,0.1259765625,757.6,7304.8,0x0,13.9,367.7,72.45
1790990037.2939703,50.7,2.8,1500.0,0.1259765625,756.9,7305.4,0x0,12.9,367.7,72.58
1790990038.3000815,50.1,2.5,1600.0,0.1259765625,756.9,7305.5,0x0,12.9,367.7,72.71
1790990039.3068557,51.2,2.8,1700.0,0.11572265625,759.2,7303.1,0x0,12.9,367.7,72.84
1790990040.3124523,49.6,2.5,1700.0,0.11572265625,758.2,7304.1,0x0,12.9,367.7,72.97
1790990041.3181148,49.6,0.8,1500.0,0.11572265625,758.6,7303.7,0x0,2.0,367.7,72.99
1790990042.328173,50.1,0.7,1500.0,0.11572265625,758.6,7303.7,0x0,2.0,367.7,73.01
1790990043.3383148,50.1,0.2,1500.0,0.11572265625,757.7,7304.6,0x0,2.0,367.7,73.03
1790990044.3484292,49.6,0.0,1500.0,0.1064453125,758.2,7304.1,0x0,2.0,367.7,73.05
1790990045.3583918,50.1,1.5,1500.0,0.1064453125,758.5,7303.8,0x0,5.9,367.7,73.11
1790990046.4663703,49.6,1.6,1500.0,0.1064453125,758.2,7304.1,0x0,5.4,367.7,73.17
1790990047.4724257,50.1,2.7,1600.0,0.1064453125,757.6,7304.8,0x0,9.9,367.7,73.27
1790990048.5797036,50.7,2.5,1600.0,0.1064453125,756.2,7306.2,0x0,9.0,367.7,73.37
1790990049.585696,49.6,2.8,1500.0,0.09765625,755.8,7306.5,0x0,9.9,367.7,73.47
1790990050.5920007,50.1,2.5,1600.0,0.09765625,755.6,7306.7,0x0,9.9,367.7,73.57
1790990051.5980098,49.6,3.0,1700.0,0.09765625,755.4,7306.9,0x0,11.9,367.7,73.69
1790990052.6076777,50.7,2.8,1600.0,0.09765625,755.7,7306.6,0x0,11.9,367.7,73.81
1790990053.617687,49.6,2.5,1600.0,0.09765625,755.0,7307.3,0x0,10.9,367.7,73.92
1790990054.627683,50.7,3.0,1600.0,0.08935546875,755.4,7306.9,0x0,12.9,367.7,74.05
1790990055.6378303,50.1,3.5,1600.0,0.08935546875,755.9,7306.4,0x0,12.9,367.7,74.18
1790990056.648104,50.1,4.2,1600.0,0.08935546875,754.8,7307.5,0x0,13.9,367.7,74.32
1790990057.6581302,49.6,2.5,1500.0,0.08935546875,754.9,7307.5,0x0,6.9,367.7,74.39
1790990058.6681488,48.5,0.2,1500.0,0.08935546875,756.0,7306.3,0x0,2.0,367.7,74.41
1790990059.678217,49.6,0.2,1500.0,0.08203125,755.5,7306.8,0x0,2.0,367.7,74.43
1790990060.688355,50.1,0.2,1500.0,0.08203125,755.3,7307.0,0x0,3.0,367.7,74.46
1790990061.6984186,50.1,2.0,1500.0,0.08203125,756.0,7306.3,0x0,5.9,367.7,74.52
1790990062.7084894,51.2,0.0,1500.0,0.08203125,756.0,7306.3,0x0,1.0,367.7,74.53
1790990063.7186446,49.0,2.7,1600.0,0.08203125,756.9,7305.4,0x0,8.9,367.7,74.62
1790990064.7287252,49.6,2.7,1600.0,0.0751953125,757.6,7304.7,0x0,8.9,367.7,74.71
1790990065.7387364,49.6,2.7,1600.0,0.0751953125,755.8,7306.5,0x0,10.9,367.7,74.82
1790990066.7487605,50.1,2.7,1600.0,0.0751953125,755.3,7307.0,0x0,9.9,367.7,74.92
1790990067.758776,49.6,2.2,1600.0,0.0751953125,756.0,7306.3,0x0,10.9,367.7,75.03
1790990068.7688184,50.1,3.0,1600.0,0.0751953125,755.4,7306.9,0x0,9.9,367.7,75.13
1790990069.7787967,50.1,3.7,1600.0,0.1494140625,754.6,7307.7,0x0,11.9,367.7,75.25
1790990070.7888029,50.1,4.7,1600.0,0.1494140625,755.4,7306.9,0x0,12.9,367.7,75.38
1790990071.798868,50.1,4.2,1600.0,0.1494140625,755.1,7307.2,0x0,12.9,367.7,75.51
1790990072.8088837,50.1,3.7,1700.0,0.1494140625,754.2,7308.1,0x0,11.9,367.7,75.63
1790990073.8189163,49.6,2.5,1500.0,0.1494140625,764.3,7298.0,0x0,6.9,367.7,75.7
1790990074.8290203,48.5,1.5,1500.0,0.13720703125,765.7,7296.6,0x0,2.0,367.7,75.72
1790990075.8391075,49.6,1.7,1500.0,0.13720703125,762.3,7300.0,0x0,2.0,367.7,75.74
1790990076.849139,49.6,2.0,1500.0,0.13720703125,762.0,7300.3,0x0,6.9,367.7,75.81
1790990077.8551533,49.6,0.0,1500.0,0.13720703125,762.5,7299.8,0x0,0.0,367.7,75.81
1790990078.8651474,49.6,2.5,1600.0,0.1259765625,762.3,7300.0,0x0,8.9,367.7,75.9
1790990079.8753035,50.7,2.5,1600.0,0.1259765625,761.8,7300.5,0x0,8.9,367.7,75.99
1790990080.8854663,50.7,2.7,1600.0,0.1259765625,762.4,7299.9,0x0,9.9,367.7,76.09
1790990081.8954506,50.7,3.0,1600.0,0.1259765625,758.9,7303.4,0x0,8.9,367.7,76.18
1790990082.9055738,48.5,3.9,1500.0,0.1259765625,760.1,7302.2,0x0,10.9,367.7,76.29
1790990083.9156241,48.5,4.4,1600.0,0.11572265625,759.1,7303.2,0x0,11.9,367.7,76.41
1790990084.9256096,50.1,4.9,1700.0,0.11572265625,759.5,7302.8,0x0,11.9,367.7,76.53
1790990085.935395,50.1,2.7,1700.0,0.11572265625,758.9,7303.4,0x0,10.9,367.7,76.64
1790990086.9451199,49.6,2.8,1600.0,0.11572265625,760.8,7301.5,0x0,11.9,367.7,76.76
1790990087.955067,50.1,2.8,1500.0,0.11572265625,761.0,7301.3,0x0,12.9,367.7,76.89
1790990088.9651604,49.6,2.8,1600.0,0.1064453125,758.9,7303.4,0x0,14.9,367.7,77.04
1790990089.9751089,50.7,2.8,1700.0,0.1064453125,758.9,7303.4,0x0,12.9,367.7,77.17
1790990090.984777,49.0,2.8,1600.0,0.1064453125,758.0,7304.3,0x0,11.9,367.7,77.29
1790990091.9947195,50.7,2.8,1700.0,0.1064453125,756.6,7305.8,0x0,12.9,367.7,77.42
1790990093.005134,50.1,3.0,1600.0,0.1064453125,757.6,7304.8,0x0,12.9,367.7,77.55
1790990094.0151782,50.1,0.5,1500.0,0.09765625,757.6,7304.8,0x0,2.0,367.7,77.57
1790990095.0252697,48.5,0.0,1500.0,0.09765625,758.0,7304.3,0x0,2.0,367.7,77.59
1790990096.0353138,49.6,0.2,1500.0,0.09765625,757.0,7305.3,0x0,2.0,367.7,77.61
1790990097.0454836,50.1,5.7,1500.0,0.09765625,757.0,7305.3,0x0,24.7,367.7,77.86
1790990098.0576348,50.7,11.7,2400.0,0.09765625,758.7,7303.6,0x0,44.5,367.7,78.31
1790990099.0660846,49.6,1.5,2400.0,0.08935546875,758.9,7303.4,0x0,6.9,367.7,78.38
1790990100.0752666,51.2,16.2,2400.0,0.08935546875,756.8,7305.6,0x0,62.4,367.7,79.01
1790990101.0837066,51.2,0.0,2400.0,0.08935546875,757.7,7304.6,0x0,0.0,367.7,79.01
1790990102.0920246,50.1,0.2,1600.0,0.08935546875,757.4,7305.0,0x0,0.0,367.7,79.01
1790990103.1020172,50.7,2.2,1600.0,0.08935546875,756.0,7306.4,0x0,8.9,367.7,79.1
1790990104.112496,49.6,3.0,1600.0,0.08203125,756.6,7305.7,0x0,8.9,367.7,79.19
1790990105.1226127,50.1,2.5,1600.0,0.08203125,757.1,7305.2,0x0,9.9,367.7,79.29
1790990106.1327548,49.6,2.7,1600.0,0.08203125,755.9,7306.4,0x0,11.9,367.7,79.41
1790990107.2409518,49.0,2.7,1600.0,0.08203125,756.0,7306.3,0x0,9.0,367.7,79.51
1790990108.2471385,50.1,2.5,1600.0,0.08203125,756.7,7305.6,0x0,10.9,367.7,79.62
1790990109.253232,49.6,2.8,1600.0,0.15576171875,756.5,7305.8,0x0,11.9,367.7,79.74
1790990110.2593994,49.6,1.2,1500.0,0.15576171875,757.2,7305.1,0x0,5.0,367.7,79.79
1790990111.2655785,51.2,0.3,1500.0,0.15576171875,757.2,7305.1,0x0,2.0,367.7,79.81
1790990112.2717888,48.5,0.3,1500.0,0.15576171875,756.5,7305.8,0x0,2.0,367.7,79.83
1790990113.2819855,50.1,0.5,1500.0,0.15576171875,756.7,7305.6,0x0,4.0,367.7,79.87
1790990114.2929099,49.6,1.7,1500.0,0.14306640625,757.9,7304.4,0x0,4.0,367.7,79.91
1790990115.3030345,50.7,1.7,1500.0,0.14306640625,757.2,7305.1,0x0,5.9,367.7,79.97
1790990116.313286,49.6,3.0,1600.0,0.14306640625,756.1,7306.2,0x0,8.9,367.7,80.06
1790990117.4221025,49.0,2.3,1600.0,0.14306640625,756.2,7306.1,0x0,9.9,367.7,80.17
1790990118.4282372,50.1,2.7,1500.0,0.14306640625,755.8,7306.6,0x0,9.9,367.7,80.27
1790990119.4344206,50.1,3.0,1600.0,0.13134765625,755.4,7306.9,0x0,11.9,367.7,80.39
1790990120.4435577,50.1,2.3,1700.0,0.13134765625,755.6,7306.7,0x0,10.9,367.7,80.5
1790990121.4507346,49.6,3.0,1600.0,0.13134765625,757.5,7304.8,0x0,12.9,367.7,80.63
1790990122.5577881,50.7,3.8,1600.0,0.13134765625,756.8,7305.5,0x0,10.8,367.7,80.75
1790990123.664486,49.6,3.6,1600.0,0.13134765625,757.0,7305.3,0x0,12.7,367.7,80.89
1790990124.6704736,50.1,4.0,1700.0,0.12060546875,755.4,7306.9,0x0,12.9,367.7,81.02
1790990125.6761844,50.1,4.0,1600.0,0.12060546875,755.6,7306.7,0x0,13.9,367.7,81.16
1790990126.6822937,49.6,4.0,1600.0,0.12060546875,756.3,7306.0,0x0,12.9,367.7,81.29
1790990127.6883006,50.1,3.5,1600.0,0.12060546875,755.3,7307.0,0x0,12.9,367.7,81.42
1790990128.6943433,49.0,2.7,1500.0,0.12060546875,756.3,7306.0,0x0,2.0,367.7,81.44
1790990129.7004254,50.1,2.0,1500.0,0.11083984375,757.0,7305.3,0x0,2.0,367.7,81.46
1790990130.7065592,48.5,1.7,1500.0,0.11083984375,755.5,7306.9,0x0,2.0,367.7,81.48
1790990131.7126691,50.1,1.7,1500.0,0.11083984375,756.4,7305.9,0x0,2.0,367.7,81.5
1790990132.7187562,48.5,2.2,1500.0,0.11083984375,758.3,7304.0,0x0,8.0,367.7,81.58
1790990133.7247496,50.1,0.2,1500.0,0.11083984375,757.3,7305.0,0x0,0.0,367.7,81.58
1790990134.7348425,49.6,2.5,1600.0,0.1015625,757.8,7304.5,0x0,8.9,367.7,81.67
1790990135.7448907,48.5,2.5,1600.0,0.1015625,756.9,7305.4,0x0,8.9,367.7,81.76
1790990136.7549088,50.7,2.5,1600.0,0.1015625,756.4,7305.9,0x0,8.9,367.7,81.85
1790990137.765102,49.6,3.0,1500.0,0.1015625,756.4,7305.9,0x0,10.9,367.7,81.96
1790990138.775234,49.6,3.7,1600.0,0.1015625,755.9,7306.4,0x0,10.9,367.7,82.07
1790990139.7852695,50.1,4.2,1700.0,0.09326171875,756.9,7305.5,0x0,11.9,367.7,82.19
1790990140.795017,50.1,3.7,1600.0,0.09326171875,760.4,7301.9,0x0,10.9,367.7,82.3
1790990141.8050556,49.6,4.2,1700.0,0.09326171875,759.1,7303.2,0x0,12.9,367.7,82.43
1790990142.8155658,50.1,4.7,1500.0,0.09326171875,758.6,7303.7,0x0,10.9,367.7,82.54
1790990143.8259404,49.6,2.8,1600.0,0.09326171875,758.6,7303.7,0x0,13.9,367.7,82.68
1790990144.8359852,50.1,2.8,1700.0,0.08544921875,757.5,7304.8,0x0,12.9,367.7,82.81
1790990145.8457046,50.1,2.8,1600.0,0.08544921875,757.2,7305.1,0x0,12.9,367.7,82.94
1790990146.8557262,50.7,2.8,1700.0,0.08544921875,757.2,7305.1,0x0,13.9,367.7,83.08
1790990147.8654046,49.6,2.8,1600.0,0.08544921875,756.5,7305.8,0x0,12.9,367.7,83.21
1790990148.876422,49.6,2.5,1600.0,0.08544921875,755.9,7306.4,0x0,13.8,367.7,83.35
1790990149.8868115,50.1,2.8,1700.0,0.078125,756.4,7305.9,0x0,12.9,367.7,83.48
1790990150.8964615,50.7,2.8,1600.0,0.078125,756.0,7306.4,0x0,12.9,367.7,83.61
1790990151.9065602,49.0,2.8,1600.0,0.078125,756.1,7306.2,0x0,13.9,367.7,83.75
1790990152.916608,49.6,2.8,1600.0,0.078125,757.0,7305.3,0x0,12.9,367.7,83.88
1790990153.9275577,50.1,2.5,1600.0,0.07177734375,758.4,7303.9,0x0,13.8,367.7,84.02
1790990154.934694,51.2,2.8,1700.0,0.07177734375,758.2,7304.1,0x0,12.9,367.7,84.15
1790990155.9404855,50.1,2.8,1500.0,0.07177734375,755.9,7306.5,0x0,12.9,367.7,84.28
1790990156.9463139,49.6,3.5,1600.0,0.07177734375,756.6,7305.7,0x0,12.9,367.7,84.41
1790990157.9564283,50.7,2.8,1600.0,0.07177734375,757.0,7305.3,0x0,13.9,367.7,84.55
1790990158.9669542,50.1,2.8,1600.0,0.146484375,755.4,7306.9,0x0,13.9,367.7,84.69
1790990159.974161,50.1,3.2,1700.0,0.146484375,756.4,7305.9,0x0,12.9,367.7,84.82
1790990160.9799414,50.1,2.5,1600.0,0.146484375,756.9,7305.4,0x0,12.9,367.7,84.95
1790990161.986039,50.1,1.0,1500.0,0.146484375,755.5,7306.8,0x0,4.0,367.7,84.99
1790990162.992277,50.1,0.3,1500.0,0.146484375,756.7,7305.6,0x0,2.0,367.7,85.01
1790990163.9985187,49.6,0.3,1500.0,0.13427734375,755.5,7306.8,0x0,2.0,367.7,85.03
1790990165.004697,50.1,0.3,1500.0,0.13427734375,754.8,7307.5,0x0,2.0,367.7,85.05
1790990166.010889,52.9,12.5,2400.0,0.13427734375,757.0,7305.3,0x0,51.7,367.7,85.57
1790990167.0219336,51.2,7.2,2400.0,0.13427734375,757.3,7305.0,0x0,26.7,367.7,85.84
1790990168.0263507,51.2,0.0,2400.0,0.13427734375,756.6,7305.7,0x0,0.0,367.7,85.84
1790990169.034672,51.8,17.4,2400.0,0.123046875,757.7,7304.7,0x0,69.4,367.7,86.54
1790990170.0390518,51.8,0.0,2400.0,0.123046875,757.5,7304.8,0x0,0.0,367.7,86.54
1790990171.0474703,51.2,0.0,1500.0,0.123046875,754.2,7308.2,0x0,0.0,367.7,86.54
1790990172.0575593,50.1,2.7,1600.0,0.123046875,755.3,7307.0,0x0,6.9,367.7,86.61
1790990173.0676527,50.7,2.5,1600.0,0.123046875,758.4,7303.9,0x0,8.9,367.7,86.7
1790990174.0779653,49.6,2.5,1600.0,0.11279296875,757.2,7305.1,0x0,8.9,367.7,86.79
1790990175.0880525,51.2,2.5,1600.0,0.11279296875,757.6,7304.7,0x0,9.9,367.7,86.89
1790990176.0981445,49.6,3.0,1600.0,0.11279296875,758.1,7304.2,0x0,10.9,367.7,87.0
1790990177.1083043,50.7,2.7,1500.0,0.11279296875,756.3,7306.0,0x0,11.9,367.7,87.12
1790990178.1184983,50.1,3.0,1600.0,0.11279296875,756.7,7305.6,0x0,11.9,367.7,87.24
1790990179.1285956,50.1,3.0,1700.0,0.103515625,757.4,7304.9,0x0,10.9,367.7,87.35
1790990180.1383662,50.1,2.2,1500.0,0.103515625,757.0,7305.4,0x0,6.9,367.7,87.42
1790990181.148493,50.1,0.5,1500.0,0.103515625,756.2,7306.1,0x0,2.0,367.7,87.44
1790990182.1586077,50.7,1.0,1500.0,0.103515625,756.7,7305.6,0x0,2.0,367.7,87.46
1790990183.1686995,50.1,1.2,1500.0,0.103515625,755.0,7307.3,0x0,2.0,367.7,87.48
1790990184.1748502,50.7,1.8,1500.0,0.09521484375,762.5,7299.9,0x0,6.0,367.7,87.54
1790990185.1810815,50.1,1.5,1600.0,0.09521484375,765.3,7297.0,0x0,6.0,367.7,87.6
1790990186.1872292,50.1,2.7,1600.0,0.09521484375,763.3,7299.0,0x0,8.9,367.7,87.69
1790990187.1933236,50.1,2.7,1600.0,0.09521484375,762.2,7300.1,0x0,9.9,367.7,87.79
1790990188.1994135,50.1,2.7,1600.0,0.09521484375,762.7,7299.7,0x0,9.9,367.7,87.89
1790990189.2095418,50.1,3.0,1600.0,0.08740234375,760.6,7301.7,0x0,10.9,367.7,88.0
1790990190.2200606,50.1,3.2,1600.0,0.08740234375,759.3,7303.0,0x0,10.9,367.7,88.11
1790990191.2305574,50.1,3.9,1600.0,0.08740234375,760.5,7301.9,0x0,10.9,367.7,88.22
1790990192.2406435,49.6,4.0,1600.0,0.08740234375,759.1,7303.2,0x0,12.9,367.7,88.35
1790990193.2507534,50.1,3.7,1700.0,0.08740234375,761.2,7301.1,0x0,11.9,367.7,88.47
1790990194.2605665,50.1,4.2,1600.0,0.080078125,760.5,7301.8,0x0,12.9,367.7,88.6
1790990195.270694,50.1,3.7,1500.0,0.080078125,759.3,7303.0,0x0,13.9,367.7,88.74
1790990196.2817388,49.0,4.0,1600.0,0.080078125,758.8,7303.5,0x0,11.9,367.7,88.86
1790990197.2924485,50.1,3.0,1500.0,0.080078125,760.7,7301.6,0x0,8.9,367.7,88.95
1790990198.3025186,50.1,1.2,1500.0,0.080078125,763.3,7299.0,0x0,2.0,367.7,88.97
1790990199.3127098,50.1,1.5,1500.0,0.0732421875,762.8,7299.5,0x0,1.0,367.7,88.98
1790990200.3228924,49.6,11.7,2400.0,0.0732421875,762.5,7299.9,0x0,46.5,367.7,89.45
1790990201.3313227,53.5,11.2,2400.0,0.0732421875,763.6,7298.7,0x0,44.6,367.7,89.9
1790990202.3401206,51.2,7.2,2400.0,0.0732421875,762.2,7300.1,0x0,26.8,367.7,90.17
1790990203.348452,50.7,0.5,2400.0,0.0732421875,762.9,7299.4,0x0,0.0,367.7,90.17
1790990204.356767,51.2,0.2,2400.0,0.06689453125,761.7,7300.6,0x0,0.0,367.7,90.17
1790990205.3652146,50.7,2.0,1600.0,0.06689453125,762.0,7300.3,0x0,7.9,367.7,90.25
1790990206.375313,51.2,3.0,1500.0,0.06689453125,760.3,7302.0,0x0,9.9,367.7,90.35
1790990207.38552,50.7,3.0,1600.0,0.06689453125,759.6,7302.7,0x0,9.9,367.7,90.45
1790990208.3955872,50.1,2.5,1600.0,0.06689453125,758.0,7304.4,0x0,10.9,367.7,90.56
1790990209.4058857,50.7,4.6,1600.0,0.0615234375,756.9,7305.4,0x0,9.9,367.7,90.66
1790990210.4160092,50.7,2.7,1700.0,0.0615234375,759.0,7303.4,0x0,10.9,367.7,90.77
1790990211.4257421,49.0,1.7,1500.0,0.0615234375,758.5,7303.8,0x0,7.9,367.7,90.85
1790990212.4358277,50.1,0.2,1500.0,0.0615234375,756.9,7305.4,0x0,2.0,367.7,90.87
1790990213.4460452,50.7,0.2,1500.0,0.0615234375,757.8,7304.5,0x0,2.0,367.7,90.89
1790990214.4562216,50.1,0.5,1500.0,0.05615234375,757.6,7304.7,0x0,1.0,367.7,90.9
1790990215.4663782,48.5,1.5,1500.0,0.05615234375,757.3,7305.0,0x0,5.9,367.7,90.96
1790990216.4766512,50.7,1.5,1600.0,0.05615234375,759.2,7303.1,0x0,4.9,367.7,91.01
1790990217.4868395,50.1,2.7,1600.0,0.05615234375,757.3,7305.0,0x0,9.9,367.7,91.11
1790990218.4969594,51.8,2.7,1600.0,0.05615234375,756.9,7305.4,0x0,10.9,367.7,91.22
1790990219.6037455,49.0,2.5,1600.0,0.1318359375,756.7,7305.6,0x0,8.1,367.7,91.31
1790990220.609893,49.0,3.0,1600.0,0.1318359375,757.5,7304.8,0x0,11.9,367.7,91.43
1790990221.616082,50.1,2.8,1700.0,0.1318359375,765.4,7296.9,0x0,10.9,367.7,91.54
1790990222.6219075,50.1,3.0,1600.0,0.1318359375,764.0,7298.3,0x0,13.9,367.7,91.68
1790990223.6280837,49.6,3.5,1700.0,0.1318359375,764.9,7297.4,0x0,11.9,367.7,91.8
1790990224.6338925,50.1,3.5,1600.0,0.12109375,760.2,7302.1,0x0,11.9,367.7,91.92
1790990225.6399717,50.1,4.0,1500.0,0.12109375,761.3,7301.0,0x0,12.9,367.7,92.05
1790990226.6461568,49.0,3.5,1500.0,0.12109375,761.5,7300.8,0x0,10.9,367.7,92.16
1790990227.652231,50.1,0.3,1500.0,0.12109375,757.6,7304.7,0x0,2.0,367.7,92.18
1790990228.6584423,48.5,0.5,1500.0,0.12109375,759.0,7303.3,0x0,1.0,367.7,92.19
1790990229.6645844,50.7,0.3,1500.0,0.111328125,760.0,7302.4,0x0,2.0,367.7,92.21
1790990230.6707408,50.1,0.3,1500.0,0.111328125,757.4,7304.9,0x0,2.0,367.7,92.23
1790990231.676933,50.7,2.0,2400.0,0.111328125,760.7,7301.6,0x0,7.0,367.7,92.3
1790990232.6814167,50.1,0.5,2400.0,0.111328125,760.9,7301.4,0x0,2.0,367.7,92.32
1790990233.689844,51.8,1.5,2400.0,0.111328125,758.6,7303.7,0x0,5.9,367.7,92.38
1790990234.6983495,50.7,1.7,2400.0,0.10205078125,760.7,7301.6,0x0,6.9,367.7,92.45
1790990235.7068124,51.2,2.7,2400.0,0.10205078125,761.2,7301.2,0x0,7.9,367.7,92.53
1790990236.715329,49.6,2.2,1600.0,0.10205078125,759.0,7303.3,0x0,8.9,367.7,92.62
1790990237.7254443,50.1,2.7,1600.0,0.10205078125,757.7,7304.6,0x0,9.9,367.7,92.72
1790990238.7361581,49.6,3.2,1600.0,0.10205078125,759.3,7303.0,0x0,11.9,367.7,92.84
1790990239.7462647,50.7,4.0,1600.0,0.09375,758.6,7303.7,0x0,11.9,367.7,92.96
1790990240.7562973,50.1,4.2,1600.0,0.09375,758.1,7304.2,0x0,13.9,367.7,93.1
1790990241.7664194,50.1,3.7,1600.0,0.09375,757.6,7304.7,0x0,11.9,367.7,93.22
1790990242.7765944,50.7,4.0,1700.0,0.09375,760.8,7301.5,0x0,13.9,367.7,93.36
1790990243.7864656,51.2,4.0,1600.0,0.09375,759.7,7302.7,0x0,13.9,367.7,93.5
1790990244.7974744,50.7,4.2,1500.0,0.0859375,759.9,7302.4,0x0,13.8,367.7,93.64
1790990245.8041432,50.1,4.0,1700.0,0.0859375,758.2,7304.1,0x0,13.9,367.7,93.78
1790990246.8098307,50.7,3.5,1600.0,0.0859375,758.9,7303.4,0x0,12.9,367.7,93.91
1790990247.815818,50.1,4.4,1500.0,0.0859375,758.1,7304.2,0x0,13.9,367.7,94.05
1790990248.8221943,49.6,4.4,1600.0,0.0859375,755.8,7306.6,0x0,12.9,367.7,94.18
1790990249.8281927,50.7,4.0,1700.0,0.07861328125,756.9,7305.4,0x0,13.9,367.7,94.32
1790990250.8338826,51.2,4.0,1600.0,0.07861328125,756.4,7305.9,0x0,14.9,367.7,94.47
1790990251.8398898,50.1,3.7,1600.0,0.07861328125,754.6,7307.7,0x0,12.9,367.7,94.6
1790990252.8458903,49.0,3.7,1600.0,0.07861328125,755.3,7307.0,0x0,12.9,367.7,94.73
1790990253.8518655,49.0,4.2,1600.0,0.07861328125,756.0,7306.3,0x0,13.9,367.7,94.87
1790990254.8578637,49.6,4.2,1600.0,0.072265625,754.9,7307.4,0x0,13.9,367.7,95.01
1790990255.8638453,50.7,4.0,1600.0,0.072265625,754.7,7307.6,0x0,13.9,367.7,95.15
1790990256.8698506,50.7,3.7,1700.0,0.072265625,754.9,7307.5,0x0,11.9,367.7,95.27
1790990257.8755548,50.1,2.5,1500.0,0.072265625,755.5,7306.8,0x0,8.0,367.7,95.35
1790990258.8817396,49.6,1.7,1500.0,0.072265625,757.2,7305.1,0x0,2.0,367.7,95.37
1790990259.8920617,50.7,2.0,1500.0,0.06640625,757.0,7305.3,0x0,2.0,367.7,95.39
1790990260.9023247,51.2,1.7,1500.0,0.06640625,758.2,7304.1,0x0,6.9,367.7,95.46
1790990261.9124997,50.7,0.2,1500.0,0.06640625,757.0,7305.3,0x0,0.0,367.7,95.46
1790990262.922606,50.1,2.2,1500.0,0.06640625,759.2,7303.1,0x0,7.9,367.7,95.54
1790990263.9329567,50.7,2.7,1600.0,0.06640625,760.5,7301.8,0x0,8.9,367.7,95.63
1790990264.9430566,49.6,2.7,1600.0,0.06103515625,757.7,7304.6,0x0,9.9,367.7,95.73
1790990265.9531705,50.1,2.7,1600.0,0.06103515625,757.9,7304.4,0x0,9.9,367.7,95.83
1790990266.963315,50.7,3.2,1600.0,0.06103515625,759.5,7302.8,0x0,10.9,367.7,95.94
1790990267.9734638,50.1,3.5,1600.0,0.06103515625,758.5,7303.8,0x0,11.9,367.7,96.06
1790990268.984308,49.0,4.2,1600.0,0.13623046875,758.1,7304.2,0x0,10.9,367.7,96.17
1790990269.9950018,49.6,4.0,1600.0,0.13623046875,757.4,7304.9,0x0,11.9,367.7,96.29
1790990271.0051486,50.7,3.7,1600.0,0.13623046875,756.2,7306.1,0x0,14.8,367.7,96.44
1790990272.1148894,50.7,4.1,1600.0,0.13623046875,758.1,7304.2,0x0,11.7,367.7,96.57
1790990273.1219974,50.1,4.2,1700.0,0.13623046875,758.0,7304.3,0x0,12.9,367.7,96.7
1790990274.1276932,50.1,1.0,1500.0,0.125,759.2,7303.1,0x0,1.0,367.7,96.71
1790990275.1339202,48.5,1.7,1500.0,0.125,762.0,7300.3,0x0,3.0,367.7,96.74
1790990276.1401463,48.5,1.7,1500.0,0.125,760.0,7302.4,0x0,2.0,367.7,96.76
1790990277.1463265,51.2,18.3,2400.0,0.125,759.3,7303.0,0x0,69.6,367.7,97.46
1790990278.1507277,51.2,0.2,2400.0,0.125,759.6,7302.8,0x0,0.0,367.7,97.46
1790990279.1550858,53.5,16.7,2400.0,0.275390625,758.3,7304.0,0x0,65.7,367.7,98.12
1790990280.166766,51.2,4.1,2400.0,0.275390625,760.4,7301.9,0x0,6.9,367.7,98.19
1790990281.1750968,51.2,1.0,2400.0,0.275390625,762.3,7300.0,0x0,1.0,367.7,98.2
1790990282.183659,50.1,0.5,1500.0,0.275390625,759.5,7302.8,0x0,1.0,367.7,98.21
1790990283.1939144,50.7,1.3,1600.0,0.275390625,761.3,7301.0,0x0,8.9,367.7,98.3
1790990284.2039027,50.7,1.8,1600.0,0.2529296875,763.0,7299.3,0x0,9.9,367.7,98.4
1790990285.2139416,49.0,1.5,1600.0,0.2529296875,759.2,7303.1,0x0,8.9,367.7,98.49
1790990286.2239985,50.7,2.5,1600.0,0.2529296875,759.0,7303.3,0x0,10.9,367.7,98.6
1790990287.2340517,49.6,2.7,1600.0,0.2529296875,760.0,7302.4,0x0,10.9,367.7,98.71
1790990288.2444973,49.0,1.7,1500.0,0.2529296875,757.7,7304.6,0x0,4.9,367.7,98.76
1790990289.2545285,50.7,0.2,1500.0,0.232421875,758.0,7304.3,0x0,2.0,367.7,98.78
1790990290.2646854,50.1,0.2,1500.0,0.232421875,759.3,7303.0,0x0,2.0,367.7,98.8
1790990291.2747788,50.1,0.0,1500.0,0.232421875,757.6,7304.7,0x0,2.0,367.7,98.82
1790990292.2847893,50.1,13.2,2400.0,0.232421875,757.2,7305.2,0x0,52.5,367.7,99.35
1790990293.2932487,53.5,11.2,2400.0,0.232421875,760.7,7301.6,0x0,46.6,367.7,99.82
1790990294.3062363,51.2,1.7,2400.0,0.21337890625,759.8,7302.6,0x0,3.0,367.7,99.85
1790990295.3145804,51.8,1.7,2400.0,0.21337890625,758.9,7303.5,0x0,7.9,367.7,99.93
1790990296.3235524,51.8,8.7,2400.0,0.21337890625,758.6,7303.7,0x0,33.7,367.7,100.27
1790990297.331846,52.9,7.2,2400.0,0.21337890625,758.4,7304.0,0x0,30.7,367.7,100.58
1790990298.3404763,50.1,4.2,2400.0,0.21337890625,757.5,7304.8,0x0,12.9,367.7,100.71
1790990299.3487556,52.4,10.5,2400.0,0.1962890625,758.2,7304.1,0x0,41.7,367.7,101.13
1790990300.3571281,52.4,0.2,2400.0,0.1962890625,758.5,7303.8,0x0,0.0,367.7,101.13
1790990301.365445,54.0,13.9,2400.0,0.1962890625,758.3,7304.0,0x0,55.5,367.7,101.69
1790990302.3738155,51.8,0.5,1500.0,0.1962890625,756.9,7305.4,0x0,0.0,367.7,101.69
1790990303.3794823,51.2,2.5,1800.0,0.1962890625,757.3,7305.0,0x0,9.9,367.7,101.79
1790990304.3855267,52.4,11.0,2400.0,0.18017578125,757.1,7305.2,0x0,41.7,367.7,102.21
1790990305.389912,52.4,0.2,2400.0,0.18017578125,758.5,7303.8,0x0,2.0,367.7,102.23
1790990306.3991067,52.9,11.1,2400.0,0.18017578125,758.0,7304.3,0x0,41.6,367.7,102.65
1790990307.4074273,54.0,3.0,2400.0,0.18017578125,759.7,7302.7,0x0,13.9,367.7,102.79
1790990308.416309,51.2,8.5,2400.0,0.18017578125,758.5,7303.8,0x0,31.7,367.7,103.11
1790990309.4246244,51.2,1.7,1500.0,0.16552734375,758.0,7304.3,0x0,4.0,367.7,103.15
1790990310.4355721,52.4,14.9,2400.0,0.16552734375,757.9,7304.5,0x0,57.4,367.7,103.73
1790990311.4438856,51.8,0.2,2400.0,0.16552734375,759.3,7303.0,0x0,0.0,367.7,103.73
1790990312.4521425,52.4,0.7,2400.0,0.16552734375,757.6,7304.7,0x0,3.0,367.7,103.76
1790990313.4605777,52.9,1.3,2400.0,0.16552734375,760.5,7301.8,0x0,5.9,367.7,103.82
1790990314.4690435,51.2,1.7,2400.0,0.15185546875,760.7,7301.6,0x0,6.9,367.7,103.89
1790990315.477662,50.7,2.5,1600.0,0.15185546875,757.9,7304.4,0x0,8.9,367.7,103.98
1790990316.487701,51.8,2.7,1600.0,0.15185546875,757.0,7305.3,0x0,12.9,367.7,104.11
1790990317.5963476,51.2,2.7,1600.0,0.15185546875,757.9,7304.4,0x0,9.0,367.7,104.21
1790990318.602396,51.2,2.5,1600.0,0.15185546875,756.6,7305.7,0x0,10.9,367.7,104.32
1790990319.6084163,51.8,3.0,1600.0,0.22021484375,756.6,7305.7,0x0,12.9,367.7,104.45
1790990320.6144693,51.8,2.8,1600.0,0.22021484375,757.3,7305.0,0x0,12.9,367.7,104.58
1790990321.6205359,51.8,3.0,1600.0,0.22021484375,756.1,7306.2,0x0,12.9,367.7,104.71
1790990322.6268165,51.2,3.0,1700.0,0.22021484375,755.7,7306.6,0x0,11.9,367.7,104.83
1790990323.632502,51.2,3.2,1600.0,0.22021484375,757.1,7305.2,0x0,12.9,367.7,104.96
1790990324.6384654,51.8,3.5,1700.0,0.2021484375,755.9,7306.4,0x0,12.9,367.7,105.09
1790990325.6462364,51.8,4.0,1700.0,0.2021484375,755.9,7306.4,0x0,13.9,367.7,105.23
1790990326.6518972,50.7,0.3,1500.0,0.2021484375,757.8,7304.5,0x0,1.0,367.7,105.24
1790990327.6581247,49.6,0.3,1500.0,0.2021484375,757.1,7305.2,0x0,2.0,367.7,105.26
1790990328.6641943,51.2,0.3,1500.0,0.2021484375,756.9,7305.4,0x0,2.0,367.7,105.28
1790990329.6702642,50.1,0.0,1500.0,0.185546875,757.6,7304.7,0x0,2.0,367.7,105.3
1790990330.6763005,51.2,2.2,2400.0,0.185546875,758.0,7304.3,0x0,8.0,367.7,105.38
1790990331.6806548,51.8,0.0,2400.0,0.185546875,759.7,7302.6,0x0,1.0,367.7,105.39
1790990332.6849318,51.8,1.2,2400.0,0.185546875,760.4,7301.9,0x0,4.0,367.7,105.43
1790990333.6893735,51.2,1.3,2400.0,0.185546875,759.3,7303.0,0x0,6.0,367.7,105.49
1790990334.6938145,51.2,1.3,2400.0,0.17041015625,763.8,7298.5,0x0,7.0,367.7,105.56
1790990335.6988556,51.8,1.8,1500.0,0.17041015625,762.0,7300.3,0x0,7.0,367.7,105.63
1790990336.7049415,51.8,3.0,1700.0,0.17041015625,761.1,7301.2,0x0,11.9,367.7,105.75
1790990337.710665,50.7,2.5,1600.0,0.17041015625,760.1,7302.2,0x0,10.9,367.7,105.86
1790990338.7206652,51.2,2.5,1700.0,0.17041015625,758.7,7303.6,0x0,10.9,367.7,105.97
1790990339.730362,50.7,2.7,1600.0,0.15673828125,759.6,7302.7,0x0,12.9,367.7,106.1
1790990340.7410228,51.8,4.0,1600.0,0.15673828125,758.7,7303.6,0x0,11.9,367.7,106.22
1790990341.751005,51.2,3.0,1500.0,0.15673828125,757.8,7304.5,0x0,10.9,367.7,106.33
1790990342.7610636,50.7,0.5,1500.0,0.15673828125,760.9,7301.4,0x0,1.0,367.7,106.34
1790990343.7712574,50.7,0.2,1500.0,0.15673828125,761.7,7300.6,0x0,3.0,367.7,106.37
1790990344.7813547,51.2,11.9,2400.0,0.14404296875,760.2,7302.1,0x0,47.5,367.7,106.85
1790990345.790691,51.8,3.2,2400.0,0.14404296875,759.5,7302.8,0x0,10.9,367.7,106.96
1790990346.799035,52.9,17.5,2400.0,0.14404296875,761.0,7301.3,0x0,69.4,367.7,107.66
1790990347.8073654,52.4,0.0,2400.0,0.14404296875,761.9,7300.4,0x0,1.0,367.7,107.67
1790990348.815685,52.9,0.0,2400.0,0.14404296875,761.5,7300.8,0x0,0.0,367.7,107.67
1790990349.8239405,51.2,0.7,1600.0,0.13232421875,759.4,7302.9,0x0,2.0,367.7,107.69
1790990350.8339505,51.2,2.5,1500.0,0.13232421875,760.4,7301.9,0x0,8.9,367.7,107.78
1790990351.8401947,51.2,2.7,1600.0,0.13232421875,760.6,7301.7,0x0,8.9,367.7,107.87
1790990352.8502455,51.8,2.7,1600.0,0.13232421875,757.4,7304.9,0x0,10.9,367.7,107.98
1790990353.8602104,51.2,3.0,1600.0,0.13232421875,757.4,7305.0,0x0,10.9,367.7,108.09
1790990354.870205,50.7,2.5,1600.0,0.12158203125,756.3,7306.0,0x0,9.9,367.7,108.19
1790990355.8802116,49.6,3.2,1600.0,0.12158203125,756.2,7306.1,0x0,11.9,367.7,108.31
1790990356.8903148,51.2,3.5,1600.0,0.12158203125,756.5,7305.8,0x0,11.9,367.7,108.43
1790990357.9010315,50.7,3.7,1600.0,0.12158203125,756.7,7305.6,0x0,11.9,367.7,108.55
1790990358.9110258,50.1,4.0,1700.0,0.12158203125,756.5,7305.8,0x0,13.9,367.7,108.69
1790990359.920929,51.2,4.0,1700.0,0.11181640625,760.3,7302.0,0x0,11.9,367.7,108.81
1790990360.930638,50.1,6.1,1600.0,0.11181640625,759.8,7302.5,0x0,13.9,367.7,108.95
1790990361.9406812,51.8,4.0,1500.0,0.11181640625,759.8,7302.5,0x0,13.9,367.7,109.09
1790990362.9509463,50.1,3.7,1600.0,0.11181640625,758.9,7303.4,0x0,12.9,367.7,109.22
1790990363.9616766,50.7,4.2,1700.0,0.11181640625,758.6,7303.7,0x0,12.9,367.7,109.35
1790990364.971346,50.1,3.5,1700.0,0.1025390625,758.3,7304.0,0x0,12.9,367.7,109.48
1790990365.9811153,51.2,4.2,1600.0,0.1025390625,758.1,7304.2,0x0,12.9,367.7,109.61
1790990366.9912264,51.2,4.0,1600.0,0.1025390625,761.1,7301.2,0x0,13.9,367.7,109.75
1790990368.001284,50.1,4.0,1600.0,0.1025390625,760.1,7302.2,0x0,13.9,367.7,109.89
1790990369.1115394,51.2,3.6,1600.0,0.09423828125,758.8,7303.6,0x0,11.7,367.7,110.02
1790990370.117545,51.2,4.2,1500.0,0.09423828125,760.8,7301.5,0x0,13.9,367.7,110.16
1790990371.1236358,51.2,2.2,1500.0,0.09423828125,760.2,7302.1,0x0,8.0,367.7,110.24
1790990372.1297116,50.7,1.5,1500.0,0.09423828125,761.9,7300.4,0x0,2.0,367.7,110.26
1790990373.2404227,51.2,2.0,1500.0,0.09423828125,763.3,7299.0,0x0,1.8,367.7,110.28
1790990374.2465048,50.1,1.7,1500.0,0.08642578125,761.9,7300.4,0x0,2.0,367.7,110.3
1790990375.252612,50.1,2.0,1500.0,0.08642578125,760.4,7301.9,0x0,2.0,367.7,110.32
1790990376.2588105,49.6,1.2,1500.0,0.08642578125,762.0,7300.3,0x0,2.0,367.7,110.34
1790990377.2648215,49.0,2.2,1500.0,0.08642578125,762.5,7299.8,0x0,8.0,367.7,110.42
1790990378.3719606,49.6,0.9,1600.0,0.08642578125,761.5,7300.8,0x0,2.7,367.7,110.45
1790990379.3781025,50.7,3.0,1600.0,0.0791015625,759.4,7302.9,0x0,8.9,367.7,110.54
1790990380.3840678,49.6,2.7,1600.0,0.0791015625,760.8,7301.5,0x0,9.9,367.7,110.64
1790990381.3900173,50.7,2.7,1600.0,0.0791015625,760.8,7301.5,0x0,10.9,367.7,110.75
1790990382.3960252,49.6,4.2,1500.0,0.0791015625,758.6,7303.7,0x0,9.9,367.7,110.85
1790990383.4068692,50.1,4.4,1600.0,0.0791015625,758.2,7304.1,0x0,10.9,367.7,110.96
1790990384.4169996,51.2,5.8,1500.0,0.07275390625,758.9,7303.4,0x0,11.9,367.7,111.08
1790990385.4226964,50.1,2.8,1700.0,0.07275390625,757.3,7305.0,0x0,11.9,367.7,111.2
1790990386.4283516,50.7,2.3,1600.0,0.07275390625,756.8,7305.5,0x0,11.9,367.7,111.32
1790990387.4343572,51.2,2.8,1500.0,0.07275390625,757.0,7305.3,0x0,12.9,367.7,111.45
1790990388.4415617,50.7,2.8,1600.0,0.07275390625,759.3,7303.0,0x0,13.9,367.7,111.59
1790990389.447576,51.2,2.8,1700.0,0.1474609375,759.0,7303.3,0x0,13.9,367.7,111.73
1790990390.4532738,50.7,3.0,1600.0,0.1474609375,758.4,7304.0,0x0,13.9,367.7,111.87
1790990391.4593244,50.1,2.3,1500.0,0.1474609375,758.4,7304.0,0x0,10.9,367.7,111.98
1790990392.4654772,51.2,0.2,1500.0,0.1474609375,759.3,7303.0,0x0,1.0,367.7,111.99
1790990393.4756079,49.0,0.0,1500.0,0.1474609375,760.2,7302.1,0x0,2.0,367.7,112.01
1790990394.4857206,50.7,3.7,1700.0,0.13525390625,759.0,7303.3,0x0,16.8,367.7,112.18
1790990395.4961622,50.1,9.7,2400.0,0.13525390625,759.5,7302.8,0x0,37.6,367.7,112.56
1790990396.504533,52.9,17.5,2400.0,0.13525390625,761.4,7300.9,0x0,69.4,367.7,113.26
1790990397.5129125,51.8,0.5,2400.0,0.13525390625,759.5,7302.8,0x0,0.0,367.7,113.26
1790990398.5213113,51.2,0.2,2400.0,0.13525390625,758.4,7303.9,0x0,1.0,367.7,113.27
1790990399.5295742,51.8,0.7,2400.0,0.1240234375,760.0,7302.3,0x0,2.0,367.7,113.29
1790990400.537999,51.2,1.5,1500.0,0.1240234375,758.7,7303.6,0x0,8.9,367.7,113.38
1790990401.5481493,49.6,2.7,1600.0,0.1240234375,758.7,7303.6,0x0,9.9,367.7,113.48
1790990402.558255,51.8,2.5,1600.0,0.1240234375,760.3,7302.0,0x0,9.9,367.7,113.58
1790990403.5683966,51.2,2.7,1600.0,0.1240234375,761.8,7300.6,0x0,8.9,367.7,113.67
1790990404.5786235,50.7,2.7,1600.0,0.11376953125,761.0,7301.3,0x0,12.9,367.7,113.8
1790990405.6895392,50.7,2.7,1600.0,0.11376953125,760.6,7301.7,0x0,9.9,367.7,113.91
1790990406.6954994,51.2,3.0,1500.0,0.11376953125,759.9,7302.4,0x0,11.9,367.7,114.03
1790990407.702021,50.7,3.7,1500.0,0.11376953125,759.0,7303.4,0x0,9.9,367.7,114.13
1790990408.7079751,50.7,0.0,1500.0,0.11376953125,759.7,7302.7,0x0,2.0,367.7,114.15
1790990409.71802,50.7,0.2,1500.0,0.1044921875,759.2,7303.1,0x0,2.0,367.7,114.17
1790990410.7280188,50.7,0.2,1500.0,0.1044921875,760.3,7302.0,0x0,2.0,367.7,114.19
1790990411.7380476,50.1,13.2,2400.0,0.1044921875,759.3,7303.0,0x0,52.5,367.7,114.72
1790990412.7464502,52.4,14.0,2400.0,0.1044921875,760.3,7302.0,0x0,57.5,367.7,115.3
1790990413.7579703,51.8,3.7,2400.0,0.1044921875,761.9,7300.4,0x0,11.9,367.7,115.42
1790990414.7663069,50.7,0.5,2400.0,0.095703125,761.2,7301.1,0x0,1.0,367.7,115.43
1790990415.8720248,51.8,0.5,2400.0,0.095703125,757.8,7304.5,0x0,1.8,367.7,115.45
1790990416.8764284,51.8,2.5,1600.0,0.095703125,757.8,7304.5,0x0,8.0,367.7,115.53
1790990417.8824372,51.8,2.7,1600.0,0.095703125,759.5,7302.8,0x0,9.9,367.7,115.63
1790990418.8884327,51.2,2.5,1500.0,0.095703125,757.1,7305.2,0x0,9.9,367.7,115.73
1790990419.8946362,50.1,2.5,1600.0,0.087890625,758.0,7304.3,0x0,9.9,367.7,115.83
1790990420.9010484,51.2,2.8,1700.0,0.087890625,757.3,7305.0,0x0,10.9,367.7,115.94
1790990421.9107141,51.2,2.7,1700.0,0.087890625,757.5,7304.8,0x0,10.9,367.7,116.05
1790990422.920374,50.7,2.5,1600.0,0.087890625,757.5,7304.8,0x0,11.9,367.7,116.17
1790990423.9302506,50.7,0.0,1500.0,0.087890625,757.7,7304.6,0x0,1.0,367.7,116.18
1790990424.9403064,50.7,0.2,1500.0,0.08056640625,757.5,7304.9,0x0,2.0,367.7,116.2
1790990425.950392,52.4,0.0,1500.0,0.08056640625,756.8,7305.6,0x0,2.0,367.7,116.22
1790990426.960577,50.7,0.2,1500.0,0.08056640625,757.7,7304.6,0x0,2.0,367.7,116.24
1790990428.0717168,50.7,18.0,2400.0,0.08056640625,758.1,7304.2,0x0,63.9,367.7,116.95
1790990429.076083,50.7,4.1,2400.0,0.08056640625,757.9,7304.4,0x0,1.0,367.7,116.96
1790990430.084334,53.5,19.2,2400.0,0.07373046875,757.4,7304.9,0x0,73.4,367.7,117.7
1790990431.09269,52.4,0.0,2400.0,0.07373046875,760.7,7301.7,0x0,1.0,367.7,117.71
1790990432.2018123,50.7,0.2,2400.0,0.07373046875,761.3,7301.0,0x0,0.0,367.7,117.71
1790990433.2060246,52.4,1.2,1600.0,0.07373046875,760.4,7301.9,0x0,4.0,367.7,117.75
1790990434.2119875,51.2,3.0,1600.0,0.0673828125,759.7,7302.6,0x0,8.9,367.7,117.84
1790990435.218025,51.2,2.5,1600.0,0.0673828125,759.5,7302.8,0x0,9.9,367.7,117.94
1790990436.2240505,51.2,2.8,1600.0,0.0673828125,757.6,7304.7,0x0,9.9,367.7,118.04
1790990437.23019,51.2,2.5,1600.0,0.0673828125,758.1,7304.2,0x0,9.9,367.7,118.14
1790990438.240537,51.8,2.7,1600.0,0.0673828125,757.8,7304.5,0x0,11.9,367.7,118.26
1790990439.2504961,51.2,3.2,1700.0,0.0615234375,756.4,7305.9,0x0,11.9,367.7,118.38
1790990440.2601213,51.2,0.5,1500.0,0.0615234375,757.6,7304.7,0x0,1.0,367.7,118.39
1790990441.2701895,51.8,0.2,1500.0,0.0615234375,756.6,7305.7,0x0,2.0,367.7,118.41
1790990442.2803247,49.6,2.5,1500.0,0.0615234375,756.8,7305.5,0x0,10.9,367.7,118.52
1790990443.29229,51.8,9.5,2400.0,0.0615234375,760.1,7302.2,0x0,36.6,367.7,118.89
1790990444.3987765,52.4,16.1,2400.0,0.05615234375,760.4,7301.9,0x0,62.4,367.7,119.58
1790990445.4032154,51.8,0.0,2400.0,0.05615234375,759.0,7303.3,0x0,0.0,367.7,119.58
1790990446.4075725,51.2,0.0,2400.0,0.05615234375,759.2,7303.1,0x0,1.0,367.7,119.59
1790990447.4119425,50.7,1.2,1600.0,0.05615234375,758.1,7304.2,0x0,4.0,367.7,119.63
1790990448.4180717,51.2,3.0,1600.0,0.05615234375,757.1,7305.2,0x0,9.9,367.7,119.73
1790990449.4241893,51.2,2.7,1600.0,0.05126953125,757.6,7304.7,0x0,8.9,367.7,119.82
1790990450.4302535,51.8,3.5,1600.0,0.05126953125,757.0,7305.3,0x0,9.9,367.7,119.92
1790990451.4363043,50.1,2.8,1600.0,0.05126953125,756.5,7305.8,0x0,10.9,367.7,120.03
1790990452.442423,49.6,3.5,1500.0,0.05126953125,757.0,7305.3,0x0,10.9,367.7,120.14
1790990453.448608,51.2,3.0,1600.0,0.05126953125,756.3,7306.0,0x0,9.9,367.7,120.24
1790990454.454668,51.2,0.7,1500.0,0.046875,758.2,7304.1,0x0,2.0,367.7,120.26
1790990455.4609463,50.7,2.0,1500.0,0.046875,760.1,7302.2,0x0,2.0,367.7,120.28
1790990456.467212,50.7,1.5,1500.0,0.046875,759.8,7302.5,0x0,2.0,367.7,120.3
1790990457.473417,50.7,13.2,2400.0,0.046875,758.9,7303.4,0x0,52.7,367.7,120.83
1790990458.4779196,52.9,2.7,2400.0,0.046875,759.6,7302.7,0x0,10.0,367.7,120.93
1790990459.4871526,51.8,9.5,2400.0,0.04296875,760.3,7302.0,0x0,36.7,367.7,121.3
1790990460.49557,51.8,0.0,2400.0,0.04296875,758.7,7303.6,0x0,0.0,367.7,121.3
1790990461.5039568,52.4,10.7,2400.0,0.04296875,758.9,7303.4,0x0,42.6,367.7,121.73
1790990462.5124166,51.8,0.7,1500.0,0.04296875,758.9,7303.4,0x0,1.0,367.7,121.74
1790990463.5233138,52.4,10.2,2400.0,0.04296875,758.7,7303.6,0x0,40.6,367.7,122.15
1790990464.5317068,54.5,10.9,2400.0,0.0390625,759.9,7302.4,0x0,42.6,367.7,122.58
1790990465.540181,52.4,0.5,2400.0,0.0390625,758.8,7303.6,0x0,1.0,367.7,122.59
1790990466.5485857,54.0,13.4,2400.0,0.0390625,759.5,7302.9,0x0,51.6,367.7,123.11
1790990467.5570445,52.4,0.2,2400.0,0.0390625,759.9,7302.4,0x0,1.0,367.7,123.12
1790990468.5654068,52.4,0.0,1500.0,0.0390625,759.9,7302.4,0x0,0.0,367.7,123.12
1790990469.5753975,51.8,14.0,2400.0,0.03564453125,759.2,7303.1,0x0,52.5,367.7,123.65
1790990470.58383,51.8,1.7,2400.0,0.03564453125,758.7,7303.6,0x0,1.0,367.7,123.66
1790990471.5921745,52.9,11.0,2400.0,0.03564453125,757.8,7304.5,0x0,42.6,367.7,124.09
1790990472.600578,53.5,0.0,2400.0,0.03564453125,756.8,7305.5,0x0,0.0,367.7,124.09
1790990473.6088574,51.8,11.7,2400.0,0.03564453125,757.1,7305.2,0x0,45.6,367.7,124.55
1790990474.6173146,51.8,0.2,1500.0,0.03271484375,756.4,7305.9,0x0,0.0,367.7,124.55
1790990475.623382,52.4,15.5,2400.0,0.03271484375,756.4,7305.9,0x0,60.6,367.7,125.16
1790990476.627872,52.4,0.2,2400.0,0.03271484375,757.1,7305.2,0x0,1.0,367.7,125.17
1790990477.6361597,51.2,0.5,2400.0,0.03271484375,757.1,7305.2,0x0,2.0,367.7,125.19
1790990478.6447031,52.9,1.7,2400.0,0.03271484375,760.9,7301.4,0x0,6.9,367.7,125.26
1790990479.6533823,52.9,1.5,2400.0,0.02978515625,761.5,7300.8,0x0,5.9,367.7,125.32
1790990480.6621985,52.4,2.0,1600.0,0.02978515625,764.8,7297.5,0x0,8.9,367.7,125.41
1790990481.6723225,51.2,2.5,1600.0,0.02978515625,764.1,7298.2,0x0,9.9,367.7,125.51
1790990482.682454,51.8,3.0,1600.0,0.02978515625,761.3,7301.0,0x0,11.9,367.7,125.63
1790990483.6925995,52.9,2.7,1600.0,0.02978515625,762.0,7300.3,0x0,11.9,367.7,125.75
1790990484.702777,51.8,2.5,1600.0,0.10791015625,761.1,7301.2,0x0,11.9,367.7,125.87
1790990485.713891,51.8,2.8,1600.0,0.10791015625,759.4,7302.9,0x0,11.9,367.7,125.99
1790990486.7240186,50.1,2.8,1700.0,0.10791015625,760.4,7301.9,0x0,11.9,367.7,126.11
1790990487.7338302,51.8,2.5,1600.0,0.10791015625,759.2,7303.1,0x0,13.9,367.7,126.25
1790990488.743946,51.8,2.8,1600.0,0.10791015625,757.5,7304.8,0x0,13.9,367.7,126.39
1790990489.754055,51.8,3.0,1600.0,0.09912109375,758.7,7303.6,0x0,13.9,367.7,126.53
1790990490.7641318,51.2,3.0,1600.0,0.09912109375,757.5,7304.8,0x0,12.9,367.7,126.66
1790990491.7743108,51.8,2.5,1700.0,0.09912109375,759.6,7302.7,0x0,12.9,367.7,126.79
1790990492.784765,51.8,3.0,1600.0,0.09912109375,759.8,7302.5,0x0,12.9,367.7,126.92
1790990493.7948427,50.7,3.0,1500.0,0.09912109375,759.4,7303.0,0x0,13.9,367.7,127.06
1790990494.8051112,50.7,2.8,1600.0,0.0908203125,759.1,7303.2,0x0,13.9,367.7,127.2
1790990495.8151984,50.1,3.0,1700.0,0.0908203125,760.3,7302.0,0x0,12.9,367.7,127.33
1790990496.8244293,51.2,3.0,1500.0,0.0908203125,757.9,7304.5,0x0,12.9,367.7,127.46
1790990497.8313847,50.1,2.8,1600.0,0.0908203125,757.7,7304.7,0x0,12.9,367.7,127.59
1790990498.837472,51.8,3.5,1600.0,0.0908203125,759.2,7303.1,0x0,13.9,367.7,127.73
1790990499.8435063,51.2,0.0,1500.0,0.08349609375,759.7,7302.7,0x0,1.0,367.7,127.74
1790990500.849665,51.8,0.5,1500.0,0.08349609375,759.3,7303.0,0x0,2.0,367.7,127.76
1790990501.8559048,51.2,0.3,1500.0,0.08349609375,758.6,7303.7,0x0,1.0,367.7,127.77
1790990502.8621013,51.2,1.5,1500.0,0.08349609375,760.3,7302.0,0x0,6.0,367.7,127.83
1790990503.8721793,50.1,1.5,1600.0,0.08349609375,760.5,7301.8,0x0,5.0,367.7,127.88
1790990504.8822668,51.2,2.7,1500.0,0.07666015625,759.3,7303.0,0x0,8.9,367.7,127.97
1790990505.8925068,50.7,2.7,1600.0,0.07666015625,758.5,7303.9,0x0,9.9,367.7,128.07
1790990506.8987317,51.8,2.7,1600.0,0.07666015625,761.8,7300.5,0x0,9.9,367.7,128.17
1790990507.9089372,50.1,2.7,1600.0,0.07666015625,761.2,7301.1,0x0,9.9,367.7,128.27
1790990508.919076,50.7,2.2,1600.0,0.07666015625,761.2,7301.1,0x0,10.9,367.7,128.38
1790990509.9292119,51.2,3.5,1600.0,0.0703125,760.3,7302.0,0x0,10.9,367.7,128.49
1790990510.939297,51.2,3.0,1600.0,0.0703125,760.3,7302.0,0x0,11.9,367.7,128.61
1790990511.9493005,51.2,3.2,1600.0,0.0703125,762.7,7299.7,0x0,13.9,367.7,128.75
1790990512.9594646,51.8,2.7,1700.0,0.0703125,762.6,7299.7,0x0,11.9,367.7,128.87
1790990513.9693143,51.2,4.0,1700.0,0.0703125,762.4,7299.9,0x0,11.9,367.7,128.99
1790990514.9791105,49.6,3.7,1600.0,0.064453125,761.9,7300.4,0x0,12.9,367.7,129.12
1790990515.989209,51.2,4.2,1500.0,0.064453125,761.0,7301.3,0x0,13.9,367.7,129.26
1790990516.9993672,51.2,4.2,1600.0,0.064453125,758.9,7303.4,0x0,12.9,367.7,129.39
1790990518.009455,51.2,3.7,1700.0,0.064453125,759.7,7302.6,0x0,12.9,367.7,129.52
1790990519.0217578,50.7,3.7,1700.0,0.064453125,759.3,7303.0,0x0,12.8,367.7,129.65
1790990520.029042,51.2,4.2,1600.0,0.05908203125,758.2,7304.1,0x0,12.9,367.7,129.78
1790990521.039151,51.2,4.2,1700.0,0.05908203125,759.8,7302.5,0x0,13.9,367.7,129.92
1790990522.0489347,51.2,4.2,1600.0,0.05908203125,760.3,7302.0,0x0,13.9,367.7,130.06
1790990523.0591078,50.1,3.5,1600.0,0.05908203125,760.3,7302.0,0x0,12.9,367.7,130.19
1790990524.0692127,51.2,4.0,1600.0,0.05908203125,759.6,7302.7,0x0,13.9,367.7,130.33
1790990525.0795448,51.2,4.0,1600.0,0.134765625,759.6,7302.7,0x0,12.9,367.7,130.46
1790990526.0905535,51.2,4.0,1600.0,0.134765625,760.8,7301.5,0x0,13.8,367.7,130.6
1790990527.1006372,51.2,4.0,1600.0,0.134765625,760.8,7301.5,0x0,13.9,367.7,130.74
1790990528.1107514,51.2,3.7,1700.0,0.134765625,759.4,7302.9,0x0,12.9,367.7,130.87
1790990529.120564,51.2,4.7,1600.0,0.134765625,761.0,7301.3,0x0,13.9,367.7,131.01
1790990530.1307101,51.2,5.1,1500.0,0.12353515625,761.5,7300.8,0x0,13.9,367.7,131.15
1790990531.1410084,51.2,3.7,1600.0,0.12353515625,759.9,7302.4,0x0,12.9,367.7,131.28
1790990532.1516557,51.8,4.2,1700.0,0.12353515625,759.5,7302.8,0x0,13.9,367.7,131.42
1790990533.1613986,51.2,1.0,1500.0,0.12353515625,761.4,7300.9,0x0,1.0,367.7,131.43
1790990534.1715853,50.7,1.7,1500.0,0.12353515625,760.7,7301.6,0x0,2.0,367.7,131.45
1790990535.1817918,50.7,2.0,1500.0,0.11328125,759.8,7302.5,0x0,2.0,367.7,131.47
1790990536.1919863,50.7,1.2,1500.0,0.11328125,760.2,7302.1,0x0,2.0,367.7,131.49
1790990537.2021682,50.7,2.0,1500.0,0.11328125,760.0,7302.3,0x0,6.9,367.7,131.56
1790990538.3117607,51.2,1.1,1600.0,0.11328125,760.5,7301.8,0x0,3.6,367.7,131.6
1790990539.3178542,50.7,2.7,1600.0,0.10400390625,760.2,7302.1,0x0,8.9,367.7,131.69
1790990540.323923,50.7,2.5,1600.0,0.10400390625,759.1,7303.2,0x0,9.9,367.7,131.79
1790990541.3300228,49.0,3.0,1600.0,0.10400390625,758.7,7303.7,0x0,8.9,367.7,131.88
1790990542.3361552,51.2,3.2,1600.0,0.10400390625,757.9,7304.4,0x0,10.9,367.7,131.99
1790990543.3423061,50.7,3.7,1600.0,0.10400390625,758.6,7303.7,0x0,11.9,367.7,132.11
1790990544.3484755,50.7,4.0,1600.0,0.09521484375,758.4,7303.9,0x0,11.9,367.7,132.23
1790990545.3547385,50.1,4.2,1700.0,0.09521484375,757.1,7305.2,0x0,10.9,367.7,132.34
1790990546.360551,51.2,4.0,1600.0,0.09521484375,757.6,7304.7,0x0,11.9,367.7,132.46
1790990547.3666387,51.2,4.4,1500.0,0.09521484375,757.1,7305.2,0x0,12.9,367.7,132.59
1790990548.3728712,51.2,3.7,1600.0,0.09521484375,757.1,7305.2,0x0,13.9,367.7,132.73
1790990549.3790803,50.7,2.5,1700.0,0.08740234375,757.6,7304.8,0x0,12.9,367.7,132.86
1790990550.3849556,51.2,2.8,1700.0,0.08740234375,756.4,7305.9,0x0,13.9,367.7,133.0
1790990551.3907259,50.7,2.5,1600.0,0.08740234375,756.7,7305.6,0x0,12.9,367.7,133.13
1790990552.396829,51.2,1.3,1500.0,0.08740234375,758.5,7303.8,0x0,7.0,367.7,133.2
1790990553.403076,50.7,0.3,1500.0,0.08740234375,760.9,7301.4,0x0,2.0,367.7,133.22
1790990554.4094002,50.1,0.5,1500.0,0.080078125,760.4,7301.9,0x0,2.0,367.7,133.24
1790990555.4155407,49.6,0.0,1500.0,0.080078125,760.2,7302.1,0x0,2.0,367.7,133.26
1790990556.4216955,50.1,0.3,1500.0,0.080078125,759.7,7302.7,0x0,2.0,367.7,133.28
1790990557.4278526,50.1,0.3,1500.0,0.080078125,759.7,7302.7,0x0,2.0,367.7,133.3
1790990558.4339933,51.2,2.0,1500.0,0.080078125,759.4,7302.9,0x0,7.0,367.7,133.37
1790990559.4401383,50.1,0.8,1600.0,0.0732421875,762.5,7299.9,0x0,3.0,367.7,133.4
1790990560.446217,50.7,1.5,1600.0,0.0732421875,761.1,7301.2,0x0,8.9,367.7,133.49
1790990561.4522996,51.2,2.7,1600.0,0.0732421875,759.7,7302.6,0x0,9.9,367.7,133.59
1790990562.4585187,51.2,2.7,1600.0,0.0732421875,759.5,7302.8,0x0,9.9,367.7,133.69
1790990563.464635,49.6,2.5,1600.0,0.0732421875,758.8,7303.5,0x0,10.9,367.7,133.8
1790990564.4707386,51.2,2.5,1700.0,0.06689453125,758.8,7303.5,0x0,9.9,367.7,133.9
1790990565.4764926,50.7,2.8,1600.0,0.06689453125,759.3,7303.0,0x0,11.9,367.7,134.02
1790990566.4825685,51.2,2.5,1500.0,0.06689453125,758.3,7304.0,0x0,11.9,367.7,134.14
1790990567.489361,49.6,3.0,1600.0,0.06689453125,758.6,7303.7,0x0,11.9,367.7,134.26
1790990568.4954371,49.0,2.8,1700.0,0.06689453125,758.6,7303.7,0x0,14.9,367.7,134.41
1790990569.5011723,49.6,2.8,1600.0,0.0615234375,758.2,7304.2,0x0,11.9,367.7,134.53
1790990570.50728,50.7,1.0,1500.0,0.0615234375,760.5,7301.8,0x0,5.0,367.7,134.58
1790990571.5135195,50.7,0.0,1500.0,0.0615234375,762.2,7300.1,0x0,2.0,367.7,134.6
1790990572.5196445,50.1,0.5,1500.0,0.0615234375,760.5,7301.8,0x0,1.0,367.7,134.61
1790990573.5263715,50.7,1.5,1500.0,0.0615234375,761.5,7300.9,0x0,6.0,367.7,134.67
1790990574.532435,50.1,2.0,1500.0,0.05615234375,762.2,7300.2,0x0,6.0,367.7,134.73
1790990575.5426102,50.7,2.5,1600.0,0.05615234375,760.2,7302.1,0x0,9.9,367.7,134.83
1790990576.5527709,50.1,2.5,1600.0,0.05615234375,759.0,7303.3,0x0,8.9,367.7,134.92
1790990577.5628562,51.2,2.5,1600.0,0.05615234375,760.0,7302.4,0x0,9.9,367.7,135.02
1790990578.572843,50.7,2.7,1600.0,0.05615234375,758.7,7303.6,0x0,12.9,367.7,135.15
1790990579.683713,51.2,2.7,1600.0,0.05126953125,757.8,7304.6,0x0,9.0,367.7,135.25
1790990580.6897755,51.8,2.5,1600.0,0.05126953125,758.7,7303.6,0x0,11.9,367.7,135.37
1790990581.6957595,49.6,3.0,1600.0,0.05126953125,758.5,7303.8,0x0,11.9,367.7,135.49
1790990582.701806,51.2,3.0,1600.0,0.05126953125,757.8,7304.5,0x0,12.9,367.7,135.62
1790990583.7079043,50.7,2.8,1600.0,0.05126953125,758.1,7304.2,0x0,12.9,367.7,135.75
1790990584.7147303,49.6,3.7,1700.0,0.12744140625,758.6,7303.7,0x0,11.9,367.7,135.87
1790990585.7204113,50.7,2.0,1500.0,0.12744140625,758.3,7304.0,0x0,6.0,367.7,135.93
1790990586.7265036,51.2,0.3,1500.0,0.12744140625,760.8,7301.5,0x0,2.0,367.7,135.95
1790990587.732589,50.7,0.2,1500.0,0.12744140625,761.1,7301.2,0x0,2.0,367.7,135.97
1790990588.7386289,51.2,11.0,2400.0,0.12744140625,759.4,7302.9,0x0,42.7,367.7,136.4
1790990589.7429543,50.7,14.5,2400.0,0.27783203125,759.9,7302.4,0x0,57.8,367.7,136.98
1790990590.7512574,50.7,0.2,2400.0,0.27783203125,759.2,7303.1,0x0,0.0,367.7,136.98
1790990591.759484,51.8,0.5,2400.0,0.27783203125,757.8,7304.5,0x0,2.0,367.7,137.0
1790990592.7678132,51.8,1.2,2400.0,0.27783203125,756.9,7305.4,0x0,6.0,367.7,137.06
1790990593.7763104,51.2,2.5,1600.0,0.27783203125,757.8,7304.6,0x0,8.9,367.7,137.15
1790990594.7862456,51.2,2.5,1600.0,0.25537109375,757.0,7305.3,0x0,8.9,367.7,137.24
1790990595.7962039,50.1,2.7,1600.0,0.25537109375,756.0,7306.3,0x0,10.9,367.7,137.35
1790990596.8061793,50.7,2.7,1500.0,0.25537109375,757.0,7305.3,0x0,9.9,367.7,137.45
1790990597.8162038,51.8,2.7,1600.0,0.25537109375,756.7,7305.6,0x0,11.9,367.7,137.57
1790990598.826152,50.1,2.5,1700.0,0.25537109375,755.5,7306.8,0x0,9.9,367.7,137.67
1790990599.8358047,50.7,2.7,1600.0,0.23486328125,756.2,7306.1,0x0,10.9,367.7,137.78
1790990600.846394,51.2,4.2,1600.0,0.23486328125,760.8,7301.5,0x0,13.9,367.7,137.92
1790990601.9527063,50.7,1.6,1500.0,0.23486328125,759.9,7302.5,0x0,3.6,367.7,137.96
1790990602.9587226,50.7,2.0,1500.0,0.23486328125,759.2,7303.1,0x0,2.0,367.7,137.98
1790990603.9648254,51.2,2.5,1500.0,0.23486328125,759.9,7302.4,0x0,2.0,367.7,138.0
1790990604.9709194,49.6,2.0,1500.0,0.2158203125,758.7,7303.7,0x0,2.0,367.7,138.02
1790990605.9770746,52.4,8.7,2400.0,0.2158203125,759.1,7303.2,0x0,33.8,367.7,138.36
1790990606.982666,51.8,10.0,2400.0,0.2158203125,760.5,7301.8,0x0,38.8,367.7,138.75
1790990607.9909904,51.8,0.0,2400.0,0.2158203125,760.7,7301.6,0x0,1.0,367.7,138.76
1790990608.9992259,52.9,17.5,2400.0,0.2158203125,758.7,7303.6,0x0,69.4,367.7,139.46
1790990610.0074952,50.7,0.0,2400.0,0.1982421875,759.4,7302.9,0x0,0.0,367.7,139.46
1790990611.0165148,50.7,0.2,1600.0,0.1982421875,758.5,7303.8,0x0,0.0,367.7,139.46
1790990612.026325,52.4,2.0,1600.0,0.1982421875,758.0,7304.3,0x0,6.9,367.7,139.53
1790990613.034202,50.1,2.2,1600.0,0.1982421875,758.0,7304.3,0x0,8.9,367.7,139.62
1790990614.0440316,51.2,2.7,1600.0,0.1982421875,757.1,7305.2,0x0,9.9,367.7,139.72
1790990615.0502002,50.7,3.0,1600.0,0.18212890625,756.2,7306.1,0x0,10.9,367.7,139.83
1790990616.060108,51.2,3.5,1600.0,0.18212890625,757.3,7305.0,0x0,10.9,367.7,139.94
1790990617.0662735,50.1,3.5,1700.0,0.18212890625,756.4,7306.0,0x0,9.9,367.7,140.04
1790990618.0758343,50.1,3.9,1700.0,0.18212890625,757.0,7305.3,0x0,10.9,367.7,140.15
1790990619.081818,51.2,4.2,1600.0,0.18212890625,757.3,7305.0,0x0,11.9,367.7,140.27
1790990620.0916996,50.7,4.4,1600.0,0.16748046875,757.0,7305.3,0x0,12.9,367.7,140.4
1790990621.0982258,50.7,1.7,1500.0,0.16748046875,757.3,7305.0,0x0,1.0,367.7,140.41
1790990622.1086907,51.2,1.5,1500.0,0.16748046875,757.5,7304.8,0x0,3.0,367.7,140.44
1790990623.1149418,52.4,12.0,2400.0,0.16748046875,757.3,7305.0,0x0,46.7,367.7,140.91
1790990624.1233218,51.8,0.0,2400.0,0.16748046875,762.0,7300.4,0x0,0.0,367.7,140.91
1790990625.1316109,51.8,18.0,2400.0,0.15380859375,762.0,7300.4,0x0,70.4,367.7,141.62
1790990626.139902,51.2,0.2,2400.0,0.15380859375,762.4,7299.9,0x0,1.0,367.7,141.63
1790990627.1444468,51.8,0.0,2400.0,0.15380859375,762.0,7300.4,0x0,0.0,367.7,141.63
1790990628.1526873,51.2,1.2,1600.0,0.15380859375,761.5,7300.9,0x0,5.0,367.7,141.68
1790990629.1621976,51.8,1.3,1600.0,0.15380859375,762.0,7300.3,0x0,8.9,367.7,141.77
1790990630.1720893,50.1,1.8,1600.0,0.14111328125,762.3,7300.0,0x0,9.9,367.7,141.87
1790990631.1782606,51.8,2.7,1600.0,0.14111328125,759.6,7302.7,0x0,9.9,367.7,141.97
1790990632.1883092,50.7,2.5,1600.0,0.14111328125,760.1,7302.2,0x0,9.9,367.7,142.07
1790990633.194709,51.2,2.8,1700.0,0.14111328125,760.0,7302.4,0x0,10.9,367.7,142.18
1790990634.2044122,51.2,2.5,1700.0,0.14111328125,758.3,7304.0,0x0,9.9,367.7,142.28
1790990635.2159173,51.8,2.8,1600.0,0.12939453125,759.0,7303.3,0x0,11.9,367.7,142.4
1790990636.225914,51.8,2.7,1600.0,0.12939453125,758.8,7303.5,0x0,12.9,367.7,142.53
1790990637.232104,51.2,2.0,1500.0,0.12939453125,758.5,7303.8,0x0,8.0,367.7,142.61
1790990638.2421515,49.6,0.0,1500.0,0.12939453125,762.1,7300.2,0x0,1.0,367.7,142.62
1790990639.248187,51.2,1.2,1500.0,0.12939453125,761.5,7300.9,0x0,2.0,367.7,142.64
1790990640.258242,51.2,0.0,1500.0,0.11865234375,760.8,7301.5,0x0,2.0,367.7,142.66
1790990641.264293,52.4,17.2,2400.0,0.11865234375,762.0,7300.3,0x0,66.6,367.7,143.33
1790990642.2726674,51.2,0.0,2400.0,0.11865234375,762.2,7300.1,0x0,1.0,367.7,143.34
1790990643.2783663,52.9,14.7,2400.0,0.11865234375,762.7,7299.6,0x0,57.7,367.7,143.92
1790990644.2866952,52.4,0.2,2400.0,0.10888671875,761.6,7300.8,0x0,0.0,367.7,143.92
1790990645.2943637,51.8,0.2,2400.0,0.10888671875,761.8,7300.5,0x0,1.0,367.7,143.93
1790990646.3026597,51.8,1.5,1600.0,0.10888671875,759.4,7302.9,0x0,5.0,367.7,143.98
1790990647.3086686,51.2,2.5,1600.0,0.10888671875,758.5,7303.8,0x0,8.9,367.7,144.07
1790990648.318758,51.2,2.5,1600.0,0.10888671875,760.2,7302.2,0x0,8.9,367.7,144.16
1790990649.328095,51.2,2.7,1600.0,0.1806640625,760.0,7302.3,0x0,9.9,367.7,144.26
1790990650.3381145,51.8,2.7,1500.0,0.1806640625,758.4,7303.9,0x0,10.9,367.7,144.37
1790990651.3442094,51.2,2.8,1600.0,0.1806640625,757.4,7304.9,0x0,10.9,367.7,144.48
1790990652.3543477,50.7,2.5,1700.0,0.1806640625,757.0,7305.4,0x0,10.9,367.7,144.59
1790990653.3601077,51.8,2.5,1600.0,0.1806640625,759.1,7303.2,0x0,10.9,367.7,144.7
1790990654.3702343,51.2,1.5,1500.0,0.166015625,759.0,7303.3,0x0,5.9,367.7,144.76
1790990655.3762589,50.7,0.3,1500.0,0.166015625,757.8,7304.5,0x0,2.0,367.7,144.78
1790990656.3863425,50.7,0.0,1500.0,0.166015625,758.1,7304.2,0x0,2.0,367.7,144.8
1790990657.39238,50.7,2.5,1500.0,0.166015625,759.0,7303.3,0x0,7.0,367.7,144.87
1790990658.4024198,51.2,0.0,1500.0,0.166015625,758.8,7303.5,0x0,0.0,367.7,144.87
1790990659.4083169,50.7,2.7,1600.0,0.15234375,757.7,7304.7,0x0,8.9,367.7,144.96
1790990660.4182944,51.2,2.5,1600.0,0.15234375,756.7,7305.6,0x0,8.9,367.7,145.05
1790990661.4243011,51.2,2.7,1600.0,0.15234375,755.8,7306.6,0x0,9.9,367.7,145.15
1790990662.434341,51.2,2.2,1600.0,0.15234375,755.3,7307.0,0x0,9.9,367.7,145.25
1790990663.44087,51.2,2.8,1600.0,0.15234375,755.8,7306.5,0x0,10.9,367.7,145.36
1790990664.4508471,51.8,3.0,1600.0,0.14013671875,755.5,7306.8,0x0,11.9,367.7,145.48
1790990665.4567742,50.1,2.8,1700.0,0.14013671875,755.3,7307.0,0x0,10.9,367.7,145.59
1790990666.4664922,50.1,3.2,1600.0,0.14013671875,759.3,7303.0,0x0,12.9,367.7,145.72
1790990667.47618,50.1,3.7,1500.0,0.14013671875,759.3,7303.0,0x0,11.9,367.7,145.84
1790990668.4867437,51.2,4.0,1600.0,0.14013671875,757.0,7305.3,0x0,12.9,367.7,145.97
1790990669.492687,50.7,4.2,1700.0,0.12890625,757.5,7304.9,0x0,13.9,367.7,146.11
1790990670.5023184,50.7,3.7,1700.0,0.12890625,757.9,7304.4,0x0,11.9,367.7,146.23
1790990671.5079558,50.7,3.0,1500.0,0.12890625,756.0,7306.3,0x0,9.9,367.7,146.33
1790990672.518003,49.6,1.5,1500.0,0.12890625,759.8,7302.6,0x0,2.0,367.7,146.35
1790990673.5241003,50.7,1.7,1500.0,0.12890625,760.7,7301.6,0x0,2.0,367.7,146.37
1790990674.5341644,51.2,2.4,1500.0,0.1181640625,758.6,7303.7,0x0,1.0,367.7,146.38
1790990675.5401316,51.2,17.0,2400.0,0.1181640625,758.6,7303.7,0x0,68.6,367.7,147.07
1790990676.548451,51.2,0.0,2400.0,0.1181640625,758.6,7303.7,0x0,0.0,367.7,147.07
1790990677.5526965,51.8,17.8,2400.0,0.1181640625,759.0,7303.4,0x0,70.7,367.7,147.78
1790990678.5610707,50.7,0.0,2400.0,0.1181640625,760.1,7302.2,0x0,1.0,367.7,147.79
1790990679.5663302,51.8,0.2,2400.0,0.1083984375,760.4,7301.9,0x0,0.0,367.7,147.79
1790990680.5746083,51.8,1.7,1500.0,0.1083984375,759.5,7302.9,0x0,5.0,367.7,147.84
1790990681.5839798,51.8,2.7,1600.0,0.1083984375,761.2,7301.1,0x0,9.9,367.7,147.94
1790990682.5940108,50.1,2.7,1600.0,0.1083984375,763.1,7299.2,0x0,8.9,367.7,148.03
1790990683.600513,51.2,2.5,1600.0,0.1083984375,761.5,7300.8,0x0,9.9,367.7,148.13
1790990684.6104698,51.2,3.5,1600.0,0.099609375,760.5,7301.8,0x0,10.9,367.7,148.24
1790990685.6164386,51.2,2.7,1500.0,0.099609375,759.4,7303.0,0x0,8.0,367.7,148.32
1790990686.626443,50.1,1.2,1500.0,0.099609375,758.6,7303.7,0x0,2.0,367.7,148.34
1790990687.6324449,50.7,2.0,1500.0,0.099609375,758.9,7303.4,0x0,2.0,367.7,148.36
1790990688.6426413,50.7,1.7,1500.0,0.099609375,758.3,7304.0,0x0,3.0,367.7,148.39
1790990689.648744,51.2,2.0,1500.0,0.09130859375,758.1,7304.2,0x0,2.0,367.7,148.41
1790990690.6588428,52.4,21.5,2400.0,0.09130859375,763.2,7299.1,0x0,81.2,367.7,149.23
1790990691.6631978,51.8,4.8,2400.0,0.09130859375,762.7,7299.6,0x0,0.0,367.7,149.23
1790990692.6714559,51.2,0.2,2400.0,0.09130859375,761.2,7301.2,0x0,0.0,367.7,149.23
1790990693.6783547,51.2,17.8,2400.0,0.09130859375,761.9,7300.5,0x0,70.5,367.7,149.94
1790990694.6866968,52.4,0.0,2400.0,0.083984375,760.2,7302.1,0x0,1.0,367.7,149.95
1790990695.6943357,51.8,0.2,1500.0,0.083984375,758.8,7303.5,0x0,0.0,367.7,149.95
1790990696.7042506,51.8,1.0,1600.0,0.083984375,759.7,7302.6,0x0,6.9,367.7,150.02
1790990697.7120318,51.8,1.5,1600.0,0.083984375,759.3,7303.0,0x0,7.9,367.7,150.1
1790990698.7222693,50.1,2.2,1600.0,0.083984375,757.9,7304.5,0x0,9.9,367.7,150.2
1790990699.728226,50.1,2.8,1600.0,0.15771484375,758.1,7304.2,0x0,10.9,367.7,150.31
1790990700.7382085,51.2,2.7,1600.0,0.15771484375,757.6,7304.7,0x0,10.9,367.7,150.42
1790990701.7442284,50.7,2.5,1700.0,0.15771484375,757.2,7305.1,0x0,10.9,367.7,150.53
1790990702.753848,51.8,2.3,1700.0,0.15771484375,757.9,7304.4,0x0,10.9,367.7,150.64
1790990703.7600424,51.8,3.2,1600.0,0.15771484375,757.4,7304.9,0x0,12.9,367.7,150.77
1790990704.7700853,51.2,2.8,1500.0,0.14501953125,757.0,7305.4,0x0,12.9,367.7,150.9
1790990705.7760816,51.8,2.5,1600.0,0.14501953125,757.4,7304.9,0x0,12.9,367.7,151.03
1790990706.7886827,50.1,0.5,1500.0,0.14501953125,759.5,7302.8,0x0,2.0,367.7,151.05
1790990707.7947273,51.2,0.3,1500.0,0.14501953125,760.2,7302.1,0x0,2.0,367.7,151.07
1790990708.9028132,50.7,1.3,1500.0,0.14501953125,759.7,7302.6,0x0,1.8,367.7,151.09
1790990709.908873,51.2,1.3,1500.0,0.13330078125,758.3,7304.0,0x0,6.0,367.7,151.15
1790990710.915001,51.2,1.2,1600.0,0.13330078125,758.1,7304.2,0x0,4.0,367.7,151.19
1790990711.9211807,49.6,2.7,1600.0,0.13330078125,759.7,7302.6,0x0,8.9,367.7,151.28
1790990712.9271996,51.2,2.5,1600.0,0.13330078125,758.0,7304.3,0x0,9.9,367.7,151.38
1790990713.9331746,50.1,3.0,1500.0,0.13330078125,757.7,7304.6,0x0,9.9,367.7,151.48
1790990714.9392867,49.0,2.5,1600.0,0.12255859375,758.4,7303.9,0x0,10.9,367.7,151.59
1790990715.9458902,50.1,2.8,1700.0,0.12255859375,756.3,7306.0,0x0,10.9,367.7,151.7
1790990716.9556186,51.2,2.5,1600.0,0.12255859375,757.9,7304.4,0x0,11.9,367.7,151.82
1790990717.9656641,51.2,2.5,1600.0,0.12255859375,762.8,7299.5,0x0,10.9,367.7,151.93
1790990718.9756188,50.1,3.0,1600.0,0.12255859375,760.5,7301.8,0x0,12.9,367.7,152.06
1790990719.9840865,51.2,3.0,1600.0,0.1123046875,760.1,7302.2,0x0,12.9,367.7,152.19
1790990720.9942982,50.1,1.5,1500.0,0.1123046875,761.7,7300.6,0x0,4.9,367.7,152.24
1790990722.0003726,50.1,0.0,1500.0,0.1123046875,762.7,7299.7,0x0,2.0,367.7,152.26
1790990723.0104215,50.1,0.2,1500.0,0.1123046875,761.0,7301.3,0x0,2.0,367.7,152.28
1790990724.0164576,52.9,17.0,2400.0,0.1123046875,761.2,7301.1,0x0,66.6,367.7,152.95
1790990725.024735,51.8,0.5,2400.0,0.10302734375,762.4,7299.9,0x0,0.0,367.7,152.95
1790990726.0303576,51.8,18.4,2400.0,0.10302734375,763.6,7298.7,0x0,62.6,367.8,153.58
1790990727.0389042,51.8,0.2,2400.0,0.10302734375,763.4,7299.0,0x0,0.0,367.8,153.58
1790990728.046344,52.4,0.2,2400.0,0.10302734375,762.2,7300.1,0x0,1.0,367.8,153.59
1790990729.054597,50.1,1.7,1600.0,0.10302734375,761.3,7301.0,0x0,6.0,367.8,153.65
1790990730.0640705,51.2,2.7,1600.0,0.0947265625,761.7,7300.6,0x0,9.9,367.8,153.75
1790990731.0740786,50.7,2.7,1600.0,0.0947265625,760.5,7301.8,0x0,8.9,367.8,153.84
1790990732.0801187,50.7,2.8,1600.0,0.0947265625,763.4,7299.0,0x0,10.9,367.8,153.95
1790990733.090041,51.2,2.7,1600.0,0.0947265625,763.6,7298.7,0x0,9.9,367.8,154.05
1790990734.096088,50.7,2.5,1600.0,0.0947265625,761.8,7300.5,0x0,11.9,367.8,154.17
1790990735.1059928,52.4,2.7,1500.0,0.16748046875,760.6,7301.7,0x0,8.9,367.8,154.26
1790990736.1119688,49.6,0.5,1500.0,0.16748046875,761.5,7300.8,0x0,2.0,367.8,154.28
1790990737.122034,50.7,0.2,1500.0,0.16748046875,759.8,7302.5,0x0,2.0,367.8,154.3
1790990738.1279995,50.7,0.7,1500.0,0.16748046875,758.4,7304.0,0x0,2.0,367.8,154.32
1790990739.1379757,50.7,1.5,1500.0,0.16748046875,760.5,7301.8,0x0,5.9,367.8,154.38
1790990740.1439848,51.2,1.2,1600.0,0.15380859375,760.2,7302.1,0x0,4.0,367.8,154.42
1790990741.1500497,50.7,2.5,1600.0,0.15380859375,760.9,7301.4,0x0,8.9,367.8,154.51
1790990742.156054,50.7,3.0,1600.0,0.15380859375,760.5,7301.8,0x0,9.9,367.8,154.61
1790990743.1660528,49.6,3.2,1600.0,0.15380859375,759.0,7303.3,0x0,9.9,367.8,154.71
1790990744.1760476,49.6,3.0,1500.0,0.15380859375,759.3,7303.0,0x0,10.9,367.8,154.82
1790990745.1860783,50.7,3.0,1600.0,0.14111328125,758.8,7303.5,0x0,10.9,367.8,154.93
1790990746.192285,50.7,3.5,1700.0,0.14111328125,759.9,7302.4,0x0,10.9,367.8,155.04
1790990747.1978507,51.8,4.0,1700.0,0.14111328125,760.9,7301.4,0x0,11.9,367.8,155.16
1790990748.2036488,51.2,4.0,1600.0,0.14111328125,759.2,7303.1,0x0,11.9,367.8,155.28
1790990749.209539,51.2,3.7,1500.0,0.14111328125,757.4,7304.9,0x0,13.9,367.8,155.42
1790990750.2157993,50.1,3.7,1600.0,0.2099609375,758.8,7303.5,0x0,11.9,367.8,155.54
1790990751.2217104,51.2,4.0,1700.0,0.2099609375,757.6,7304.7,0x0,13.9,367.8,155.68
1790990752.227308,50.1,4.2,1600.0,0.2099609375,756.4,7305.9,0x0,13.9,367.8,155.82
1790990753.23319,50.7,3.7,1600.0,0.2099609375,757.3,7305.0,0x0,12.9,367.8,155.95
1790990754.2390769,51.2,4.0,1600.0,0.2099609375,756.8,7305.5,0x0,12.9,367.8,156.08
1790990755.2457616,51.2,4.0,1600.0,0.19287109375,756.6,7305.7,0x0,13.9,367.8,156.22
1790990756.2516646,49.6,4.2,1600.0,0.19287109375,757.3,7305.0,0x0,12.9,367.8,156.35
1790990757.257566,50.7,4.0,1700.0,0.19287109375,756.5,7305.8,0x0,13.9,367.8,156.49
1790990758.2631676,50.7,4.0,1700.0,0.19287109375,756.0,7306.3,0x0,12.9,367.8,156.62
1790990759.2687433,50.7,4.4,1600.0,0.19287109375,756.3,7306.0,0x0,11.9,367.8,156.74
1790990760.2746484,51.8,3.0,1500.0,0.17724609375,756.8,7305.5,0x0,13.9,367.8,156.88
1790990761.2807784,51.2,3.0,1600.0,0.17724609375,760.2,7302.1,0x0,12.9,367.8,157.01
1790990762.2867064,50.1,2.5,1700.0,0.17724609375,759.8,7302.5,0x0,13.9,367.8,157.15
1790990763.2925234,50.7,2.8,1700.0,0.17724609375,758.9,7303.5,0x0,11.9,367.8,157.27
1790990764.2981,50.7,2.5,1600.0,0.17724609375,758.6,7303.7,0x0,11.9,367.8,157.39
1790990765.30401,50.1,2.5,1600.0,0.16259765625,757.9,7304.4,0x0,13.9,367.8,157.53
1790990766.3099155,50.7,2.8,1600.0,0.16259765625,757.8,7304.5,0x0,12.9,367.8,157.66
1790990767.31607,50.7,0.5,1500.0,0.16259765625,759.0,7303.3,0x0,2.0,367.8,157.68
1790990768.3220816,51.2,0.0,1500.0,0.16259765625,758.1,7304.2,0x0,2.0,367.8,157.7
1790990769.3321333,51.2,0.2,1500.0,0.16259765625,761.6,7300.7,0x0,2.0,367.8,157.72
1790990770.3420892,50.7,1.5,1500.0,0.22998046875,761.6,7300.7,0x0,5.9,367.8,157.78
1790990771.3520198,50.1,1.0,1500.0,0.22998046875,758.8,7303.5,0x0,5.0,367.8,157.83
1790990772.3620217,50.7,1.8,1600.0,0.22998046875,758.8,7303.5,0x0,9.9,367.8,157.93
1790990773.372263,51.2,2.7,1600.0,0.22998046875,758.8,7303.5,0x0,8.9,367.8,158.02
1790990774.3821843,49.6,2.7,1600.0,0.22998046875,757.8,7304.5,0x0,9.9,367.8,158.12
1790990775.392115,49.0,2.5,1600.0,0.2919921875,757.8,7304.5,0x0,9.9,367.8,158.22
1790990776.4020429,50.7,3.9,1600.0,0.2919921875,756.7,7305.6,0x0,11.9,367.8,158.34
1790990777.4119444,51.2,3.0,1600.0,0.2919921875,756.9,7305.4,0x0,11.9,367.8,158.46
1790990778.4219298,50.7,2.7,1600.0,0.2919921875,756.7,7305.6,0x0,11.9,367.8,158.58
1790990779.4320292,51.2,2.8,1700.0,0.2685546875,757.7,7304.7,0x0,11.9,367.8,158.7
1790990780.44158,51.2,2.5,1700.0,0.2685546875,755.5,7306.8,0x0,11.9,367.8,158.82
1790990781.4512498,50.1,3.5,1600.0,0.2685546875,761.2,7301.1,0x0,12.9,367.8,158.95
1790990782.4612415,51.2,2.5,1600.0,0.2685546875,761.2,7301.1,0x0,13.9,367.8,159.09
1790990783.471179,49.6,1.0,1500.0,0.2685546875,757.7,7304.6,0x0,4.0,367.8,159.13
1790990784.4812431,50.1,0.2,1500.0,0.24658203125,759.3,7303.0,0x0,2.0,367.8,159.15
1790990785.491347,50.1,0.0,1500.0,0.24658203125,760.3,7302.0,0x0,2.0,367.8,159.17
1790990786.5012887,53.5,40.8,2400.0,0.24658203125,892.0,7170.3,0x0,70.3,502.9,160.79
1790990787.5099864,52.9,25.2,2400.0,0.24658203125,895.7,7166.6,0x0,101.1,503.6,161.81
1790990788.518552,56.8,25.3,2400.0,0.24658203125,816.4,7245.9,0x0,49.6,367.8,160.38
1790990789.529167,51.2,5.5,2400.0,0.2265625,815.7,7246.6,0x0,20.8,367.8,160.59
1790990790.5374851,51.2,0.0,2400.0,0.2265625,814.2,7248.1,0x0,1.0,367.8,160.6
1790990791.5457375,51.8,0.7,1500.0,0.2265625,809.5,7252.8,0x0,1.0,367.8,160.61
1790990792.552747,51.2,2.7,1600.0,0.2265625,810.3,7252.0,0x0,9.9,367.8,160.71
1790990793.6628263,50.7,2.7,1500.0,0.2265625,810.0,7252.3,0x0,8.1,367.8,160.8
1790990794.6692028,51.2,2.8,1600.0,0.2080078125,805.1,7257.2,0x0,9.9,367.8,160.9
1790990795.675296,50.1,3.0,1600.0,0.2080078125,806.1,7256.2,0x0,10.9,367.8,161.01
1790990796.6812956,51.2,2.8,1600.0,0.2080078125,805.1,7257.2,0x0,11.9,367.8,161.13
1790990797.6873524,51.8,2.5,1700.0,0.2080078125,803.0,7259.3,0x0,10.9,367.8,161.24
1790990798.6929991,51.8,2.7,1500.0,0.2080078125,802.9,7259.4,0x0,9.9,367.8,161.34
1790990799.6990228,50.7,0.0,1500.0,0.19091796875,804.7,7257.6,0x0,1.0,367.8,161.35
1790990800.7050807,51.2,0.3,1500.0,0.19091796875,803.1,7259.2,0x0,2.0,367.8,161.37
1790990801.7112105,50.7,0.5,1500.0,0.19091796875,801.3,7261.0,0x0,1.0,367.8,161.38
1790990802.7172127,51.2,1.8,1500.0,0.19091796875,797.4,7264.9,0x0,7.0,367.8,161.45
1790990803.7232487,49.6,1.7,1600.0,0.19091796875,796.7,7265.6,0x0,5.0,367.8,161.5
1790990804.733301,50.7,2.5,1600.0,0.17529296875,794.9,7267.4,0x0,9.9,367.8,161.6
1790990805.7433186,51.2,3.0,1600.0,0.17529296875,791.4,7271.0,0x0,9.9,367.8,161.7
1790990806.7532942,50.7,2.5,1600.0,0.17529296875,787.0,7275.3,0x0,8.9,367.8,161.79
1790990807.7633247,51.2,2.7,1600.0,0.17529296875,784.9,7277.5,0x0,10.9,367.8,161.9
1790990808.7735145,51.2,2.7,1500.0,0.17529296875,784.5,7277.8,0x0,10.9,367.8,162.01
1790990809.7836795,50.7,4.7,1600.0,0.1611328125,782.0,7280.3,0x0,11.9,367.8,162.13
1790990810.7936492,50.7,3.7,1700.0,0.1611328125,780.9,7281.4,0x0,12.9,367.8,162.26
1790990811.8033159,50.7,3.9,1700.0,0.1611328125,780.5,7281.8,0x0,11.9,367.8,162.38
1790990812.812964,49.6,4.0,1600.0,0.1611328125,777.2,7285.1,0x0,12.9,367.8,162.51
1790990813.8231056,50.7,4.0,1500.0,0.1611328125,777.6,7284.7,0x0,13.9,367.8,162.65
1790990814.8337095,50.7,4.0,1600.0,0.14794921875,775.5,7286.8,0x0,12.9,367.8,162.78
1790990815.8436723,50.7,4.2,1700.0,0.14794921875,773.2,7289.1,0x0,13.9,367.8,162.92
1790990816.853363,52.4,1.5,1500.0,0.14794921875,772.2,7290.2,0x0,5.9,367.8,162.98
1790990817.863455,49.6,1.5,1500.0,0.14794921875,774.0,7288.3,0x0,2.0,367.8,163.0
1790990818.8696144,50.7,1.5,1500.0,0.14794921875,773.1,7289.2,0x0,2.0,367.8,163.02
1790990819.8797114,50.1,1.7,1500.0,0.1357421875,770.6,7291.7,0x0,5.0,367.8,163.07
1790990820.8857229,50.7,1.0,1600.0,0.1357421875,770.1,7292.2,0x0,4.0,367.8,163.11
1790990821.895734,49.0,2.7,1500.0,0.1357421875,769.1,7293.2,0x0,8.9,367.8,163.2
1790990822.9059265,50.7,2.7,1600.0,0.1357421875,769.4,7292.9,0x0,9.9,367.8,163.3
1790990823.9160028,50.7,3.0,1600.0,0.1357421875,767.9,7294.4,0x0,9.9,367.8,163.4
1790990825.0254672,51.2,3.8,1700.0,0.12451171875,766.7,7295.6,0x0,9.9,367.8,163.51
1790990826.0311809,50.7,4.4,1700.0,0.12451171875,765.4,7297.0,0x0,10.9,367.8,163.62
1790990827.036874,49.0,3.2,1600.0,0.12451171875,765.0,7297.3,0x0,10.9,367.8,163.73
1790990828.042845,50.7,2.5,1600.0,0.12451171875,762.2,7300.1,0x0,10.9,367.8,163.84
1790990829.0491526,51.2,2.8,1600.0,0.12451171875,761.2,7301.1,0x0,11.9,367.8,163.96
1790990830.0551686,50.7,3.0,1700.0,0.1142578125,761.8,7300.5,0x0,12.9,367.8,164.09
1790990831.0607755,51.2,2.8,1600.0,0.1142578125,762.3,7300.0,0x0,12.9,367.8,164.22
1790990832.066706,51.2,2.8,1700.0,0.1142578125,760.2,7302.1,0x0,12.9,367.8,164.35
1790990833.0723693,49.6,1.8,1500.0,0.1142578125,760.2,7302.1,0x0,8.0,367.8,164.43
1790990834.0784235,49.0,0.0,1500.0,0.1142578125,763.9,7298.4,0x0,2.0,367.8,164.45
1790990835.0884597,51.2,0.2,1500.0,0.10498046875,763.8,7298.5,0x0,2.0,367.8,164.47
1790990836.098542,50.7,0.2,1500.0,0.10498046875,763.1,7299.2,0x0,2.0,367.8,164.49
1790990837.1085408,50.1,1.5,1500.0,0.10498046875,762.4,7299.9,0x0,6.9,367.8,164.56
1790990838.1185825,49.6,0.5,1600.0,0.10498046875,762.7,7299.6,0x0,1.0,367.8,164.57
1790990839.1286352,49.0,1.5,1600.0,0.10498046875,760.8,7301.5,0x0,10.9,367.8,164.68
1790990840.1386611,50.1,2.7,1600.0,0.09619140625,760.3,7302.0,0x0,8.9,367.8,164.77
1790990841.148645,51.2,3.0,1600.0,0.09619140625,760.5,7301.8,0x0,9.9,367.8,164.87
1790990842.1586082,50.1,3.0,1600.0,0.09619140625,758.9,7303.4,0x0,10.9,367.8,164.98
1790990843.1685889,50.7,3.5,1500.0,0.09619140625,758.4,7303.9,0x0,10.9,367.8,165.09
1790990844.1793664,50.1,2.7,1600.0,0.09619140625,758.2,7304.1,0x0,10.9,367.8,165.2
1790990845.1896982,51.2,3.0,1700.0,0.1689453125,757.9,7304.4,0x0,11.9,367.8,165.32
1790990846.1993332,50.1,3.0,1700.0,0.1689453125,757.9,7304.4,0x0,10.9,367.8,165.43
1790990847.2089965,50.7,2.8,1600.0,0.1689453125,757.2,7305.1,0x0,13.9,367.8,165.57
1790990848.218997,50.1,0.5,1500.0,0.1689453125,757.0,7305.3,0x0,2.0,367.8,165.59
1790990849.2290614,50.1,0.2,1500.0,0.1689453125,757.2,7305.1,0x0,2.0,367.8,165.61
1790990850.2391942,50.1,0.5,1500.0,0.1552734375,756.8,7305.5,0x0,2.0,367.8,165.63
1790990851.249216,49.6,1.5,1500.0,0.1552734375,757.5,7304.8,0x0,5.9,367.8,165.69
1790990852.2591946,50.7,1.2,1600.0,0.1552734375,756.6,7305.7,0x0,3.0,367.8,165.72
1790990853.2691863,50.7,2.5,1600.0,0.1552734375,755.4,7306.9,0x0,9.9,367.8,165.82
1790990854.3793783,51.2,2.7,1600.0,0.1552734375,755.9,7306.4,0x0,9.0,367.8,165.92
1790990855.3853805,51.8,2.7,1600.0,0.142578125,755.8,7306.5,0x0,9.9,367.8,166.02
1790990856.3914618,50.7,2.8,1600.0,0.142578125,755.3,7307.0,0x0,10.9,367.8,166.13
1790990857.3974607,50.7,2.8,1600.0,0.142578125,755.8,7306.5,0x0,10.9,367.8,166.24
1790990858.4034724,49.0,2.8,1700.0,0.142578125,756.2,7306.1,0x0,10.9,367.8,166.35
1790990859.409074,51.2,4.4,1600.0,0.142578125,755.5,7306.8,0x0,11.9,367.8,166.47
1790990860.4150944,50.7,3.0,1500.0,0.21142578125,755.5,7306.8,0x0,11.9,367.8,166.59
1790990861.4211354,50.7,3.7,1600.0,0.21142578125,756.0,7306.3,0x0,13.9,367.8,166.73
1790990862.4270914,51.2,4.0,1700.0,0.21142578125,755.1,7307.2,0x0,11.9,367.8,166.85
1790990863.4334784,50.1,4.0,1700.0,0.21142578125,755.8,7306.5,0x0,13.9,367.8,166.99
1790990864.4390967,50.7,3.7,1700.0,0.21142578125,755.7,7306.6,0x0,11.9,367.8,167.11
1790990865.4467626,49.0,0.0,1500.0,0.1943359375,761.4,7300.9,0x0,1.0,367.8,167.12
1790990866.4568932,49.6,0.5,1500.0,0.1943359375,762.8,7299.5,0x0,2.0,367.8,167.14
1790990867.46692,51.8,0.0,1500.0,0.1943359375,760.9,7301.4,0x0,2.0,367.8,167.16
1790990868.4768753,50.1,13.2,2400.0,0.1943359375,760.4,7301.9,0x0,51.5,367.8,167.68
1790990869.4851844,51.2,0.0,2400.0,0.1787109375,760.1,7302.2,0x0,0.0,367.8,167.68
1790990870.4934824,51.8,17.9,2400.0,0.1787109375,763.5,7298.8,0x0,71.4,367.8,168.4
1790990871.5018225,51.8,0.0,2400.0,0.1787109375,765.1,7297.2,0x0,0.0,367.8,168.4
1790990872.5101352,51.2,0.2,2400.0,0.1787109375,763.6,7298.7,0x0,0.0,367.8,168.4
1790990873.5184195,50.7,1.7,1600.0,0.1787109375,761.5,7300.8,0x0,6.0,367.8,168.46
1790990874.528393,50.7,3.0,1500.0,0.1640625,760.9,7301.4,0x0,8.9,367.8,168.55
1790990875.5384452,51.2,3.0,1600.0,0.1640625,762.0,7300.3,0x0,10.9,367.8,168.66
1790990876.5483658,51.2,4.4,1700.0,0.1640625,762.3,7300.0,0x0,9.9,367.8,168.76
1790990877.5579698,51.2,2.7,1700.0,0.1640625,760.9,7301.4,0x0,9.9,367.8,168.86
1790990878.5676467,51.2,3.0,1600.0,0.1640625,760.2,7302.1,0x0,10.9,367.8,168.97
1790990879.5777373,50.1,3.9,1500.0,0.15087890625,759.5,7302.8,0x0,11.9,367.8,169.09
1790990880.5877724,50.1,4.0,1600.0,0.15087890625,758.8,7303.5,0x0,12.9,367.8,169.22
1790990881.5976498,49.6,4.0,1700.0,0.15087890625,757.9,7304.4,0x0,11.9,367.8,169.34
1790990882.607255,51.2,1.5,1500.0,0.15087890625,758.8,7303.5,0x0,4.0,367.8,169.38
1790990883.6173193,49.6,2.0,1500.0,0.15087890625,757.7,7304.7,0x0,2.0,367.8,169.4
1790990884.6273544,50.7,1.5,1500.0,0.138671875,756.7,7305.6,0x0,2.0,367.8,169.42
1790990885.6375656,50.1,2.5,1500.0,0.138671875,760.2,7302.1,0x0,6.9,367.8,169.49
1790990886.647448,49.6,0.5,1500.0,0.138671875,761.4,7300.9,0x0,1.0,367.8,169.5
1790990887.6573377,50.1,1.7,1600.0,0.138671875,760.0,7302.3,0x0,6.9,367.8,169.57
1790990888.7668848,50.7,2.5,1600.0,0.138671875,759.8,7302.5,0x0,8.1,367.8,169.66
1790990889.7729676,50.7,2.7,1600.0,0.12744140625,760.5,7301.8,0x0,9.9,367.8,169.76
1790990890.7829547,50.7,3.9,1600.0,0.12744140625,758.5,7303.8,0x0,10.9,367.8,169.87
1790990891.7928915,50.1,4.2,1700.0,0.12744140625,758.1,7304.2,0x0,10.9,367.8,169.98
1790990892.7994092,51.2,4.0,1500.0,0.12744140625,758.7,7303.6,0x0,10.9,367.8,170.09
1790990893.805383,50.1,2.5,1600.0,0.12744140625,757.1,7305.2,0x0,10.9,367.8,170.2
1790990894.8115942,50.1,3.0,1700.0,0.1171875,756.8,7305.5,0x0,12.9,367.8,170.33
1790990895.8171499,51.2,2.8,1700.0,0.1171875,757.3,7305.0,0x0,12.9,367.8,170.46
1790990896.8227477,50.7,2.5,1600.0,0.1171875,756.1,7306.2,0x0,12.9,367.8,170.59
1790990897.8286684,51.2,2.8,1700.0,0.1171875,756.1,7306.2,0x0,12.9,367.8,170.72
1790990898.8387372,50.7,2.8,1600.0,0.1171875,756.6,7305.8,0x0,14.9,367.8,170.87
1790990899.8486645,50.7,2.8,1500.0,0.107421875,755.8,7306.5,0x0,13.9,367.8,171.01
1790990900.854529,50.1,0.3,1500.0,0.107421875,757.0,7305.3,0x0,1.0,367.8,171.02
1790990901.8645613,50.7,0.2,1500.0,0.107421875,757.2,7305.1,0x0,2.0,367.8,171.04
1790990902.8745859,50.7,1.5,1600.0,0.107421875,756.8,7305.6,0x0,6.9,367.8,171.11
1790990903.884554,50.7,0.0,1500.0,0.107421875,757.2,7305.1,0x0,0.0,367.8,171.11
1790990904.894537,50.1,1.5,1600.0,0.0986328125,758.2,7304.1,0x0,6.9,367.8,171.18
1790990905.9045882,50.7,2.5,1500.0,0.0986328125,757.5,7304.8,0x0,8.9,367.8,171.27
1790990906.914738,50.7,2.5,1600.0,0.0986328125,757.1,7305.2,0x0,9.9,367.8,171.37
1790990907.9248145,50.7,2.7,1600.0,0.0986328125,756.1,7306.2,0x0,10.9,367.8,171.48
1790990908.9347925,50.1,3.0,1600.0,0.0986328125,756.1,7306.2,0x0,9.9,367.8,171.58
1790990909.9448338,49.0,2.2,1600.0,0.09033203125,755.8,7306.5,0x0,9.9,367.8,171.68
1790990910.9554708,50.7,3.0,1600.0,0.09033203125,756.5,7305.8,0x0,11.9,367.8,171.8
1790990911.9655564,50.1,2.7,1600.0,0.09033203125,756.8,7305.6,0x0,11.9,367.8,171.92
1790990912.9757602,50.7,3.0,1600.0,0.09033203125,759.8,7302.5,0x0,11.9,367.8,172.04
1790990913.9858584,50.7,2.5,1700.0,0.09033203125,759.8,7302.5,0x0,11.9,367.8,172.16
1790990914.9956145,51.2,2.2,1500.0,0.0830078125,758.9,7303.5,0x0,8.9,367.8,172.25
1790990916.0058422,50.1,0.0,1500.0,0.0830078125,758.1,7304.2,0x0,1.0,367.8,172.26
1790990917.0162754,50.1,0.2,1500.0,0.0830078125,758.6,7303.8,0x0,2.0,367.8,172.28
1790990918.0264382,49.0,0.0,1500.0,0.0830078125,757.8,7304.5,0x0,2.0,367.8,172.3
1790990919.0366457,50.1,0.2,1500.0,0.0830078125,756.9,7305.4,0x0,2.0,367.8,172.32
1790990920.046831,51.2,1.7,2400.0,0.076171875,758.5,7303.8,0x0,6.9,367.8,172.39
1790990921.0552702,50.1,0.7,2400.0,0.076171875,758.6,7303.7,0x0,3.0,367.8,172.42
1790990922.0638468,50.7,1.2,2400.0,0.076171875,760.0,7302.3,0x0,6.9,367.8,172.49
1790990923.0724854,51.2,1.7,2400.0,0.076171875,758.6,7303.7,0x0,6.9,367.8,172.56
1790990924.0809753,50.7,1.0,2400.0,0.076171875,759.5,7302.8,0x0,6.9,367.8,172.63
1790990925.089462,51.2,3.0,1600.0,0.06982421875,760.0,7302.3,0x0,9.9,367.8,172.73
1790990926.0996485,51.2,3.0,1600.0,0.06982421875,762.1,7300.2,0x0,11.9,367.8,172.85
1790990927.1098852,50.7,2.5,1700.0,0.06982421875,761.7,7300.7,0x0,11.9,367.8,172.97
1790990928.1198485,51.8,3.0,1600.0,0.06982421875,762.3,7300.0,0x0,10.9,367.8,173.08
1790990929.129959,51.2,3.5,1600.0,0.06982421875,761.8,7300.5,0x0,12.9,367.8,173.21
1790990930.1401253,50.7,3.7,1600.0,0.06396484375,760.3,7302.0,0x0,12.9,367.8,173.34
1790990931.1501968,51.2,4.2,1600.0,0.06396484375,759.8,7302.5,0x0,13.9,367.8,173.48
1790990932.1603563,50.7,4.0,1600.0,0.06396484375,760.0,7302.3,0x0,14.8,367.8,173.63
1790990933.1706252,50.1,4.0,1700.0,0.06396484375,760.2,7302.1,0x0,12.9,367.8,173.76
1790990934.1803896,50.7,1.5,1500.0,0.06396484375,759.5,7302.8,0x0,5.0,367.8,173.81
1790990935.1905794,49.0,0.2,1500.0,0.05859375,760.7,7301.6,0x0,2.0,367.8,173.83
1790990936.3015802,50.1,0.5,1500.0,0.05859375,758.9,7303.5,0x0,1.8,367.8,173.85
1790990937.3078332,52.4,11.0,2400.0,0.05859375,758.4,7303.9,0x0,43.7,367.8,174.29
1790990938.3122623,52.9,15.0,2400.0,0.05859375,760.5,7301.8,0x0,57.7,367.8,174.87
1790990939.3166444,51.8,0.0,2400.0,0.05859375,760.1,7302.2,0x0,0.0,367.8,174.87
1790990940.3210697,51.2,0.2,2400.0,0.0537109375,760.7,7301.6,0x0,0.0,367.8,174.87
1790990941.3254137,50.1,1.7,2400.0,0.0537109375,758.9,7303.5,0x0,6.0,367.8,174.93
1790990942.3298845,51.8,3.0,1600.0,0.0537109375,760.0,7302.3,0x0,8.0,367.8,175.01
1790990943.3360167,50.7,2.5,1600.0,0.0537109375,760.2,7302.1,0x0,9.9,367.8,175.11
1790990944.3461494,50.1,2.5,1600.0,0.0537109375,760.3,7302.0,0x0,9.9,367.8,175.21
1790990945.352209,51.2,2.5,1500.0,0.04931640625,758.6,7303.7,0x0,9.9,367.8,175.31
1790990946.35882,50.7,3.7,1600.0,0.04931640625,759.1,7303.2,0x0,10.9,367.8,175.42
1790990947.3649576,50.7,4.0,1700.0,0.04931640625,760.0,7302.3,0x0,11.9,367.8,175.54
1790990948.3707829,50.1,4.2,1600.0,0.04931640625,760.5,7301.8,0x0,12.9,367.8,175.67
1790990949.377039,51.2,3.7,1600.0,0.04931640625,757.4,7304.9,0x0,11.9,367.8,175.79
1790990950.3832464,50.7,2.0,1500.0,0.044921875,757.2,7305.1,0x0,7.0,367.8,175.86
1790990951.3894615,50.1,1.7,1500.0,0.044921875,758.8,7303.5,0x0,2.0,367.8,175.88
1790990952.3996642,51.2,2.0,1500.0,0.044921875,759.0,7303.3,0x0,3.0,367.8,175.91
1790990953.4098704,51.2,1.5,1500.0,0.044921875,757.8,7304.5,0x0,6.9,367.8,175.98
1790990954.4161026,50.7,0.5,1500.0,0.044921875,758.1,7304.2,0x0,1.0,367.8,175.99
1790990955.4223785,49.6,3.0,1600.0,0.041015625,758.1,7304.2,0x0,8.9,367.8,176.08
1790990956.4324138,50.7,3.4,1600.0,0.041015625,756.6,7305.7,0x0,8.9,367.8,176.17
1790990957.4424706,50.1,2.5,1600.0,0.041015625,756.2,7306.1,0x0,9.9,367.8,176.27
1790990958.4525414,50.7,2.0,1600.0,0.041015625,756.5,7305.8,0x0,9.9,367.8,176.37
1790990959.462627,50.1,2.5,1600.0,0.041015625,755.5,7306.8,0x0,10.9,367.8,176.48
1790990960.4728408,51.2,2.5,1600.0,0.03759765625,759.9,7302.4,0x0,10.9,367.8,176.59
1790990961.483215,50.7,3.0,1600.0,0.03759765625,760.6,7301.7,0x0,11.9,367.8,176.71
1790990962.4939444,50.1,2.8,1700.0,0.03759765625,757.6,7304.7,0x0,11.9,367.8,176.83
1790990963.506127,50.7,2.7,1700.0,0.03759765625,759.3,7303.0,0x0,11.9,367.8,176.95
1790990964.5159266,50.1,2.8,1600.0,0.03759765625,760.9,7301.4,0x0,12.9,367.8,177.08
1790990965.5261269,51.2,1.0,1500.0,0.11474609375,759.1,7303.2,0x0,4.0,367.8,177.12
1790990966.5363634,50.1,0.0,1500.0,0.11474609375,757.5,7304.8,0x0,2.0,367.8,177.14
1790990967.546666,50.7,0.2,1500.0,0.11474609375,760.1,7302.2,0x0,2.0,367.8,177.16
1790990968.5568428,51.8,14.9,2400.0,0.11474609375,762.2,7300.1,0x0,59.4,368.0,177.76
1790990969.5652206,52.4,0.5,2400.0,0.10546875,761.1,7301.2,0x0,0.0,367.9,177.76
1790990970.57363,51.8,17.7,2400.0,0.10546875,761.6,7300.8,0x0,70.4,368.0,178.47
1790990971.5819976,51.8,0.0,2400.0,0.10546875,760.2,7302.1,0x0,0.0,368.0,178.47
1790990972.6907043,50.7,1.1,2400.0,0.10546875,759.7,7302.6,0x0,0.0,367.9,178.47
1790990973.6950629,51.8,2.5,1600.0,0.10546875,758.8,7303.6,0x0,7.0,367.9,178.54
1790990974.701182,51.8,2.5,1600.0,0.0966796875,757.8,7304.5,0x0,8.9,367.9,178.63
1790990975.7074652,51.2,2.5,1600.0,0.0966796875,758.8,7303.5,0x0,9.9,367.9,178.73
1790990976.7136316,52.4,2.7,1500.0,0.0966796875,756.0,7306.3,0x0,9.9,367.9,178.83
1790990977.721926,51.2,3.0,1600.0,0.0966796875,757.1,7305.2,0x0,10.9,367.9,178.94
1790990978.7280228,51.2,2.3,1700.0,0.0966796875,757.8,7304.5,0x0,10.9,367.9,179.05
1790990979.736083,51.2,2.7,1500.0,0.0888671875,757.9,7304.5,0x0,10.9,367.9,179.16
1790990980.7426848,50.7,0.8,1500.0,0.0888671875,759.5,7302.8,0x0,4.0,367.9,179.2
1790990981.7487738,51.2,0.0,1500.0,0.0888671875,758.5,7303.8,0x0,2.0,367.9,179.22
1790990982.7589989,49.6,0.7,1500.0,0.0888671875,757.6,7304.7,0x0,2.0,368.0,179.24
1790990983.769083,50.7,1.5,1500.0,0.0888671875,759.9,7302.4,0x0,6.9,368.0,179.31
1790990984.7791636,50.7,0.2,1500.0,0.08154296875,760.6,7301.7,0x0,0.0,367.9,179.31
1790990985.7892535,51.8,2.5,1600.0,0.08154296875,758.8,7303.6,0x0,8.9,367.9,179.4
1790990986.7993102,51.2,2.7,1500.0,0.08154296875,758.3,7304.0,0x0,8.9,367.9,179.49
1790990987.8094537,51.2,2.7,1600.0,0.08154296875,758.3,7304.0,0x0,9.9,367.9,179.59
1790990988.8195171,50.1,3.0,1700.0,0.08154296875,759.9,7302.4,0x0,10.9,367.9,179.7
1790990989.8292537,50.1,3.0,1600.0,0.1552734375,760.2,7302.1,0x0,10.9,367.9,179.81
1790990990.940112,50.7,2.7,1600.0,0.1552734375,756.2,7306.1,0x0,10.8,367.9,179.93
1790990991.9461467,50.1,2.8,1700.0,0.1552734375,757.8,7304.5,0x0,11.9,367.9,180.05
1790990992.95181,50.7,2.8,1600.0,0.1552734375,756.6,7305.7,0x0,10.9,367.9,180.16
1790990993.95781,50.7,3.5,1600.0,0.1552734375,754.2,7308.1,0x0,11.9,367.9,180.28
1790990994.9645438,51.2,4.0,1600.0,0.142578125,757.9,7304.4,0x0,12.9,367.9,180.41
1790990995.9705806,50.7,4.2,1600.0,0.142578125,759.8,7302.5,0x0,13.9,367.9,180.55
1790990996.9765372,50.1,4.0,1700.0,0.142578125,757.9,7304.4,0x0,12.9,367.9,180.68
1790990997.9821987,50.7,3.7,1700.0,0.142578125,756.5,7305.8,0x0,12.9,367.9,180.81
1790990998.9878974,50.7,3.7,1600.0,0.142578125,758.1,7304.2,0x0,12.9,367.9,180.94
1790990999.99387,50.1,4.2,1500.0,0.130859375,756.5,7305.8,0x0,12.9,367.9,181.07
1790991000.9999323,50.1,4.0,1600.0,0.130859375,755.2,7307.1,0x0,13.9,367.9,181.21
1790991002.0059571,50.7,4.0,1700.0,0.130859375,757.5,7304.8,0x0,13.9,367.9,181.35
1790991003.011785,49.6,3.7,1600.0,0.130859375,756.1,7306.2,0x0,11.9,367.9,181.47
1790991004.0177555,49.6,3.7,1600.0,0.130859375,754.4,7307.9,0x0,12.9,367.9,181.6
1790991005.0237262,52.4,4.2,1500.0,0.1201171875,756.0,7306.3,0x0,13.9,367.9,181.74
1790991006.029822,50.7,6.1,1600.0,0.1201171875,755.6,7306.7,0x0,13.9,367.9,181.88
1790991007.036093,50.7,3.5,1700.0,0.1201171875,754.7,7307.6,0x0,12.9,367.9,182.01
1790991008.042314,51.8,4.0,1600.0,0.1201171875,755.9,7306.5,0x0,13.9,367.9,182.15
1790991009.048296,49.6,4.0,1600.0,0.1201171875,756.1,7306.2,0x0,12.9,367.9,182.28
1790991010.0542424,50.7,4.2,1600.0,0.1103515625,755.2,7307.1,0x0,13.9,367.9,182.42
1790991011.0602713,50.7,3.7,1600.0,0.1103515625,758.2,7304.1,0x0,13.9,367.9,182.56
1790991012.0675907,51.2,3.5,1500.0,0.1103515625,760.6,7301.8,0x0,10.9,368.0,182.67
1790991013.0736341,49.6,1.0,1500.0,0.1103515625,759.9,7302.5,0x0,1.0,367.9,182.68
1790991014.0836744,49.0,2.0,1500.0,0.1103515625,761.0,7301.3,0x0,3.0,367.9,182.71
1790991015.0937796,51.2,1.2,1500.0,0.181640625,759.6,7302.7,0x0,1.0,368.0,182.72
1790991016.1039674,50.7,17.6,2400.0,0.181640625,761.0,7301.4,0x0,69.3,368.0,183.42
1790991017.1122978,50.1,0.0,2400.0,0.181640625,760.8,7301.5,0x0,0.0,368.0,183.42
1790991018.1206088,52.9,18.8,2400.0,0.181640625,757.6,7304.7,0x0,73.4,368.0,184.16
1790991019.128993,51.8,0.2,2400.0,0.181640625,758.2,7304.1,0x0,0.0,368.0,184.16
1790991020.137306,52.4,0.0,2400.0,0.1669921875,759.4,7302.9,0x0,1.0,368.0,184.17
1790991021.1456058,50.7,2.0,1600.0,0.1669921875,758.6,7303.7,0x0,3.0,367.9,184.2
1790991022.1519313,50.7,1.5,1600.0,0.1669921875,762.1,7300.2,0x0,8.9,367.9,184.29
1790991023.162095,51.2,1.8,1600.0,0.1669921875,760.9,7301.4,0x0,9.9,367.9,184.39
1790991024.1721847,50.1,2.0,1600.0,0.1669921875,760.4,7301.9,0x0,9.9,367.9,184.49
1790991025.1822176,50.7,2.5,1600.0,0.1533203125,762.0,7300.3,0x0,9.9,367.9,184.59
1790991026.1921937,51.2,2.7,1600.0,0.1533203125,760.6,7301.7,0x0,11.9,367.9,184.71
1790991027.202272,51.2,2.5,1600.0,0.1533203125,759.2,7303.1,0x0,10.9,367.9,184.82
1790991028.2129555,50.7,2.7,1600.0,0.1533203125,758.8,7303.5,0x0,11.9,367.9,184.94
1790991029.2232885,51.2,2.5,1500.0,0.1533203125,758.5,7303.8,0x0,10.9,368.0,185.05
1790991030.2333522,50.1,0.2,1500.0,0.140625,760.9,7301.4,0x0,1.0,367.9,185.06
1790991031.2434626,50.7,0.2,1500.0,0.140625,760.6,7301.7,0x0,2.0,367.9,185.08
1790991032.2535288,51.2,2.5,1500.0,0.140625,760.0,7302.4,0x0,14.9,367.9,185.23
1790991033.2656686,51.8,7.5,2400.0,0.140625,759.7,7302.6,0x0,25.7,368.0,185.49
1790991034.2740037,52.4,17.6,2400.0,0.140625,759.5,7302.8,0x0,69.4,368.0,186.19
1790991035.2823703,51.8,0.0,2400.0,0.12890625,759.0,7303.3,0x0,0.0,368.0,186.19
1790991036.2906961,51.8,0.2,2400.0,0.12890625,758.3,7304.0,0x0,0.0,367.9,186.19
1790991037.3994808,51.2,1.6,1600.0,0.12890625,757.8,7304.5,0x0,6.3,367.9,186.26
1790991038.4056165,50.7,2.7,1600.0,0.12890625,760.9,7301.4,0x0,8.9,367.9,186.35
1790991039.4117315,51.2,2.7,1600.0,0.12890625,760.7,7301.6,0x0,9.9,367.9,186.45
1790991040.417769,51.2,2.8,1600.0,0.1181640625,761.4,7300.9,0x0,9.9,367.9,186.55
1790991041.423804,51.2,2.5,1700.0,0.1181640625,760.5,7301.8,0x0,10.9,367.9,186.66
1790991042.4298406,51.8,3.0,1600.0,0.1181640625,759.1,7303.2,0x0,11.9,367.9,186.78
1790991043.540487,51.2,2.7,1600.0,0.1181640625,759.1,7303.2,0x0,10.8,367.9,186.9
1790991044.546496,50.7,3.0,1600.0,0.1181640625,758.2,7304.1,0x0,11.9,367.9,187.02
1790991045.5527132,50.1,2.5,1700.0,0.1083984375,758.4,7303.9,0x0,11.9,367.9,187.14
1790991046.5584154,51.8,2.0,1500.0,0.1083984375,759.6,7302.7,0x0,8.0,368.0,187.22
1790991047.564537,50.1,0.3,1500.0,0.1083984375,762.2,7300.1,0x0,2.0,367.9,187.24
1790991048.5706856,51.2,0.2,1500.0,0.1083984375,761.5,7300.9,0x0,2.0,367.9,187.26
1790991049.5768218,51.2,0.0,1500.0,0.1083984375,761.5,7300.9,0x0,1.0,368.0,187.27
1790991050.5868583,53.5,16.4,2400.0,0.099609375,760.5,7301.8,0x0,65.3,368.0,187.93
1790991051.5951998,52.4,0.2,2400.0,0.099609375,759.3,7303.0,0x0,0.0,368.0,187.93
1790991052.6035767,51.2,18.1,2400.0,0.099609375,759.0,7303.3,0x0,70.4,368.0,188.64
1790991053.6119194,51.8,2.2,2400.0,0.099609375,758.8,7303.5,0x0,1.0,368.0,188.65
1790991054.6202202,52.9,0.2,2400.0,0.09130859375,757.9,7304.4,0x0,0.0,367.9,188.65
1790991055.6285398,51.8,1.7,1600.0,0.09130859375,758.4,7303.9,0x0,6.9,367.9,188.72
1790991056.6386085,51.8,2.7,1600.0,0.09130859375,759.8,7302.5,0x0,8.9,367.9,188.81
1790991057.648603,50.1,2.7,1600.0,0.09130859375,758.6,7303.7,0x0,9.9,367.9,188.91
1790991058.6586313,51.8,2.7,1500.0,0.09130859375,759.5,7302.8,0x0,9.9,367.9,189.01
1790991059.6687553,50.7,2.5,1600.0,0.083984375,757.0,7305.3,0x0,10.9,367.9,189.12
1790991060.6789618,51.2,3.2,1700.0,0.083984375,756.7,7305.6,0x0,9.9,367.9,189.22
1790991061.6887164,49.6,2.5,1600.0,0.083984375,757.9,7304.4,0x0,10.9,367.9,189.33
1790991062.701116,49.6,3.5,1600.0,0.083984375,756.7,7305.6,0x0,12.8,367.9,189.46
1790991063.7112033,51.2,4.0,1500.0,0.083984375,755.8,7306.5,0x0,11.9,367.9,189.58
1790991064.7212849,51.2,3.7,1600.0,0.0771484375,756.7,7305.6,0x0,12.9,367.9,189.71
1790991065.7313175,51.2,0.5,1500.0,0.0771484375,757.4,7304.9,0x0,1.0,367.9,189.72
1790991066.7414227,50.7,2.0,1500.0,0.0771484375,755.8,7306.6,0x0,2.0,367.9,189.74
1790991067.747718,50.7,1.7,1500.0,0.0771484375,755.5,7306.8,0x0,2.0,367.9,189.76
1790991068.757772,51.8,1.0,1500.0,0.0771484375,756.0,7306.3,0x0,2.0,367.9,189.78
1790991069.7641943,49.6,2.7,1500.0,0.07080078125,758.8,7303.5,0x0,6.0,367.9,189.84
1790991070.7742066,49.6,2.0,1600.0,0.07080078125,759.2,7303.1,0x0,6.9,367.9,189.91
1790991071.784228,50.7,2.5,1700.0,0.07080078125,760.4,7301.9,0x0,8.9,367.9,190.0
1790991072.7942774,49.6,2.7,1700.0,0.07080078125,759.7,7302.7,0x0,9.9,367.9,190.1
1790991073.8039703,49.6,2.5,1600.0,0.07080078125,758.7,7303.6,0x0,9.9,367.9,190.2
1790991074.813975,52.4,3.5,1600.0,0.06494140625,758.0,7304.4,0x0,10.9,367.9,190.31
1790991075.8241022,51.2,3.7,1600.0,0.06494140625,758.4,7303.9,0x0,11.9,367.9,190.43
1790991076.834129,49.0,4.2,1600.0,0.06494140625,759.6,7302.7,0x0,11.9,367.9,190.55
1790991077.8441465,50.7,3.9,1600.0,0.06494140625,758.2,7304.1,0x0,10.9,367.9,190.66
1790991078.854227,50.1,3.5,1700.0,0.06494140625,756.5,7305.8,0x0,11.9,367.9,190.78
1790991079.863943,51.2,4.0,1600.0,0.14013671875,758.2,7304.1,0x0,12.9,367.9,190.91
1790991080.8739948,51.2,4.2,1500.0,0.14013671875,756.6,7305.7,0x0,13.9,367.9,191.05
1790991081.8841279,51.2,4.0,1600.0,0.14013671875,757.5,7304.8,0x0,13.9,367.9,191.19
1790991082.8942015,51.2,4.0,1700.0,0.14013671875,757.3,7305.0,0x0,11.9,367.9,191.31
1790991083.905876,50.1,1.5,1500.0,0.14013671875,756.3,7306.0,0x0,4.9,367.9,191.36
1790991085.0162964,49.6,2.2,1500.0,0.12890625,757.3,7305.0,0x0,1.8,367.9,191.38
1790991086.0223808,50.7,0.5,1500.0,0.12890625,757.2,7305.1,0x0,2.0,368.0,191.4
1790991087.028515,52.4,11.8,2400.0,0.12890625,758.5,7303.8,0x0,46.7,368.0,191.87
1790991088.0329156,51.2,6.5,2400.0,0.12890625,757.1,7305.2,0x0,27.9,367.9,192.15
1790991089.0422997,52.4,11.2,2400.0,0.12890625,755.2,7307.1,0x0,42.6,368.0,192.58
1790991090.0506604,52.4,0.2,2400.0,0.1181640625,755.9,7306.4,0x0,0.0,368.0,192.58
1790991091.057322,51.2,0.0,2400.0,0.1181640625,756.6,7305.7,0x0,1.0,367.9,192.59
1790991092.0656042,52.4,1.5,1600.0,0.1181640625,755.8,7306.6,0x0,6.9,367.9,192.66
1790991093.0750885,51.2,1.3,1600.0,0.1181640625,758.3,7304.0,0x0,8.9,367.9,192.75
1790991094.086953,50.1,2.7,1600.0,0.1181640625,758.8,7303.5,0x0,9.9,367.9,192.85
1790991095.0929196,50.1,2.7,1500.0,0.1083984375,757.1,7305.2,0x0,9.9,367.9,192.95
1790991096.1031218,51.2,2.7,1600.0,0.1083984375,757.4,7304.9,0x0,10.9,367.9,193.06
1790991097.1092205,50.7,2.5,1700.0,0.1083984375,757.9,7304.4,0x0,10.9,367.9,193.17
1790991098.1189966,50.7,2.5,1700.0,0.1083984375,760.8,7301.5,0x0,10.9,367.9,193.28
1790991099.1269388,51.2,2.8,1600.0,0.1083984375,759.6,7302.7,0x0,11.9,367.9,193.4
1790991100.1328914,51.2,2.8,1700.0,0.099609375,759.6,7302.7,0x0,12.9,367.9,193.53
1790991101.1385858,49.6,2.5,1500.0,0.099609375,760.6,7301.8,0x0,7.0,368.0,193.6
1790991102.1446435,50.1,0.3,1500.0,0.099609375,761.0,7301.3,0x0,2.0,367.9,193.62
1790991103.1550863,50.7,0.2,1500.0,0.099609375,760.1,7302.2,0x0,2.0,367.9,193.64
1790991104.1651511,51.2,12.2,2400.0,0.099609375,760.1,7302.2,0x0,47.5,368.0,194.12
1790991105.1695333,52.4,0.0,2400.0,0.09130859375,759.5,7302.8,0x0,0.0,368.0,194.12
1790991106.1778584,51.2,17.1,2400.0,0.09130859375,759.3,7303.0,0x0,67.4,367.9,194.8
1790991107.1853333,51.8,0.0,2400.0,0.09130859375,757.9,7304.4,0x0,0.0,367.9,194.8
1790991108.193613,52.4,0.0,2400.0,0.09130859375,758.4,7303.9,0x0,0.0,367.9,194.8
1790991109.2013178,50.7,1.2,1500.0,0.09130859375,760.5,7301.8,0x0,5.0,367.9,194.85
1790991110.2114844,51.2,3.0,1600.0,0.083984375,758.3,7304.0,0x0,9.9,367.9,194.95
1790991111.2190552,52.9,2.7,1700.0,0.083984375,758.3,7304.0,0x0,9.9,367.9,195.05
1790991112.2287502,50.1,2.5,1700.0,0.083984375,758.0,7304.3,0x0,9.9,367.9,195.15
1790991113.234637,51.8,2.5,1600.0,0.083984375,757.1,7305.2,0x0,10.9,367.9,195.26
1790991114.2447054,51.2,2.5,1500.0,0.083984375,757.1,7305.2,0x0,10.9,367.9,195.37
1790991115.2509074,51.2,1.8,1500.0,0.0771484375,757.1,7305.2,0x0,7.0,368.0,195.44
1790991116.2609184,50.7,0.2,1500.0,0.0771484375,757.8,7304.5,0x0,2.0,367.9,195.46
1790991117.2669764,50.7,0.5,1500.0,0.0771484375,759.4,7302.9,0x0,3.0,367.9,195.49
1790991118.2770097,50.7,0.2,1500.0,0.0771484375,761.3,7301.0,0x0,1.0,368.0,195.5
1790991119.2830112,51.2,1.8,1500.0,0.0771484375,760.1,7302.2,0x0,6.0,367.9,195.56
1790991120.29298,51.8,1.7,1600.0,0.07080078125,759.2,7303.1,0x0,5.0,367.9,195.61
1790991121.2990155,50.7,2.7,1600.0,0.07080078125,758.9,7303.4,0x0,9.9,367.9,195.71
1790991122.3090243,51.2,2.7,1500.0,0.07080078125,759.3,7303.0,0x0,9.9,367.9,195.81
1790991123.3151271,51.2,2.7,1600.0,0.07080078125,760.2,7302.1,0x0,10.9,367.9,195.92
1790991124.3252351,49.6,2.5,1700.0,0.07080078125,758.1,7304.2,0x0,9.9,367.9,196.02
1790991125.3308356,51.2,2.5,1700.0,0.06494140625,757.9,7304.4,0x0,10.9,367.9,196.13
1790991126.3404396,50.7,3.0,1600.0,0.06494140625,759.2,7303.1,0x0,11.9,367.9,196.25
1790991127.3470562,50.7,4.0,1600.0,0.06494140625,757.3,7305.0,0x0,11.9,367.9,196.37
1790991128.3569605,50.7,4.2,1600.0,0.06494140625,755.9,7306.4,0x0,13.9,367.9,196.51
1790991129.363148,51.2,1.5,1500.0,0.06494140625,759.4,7302.9,0x0,4.0,368.0,196.55
1790991130.373209,51.2,1.7,1500.0,0.0595703125,763.6,7298.7,0x0,3.0,367.9,196.58
1790991131.3792138,51.2,1.2,1500.0,0.0595703125,761.5,7300.8,0x0,1.0,368.0,196.59
1790991132.3892722,50.7,14.8,2400.0,0.0595703125,761.3,7301.0,0x0,50.5,368.0,197.1
1790991133.3936837,53.5,13.2,2400.0,0.0595703125,762.2,7300.1,0x0,47.8,367.9,197.58
1790991134.4026446,51.8,7.2,2400.0,0.0595703125,761.6,7300.7,0x0,26.8,368.0,197.85
1790991135.409341,51.8,0.2,2400.0,0.0546875,761.9,7300.4,0x0,0.0,368.0,197.85
1790991136.417552,51.8,0.0,2400.0,0.0546875,761.1,7301.2,0x0,0.0,367.9,197.85
1790991137.4252915,51.2,2.5,1600.0,0.0546875,761.4,7301.0,0x0,7.9,367.9,197.93
1790991138.4352229,51.2,2.7,1600.0,0.0546875,761.5,7300.8,0x0,9.9,367.9,198.03
1790991139.445339,51.8,2.5,1600.0,0.0546875,760.5,7301.8,0x0,8.9,367.9,198.12
1790991140.4513056,51.2,3.2,1700.0,0.05029296875,761.2,7301.1,0x0,10.9,367.9,198.23
1790991141.4569795,51.8,3.5,1700.0,0.05029296875,760.5,7301.8,0x0,10.9,367.9,198.34
1790991142.4626129,51.2,2.5,1500.0,0.05029296875,759.0,7303.3,0x0,7.0,368.0,198.41
1790991143.4686065,51.2,1.2,1500.0,0.05029296875,760.4,7301.9,0x0,2.0,367.9,198.43
1790991144.4787352,51.2,1.7,1500.0,0.05029296875,760.4,7301.9,0x0,2.0,367.9,198.45
1790991145.488771,50.7,2.2,1500.0,0.0458984375,758.4,7304.0,0x0,6.9,368.0,198.52
1790991146.4987729,50.1,0.0,1500.0,0.0458984375,759.3,7303.0,0x0,1.0,367.9,198.53
1790991147.5069633,50.7,3.0,1600.0,0.0458984375,759.1,7303.2,0x0,7.9,367.9,198.61
1790991148.516905,52.4,4.1,1600.0,0.0458984375,756.8,7305.5,0x0,8.9,367.9,198.7
1790991149.5231364,50.7,1.5,1600.0,0.0458984375,757.3,7305.0,0x0,9.9,367.9,198.8
1790991150.5330985,50.7,2.0,1600.0,0.0419921875,756.8,7305.5,0x0,8.9,367.9,198.89
1790991151.539117,50.7,2.8,1600.0,0.0419921875,758.7,7303.7,0x0,10.9,367.9,199.0
1790991152.5492036,51.2,2.7,1600.0,0.0419921875,758.4,7303.9,0x0,11.9,367.9,199.12
1790991153.555243,49.6,2.5,1600.0,0.0419921875,756.3,7306.0,0x0,11.9,367.9,199.24
1790991154.5658722,49.6,3.0,1600.0,0.0419921875,756.5,7305.8,0x0,10.9,367.9,199.35
1790991155.571895,50.1,2.3,1700.0,0.03857421875,757.0,7305.4,0x0,11.9,367.9,199.47
1790991156.5815387,51.2,2.8,1600.0,0.03857421875,755.8,7306.5,0x0,12.9,367.9,199.6
1790991157.587585,51.2,2.3,1500.0,0.03857421875,757.7,7304.7,0x0,10.9,368.0,199.71
1790991158.5975487,49.6,0.2,1500.0,0.03857421875,758.8,7303.5,0x0,1.0,367.9,199.72
1790991159.6035984,50.7,0.0,1500.0,0.03857421875,758.6,7303.7,0x0,2.0,367.9,199.74
1790991160.613647,49.0,0.2,1500.0,0.03515625,756.5,7305.8,0x0,2.0,367.9,199.76
1790991161.6197667,51.2,0.3,1500.0,0.03515625,757.0,7305.3,0x0,2.0,367.9,199.78
1790991162.629897,51.8,23.8,2400.0,0.03515625,758.2,7304.1,0x0,92.1,368.0,200.71
1790991163.6342657,51.8,0.0,2400.0,0.03515625,759.6,7302.7,0x0,0.0,368.0,200.71
1790991164.6425323,51.2,1.2,2400.0,0.03515625,758.4,7303.9,0x0,0.0,368.0,200.71
1790991165.6492891,52.9,24.3,2400.0,0.0322265625,763.5,7298.8,0x0,95.4,368.0,201.67
1790991166.65759,52.4,0.0,2400.0,0.0322265625,763.1,7299.2,0x0,1.0,368.0,201.68
1790991167.6652958,52.4,0.5,1500.0,0.0322265625,760.6,7301.7,0x0,0.0,368.0,201.68
1790991168.6752677,51.8,0.0,1500.0,0.0322265625,759.9,7302.4,0x0,0.0,367.9,201.68
1790991169.6829038,51.8,2.2,1600.0,0.0322265625,760.4,7302.0,0x0,7.9,367.9,201.76
1790991170.692825,51.2,2.7,1600.0,0.029296875,760.8,7301.6,0x0,9.9,367.9,201.86
1790991171.6990933,50.1,2.7,1600.0,0.029296875,759.7,7302.6,0x0,9.9,367.9,201.96
1790991172.709098,50.7,2.5,1600.0,0.029296875,759.0,7303.3,0x0,9.9,367.9,202.06
1790991173.715107,51.2,2.5,1600.0,0.029296875,758.7,7303.7,0x0,10.9,367.9,202.17
1790991174.7258177,52.4,3.0,1500.0,0.02685546875,758.2,7304.1,0x0,11.9,367.9,202.29
1790991175.7319424,51.2,2.0,1500.0,0.02685546875,758.4,7303.9,0x0,8.9,368.0,202.38
1790991176.7420485,50.7,0.2,1500.0,0.02685546875,759.1,7303.2,0x0,1.0,367.9,202.39
1790991177.7481427,51.2,0.0,1500.0,0.02685546875,760.5,7301.8,0x0,3.0,367.9,202.42
1790991178.7583172,50.7,0.5,1500.0,0.02685546875,759.8,7302.5,0x0,1.0,368.0,202.43
1790991179.76436,51.8,21.6,2400.0,0.0244140625,758.4,7303.9,0x0,86.5,368.0,203.3
1790991180.7726974,52.4,1.2,2400.0,0.0244140625,759.3,7303.0,0x0,0.0,368.0,203.3
1790991181.7772954,52.9,0.5,2400.0,0.0244140625,759.1,7303.2,0x0,0.0,368.0,203.3
1790991182.7855647,51.8,15.0,2400.0,0.0244140625,757.2,7305.1,0x0,60.5,368.0,203.91
1790991183.793315,51.8,0.0,2400.0,0.0244140625,758.4,7303.9,0x0,0.0,368.0,203.91
1790991184.8016198,51.8,1.2,1600.0,0.02197265625,757.7,7304.6,0x0,3.0,367.9,203.94
1790991185.8110163,51.8,2.7,1600.0,0.02197265625,758.2,7304.1,0x0,8.9,367.9,204.03
1790991186.8209634,52.4,2.7,1600.0,0.02197265625,758.7,7303.7,0x0,9.9,367.9,204.13
1790991187.8270595,51.8,2.8,1600.0,0.02197265625,758.0,7304.4,0x0,9.9,367.9,204.23
1790991188.836987,51.2,2.5,1600.0,0.02197265625,756.8,7305.5,0x0,10.9,367.9,204.34
1790991189.8430963,51.2,2.8,1600.0,0.1005859375,756.5,7305.8,0x0,9.9,367.9,204.44
1790991190.8531046,51.2,2.7,1500.0,0.1005859375,756.2,7306.2,0x0,11.9,367.9,204.56
1790991191.8592536,51.2,2.5,1500.0,0.1005859375,756.2,7306.1,0x0,8.9,368.0,204.65
1790991192.8693068,50.7,1.0,1500.0,0.1005859375,757.8,7304.5,0x0,2.0,367.9,204.67
1790991193.875349,51.2,2.0,1500.0,0.1005859375,759.0,7303.3,0x0,2.0,367.9,204.69
1790991194.8855476,50.7,1.2,1500.0,0.09228515625,758.5,7303.8,0x0,2.0,368.0,204.71
1790991195.891678,52.4,18.6,2400.0,0.09228515625,756.7,7305.7,0x0,66.6,368.0,205.38
1790991196.9000094,52.4,2.4,2400.0,0.09228515625,759.7,7302.6,0x0,0.0,368.0,205.38
1790991197.905316,53.5,18.0,2400.0,0.09228515625,760.2,7302.2,0x0,70.6,368.0,206.09
1790991198.9136302,52.4,0.0,2400.0,0.09228515625,758.8,7303.5,0x0,0.0,368.0,206.09
1790991199.9213161,52.4,0.2,2400.0,0.08447265625,764.0,7298.3,0x0,0.0,368.0,206.09
1790991200.9296095,50.7,0.8,1600.0,0.08447265625,762.8,7299.5,0x0,4.0,367.9,206.13
1790991201.9390345,51.2,2.7,1600.0,0.08447265625,764.9,7297.4,0x0,8.9,367.9,206.22
1790991202.948968,51.8,3.0,1600.0,0.08447265625,764.0,7298.3,0x0,9.9,367.9,206.32
1790991203.955046,51.8,2.3,1600.0,0.08447265625,762.1,7300.2,0x0,9.9,367.9,206.42
1790991204.9650087,51.8,3.2,1700.0,0.158203125,762.1,7300.2,0x0,10.9,367.9,206.53
1790991205.9706132,51.2,4.2,1600.0,0.158203125,760.0,7302.3,0x0,10.9,367.9,206.64
1790991206.9805484,51.2,3.9,1500.0,0.158203125,760.1,7302.2,0x0,11.9,367.9,206.76
1790991207.986897,50.1,4.0,1600.0,0.158203125,760.3,7302.0,0x0,12.9,367.9,206.89
1790991208.996822,51.2,3.5,1700.0,0.158203125,758.2,7304.1,0x0,11.9,367.9,207.01
1790991210.0026517,51.8,4.0,1700.0,0.1455078125,758.5,7303.9,0x0,12.9,367.9,207.14
1790991211.0122652,51.2,4.9,1600.0,0.1455078125,758.7,7303.6,0x0,12.9,367.9,207.27
1790991212.019088,51.2,4.4,1600.0,0.1455078125,757.7,7304.6,0x0,14.9,367.9,207.42
1790991213.028985,51.2,2.8,1600.0,0.1455078125,757.7,7304.6,0x0,13.9,367.9,207.56
1790991214.0377176,51.2,2.5,1700.0,0.1455078125,758.4,7303.9,0x0,12.9,367.9,207.69
1790991215.0436738,50.1,2.8,1600.0,0.21435546875,758.0,7304.4,0x0,14.9,367.9,207.84
1790991216.1508102,51.2,3.2,1600.0,0.21435546875,762.6,7299.7,0x0,12.6,367.9,207.98
1790991217.156736,50.7,2.3,1700.0,0.21435546875,762.9,7299.5,0x0,11.9,367.9,208.1
1790991218.1623673,49.6,2.5,1700.0,0.21435546875,760.5,7301.8,0x0,12.9,367.9,208.23
1790991219.16797,51.2,3.0,1600.0,0.21435546875,761.1,7301.2,0x0,13.9,367.9,208.37
1790991220.175081,51.8,2.8,1600.0,0.19677734375,761.6,7300.7,0x0,12.9,367.9,208.5
1790991221.181057,51.2,2.8,1600.0,0.19677734375,760.0,7302.3,0x0,13.9,367.9,208.64
1790991222.1874833,51.2,3.0,1700.0,0.19677734375,760.4,7301.9,0x0,12.9,367.9,208.77
1790991223.1945138,51.2,0.5,1500.0,0.19677734375,760.8,7301.5,0x0,3.0,367.9,208.8
1790991224.2005358,51.2,0.0,1500.0,0.19677734375,759.4,7302.9,0x0,2.0,367.9,208.82
1790991225.2065883,52.9,0.3,1500.0,0.1806640625,760.4,7302.0,0x0,2.0,367.9,208.84
1790991226.2126124,50.7,0.3,1500.0,0.1806640625,761.1,7301.2,0x0,2.0,368.0,208.86
1790991227.2185986,51.8,1.8,2400.0,0.1806640625,761.8,7300.5,0x0,6.0,367.9,208.92
1790991228.2228844,52.4,1.0,2400.0,0.1806640625,761.8,7300.5,0x0,4.0,367.9,208.96
1790991229.2312744,51.8,1.5,2400.0,0.1806640625,759.9,7302.4,0x0,6.9,367.9,209.03
1790991230.2396398,51.8,1.2,2400.0,0.166015625,759.7,7302.6,0x0,6.9,367.9,209.1
1790991231.2481115,51.8,3.4,2400.0,0.166015625,759.2,7303.1,0x0,6.9,367.9,209.17
1790991232.2565439,51.8,2.5,1600.0,0.166015625,759.7,7302.6,0x0,9.9,367.9,209.27
1790991233.2665343,51.8,2.5,1500.0,0.166015625,760.8,7301.5,0x0,10.9,367.9,209.38
1790991234.2765954,50.1,3.0,1600.0,0.166015625,759.7,7302.6,0x0,11.9,367.9,209.5
1790991235.2865765,50.1,2.8,1700.0,0.15234375,758.1,7304.2,0x0,12.9,367.9,209.63
1790991236.296368,51.8,2.5,1600.0,0.15234375,759.3,7303.0,0x0,11.9,367.9,209.75
1790991237.306364,51.8,3.0,1600.0,0.15234375,759.0,7303.3,0x0,11.9,367.9,209.87
1790991238.316313,50.1,3.7,1600.0,0.15234375,757.6,7304.7,0x0,13.9,367.9,210.01
1790991239.3262355,51.2,3.5,1600.0,0.15234375,757.6,7304.7,0x0,13.9,367.9,210.15
1790991240.3362694,51.2,4.0,1600.0,0.220703125,757.4,7304.9,0x0,14.9,367.9,210.3
1790991241.3462892,51.2,3.7,1700.0,0.220703125,759.8,7302.5,0x0,12.9,367.9,210.43
1790991242.354643,50.7,1.2,1500.0,0.220703125,760.9,7301.4,0x0,6.0,368.0,210.49
1790991243.36469,50.1,0.0,1500.0,0.220703125,763.3,7299.0,0x0,2.0,367.9,210.51
1790991244.370907,50.1,0.5,1500.0,0.220703125,763.5,7298.8,0x0,2.0,368.0,210.53
1790991245.3808818,51.2,1.5,1500.0,0.20263671875,763.5,7298.8,0x0,6.9,368.0,210.6
1790991246.3869238,51.2,0.2,1500.0,0.20263671875,764.0,7298.3,0x0,0.0,367.9,210.6
1790991247.396856,51.2,2.5,1500.0,0.20263671875,763.7,7298.6,0x0,8.9,367.9,210.69
1790991248.4030662,50.7,3.0,1600.0,0.20263671875,762.0,7300.4,0x0,10.9,367.9,210.8
1790991249.5111833,51.2,2.5,1600.0,0.20263671875,761.5,7300.8,0x0,9.0,367.9,210.9
1790991250.517183,51.2,2.7,1600.0,0.18603515625,762.0,7300.4,0x0,10.9,367.9,211.01
1790991251.5235887,50.7,2.8,1600.0,0.18603515625,762.9,7299.4,0x0,10.9,367.9,211.12
1790991252.5335834,50.7,3.2,1700.0,0.18603515625,761.9,7300.4,0x0,10.9,367.9,211.23
1790991253.5432267,51.8,3.0,1600.0,0.18603515625,760.4,7302.0,0x0,13.9,367.9,211.37
1790991254.652426,50.7,2.9,1600.0,0.18603515625,760.6,7301.7,0x0,9.9,367.9,211.48
1790991255.6584175,51.2,4.0,1600.0,0.1708984375,761.6,7300.7,0x0,13.9,367.9,211.62
1790991256.664384,50.1,4.2,1600.0,0.1708984375,761.4,7300.9,0x0,12.9,367.9,211.75
1790991257.670322,51.2,4.0,1700.0,0.1708984375,758.8,7303.5,0x0,12.9,367.9,211.88
1790991258.675917,51.2,3.7,1600.0,0.1708984375,759.2,7303.1,0x0,13.9,367.9,212.02
1790991259.6822991,51.8,4.0,1500.0,0.1708984375,760.8,7301.5,0x0,12.9,367.9,212.15
1790991260.688271,50.1,0.3,1500.0,0.2373046875,761.1,7301.2,0x0,2.0,367.9,212.17
1790991261.6943033,50.7,0.5,1500.0,0.2373046875,759.7,7302.6,0x0,2.0,367.9,212.19
1790991262.7043588,50.7,0.2,1500.0,0.2373046875,759.3,7303.0,0x0,2.0,368.0,212.21
1790991263.714385,51.2,11.2,2400.0,0.2373046875,761.2,7301.1,0x0,42.6,368.0,212.64
1790991264.7227263,52.4,17.7,2400.0,0.2373046875,762.0,7300.4,0x0,69.4,368.0,213.34
1790991265.7310984,52.4,0.2,2400.0,0.21826171875,760.3,7302.0,0x0,0.0,368.0,213.34
1790991266.7393563,52.4,0.2,2400.0,0.21826171875,759.6,7302.7,0x0,0.0,367.9,213.34
1790991267.747637,51.8,0.8,2400.0,0.21826171875,760.0,7302.3,0x0,4.0,367.9,213.38
1790991268.756056,52.4,2.2,1600.0,0.21826171875,758.9,7303.4,0x0,8.9,367.9,213.47
1790991269.7662206,51.2,3.0,1600.0,0.21826171875,758.7,7303.6,0x0,9.9,367.9,213.57
1790991270.7762072,51.2,2.7,1600.0,0.20068359375,759.6,7302.7,0x0,8.9,367.9,213.66
1790991271.786257,50.1,2.7,1600.0,0.20068359375,757.7,7304.7,0x0,10.9,367.9,213.77
1790991272.7962315,50.1,3.0,1600.0,0.20068359375,758.4,7304.0,0x0,11.9,367.9,213.89
1790991273.8031604,50.7,3.2,1600.0,0.20068359375,757.9,7304.4,0x0,11.9,367.9,214.01
1790991274.9099298,50.1,3.8,1600.0,0.1845703125,758.9,7303.4,0x0,10.8,367.9,214.13
1790991275.915903,51.2,3.7,1500.0,0.1845703125,758.5,7303.9,0x0,11.9,368.0,214.25
1790991276.9219916,49.6,0.7,1500.0,0.1845703125,758.7,7303.6,0x0,2.0,367.9,214.27
1790991277.9279876,49.6,1.7,1500.0,0.1845703125,757.5,7304.8,0x0,2.0,367.9,214.29
1790991278.9382188,51.2,2.0,1500.0,0.1845703125,758.4,7303.9,0x0,2.0,367.9,214.31
1790991279.9482868,50.7,1.0,1500.0,0.16943359375,758.5,7303.8,0x0,1.0,367.9,214.32
1790991280.9586506,52.9,23.8,2400.0,0.16943359375,759.7,7302.6,0x0,94.0,368.0,215.27
1790991281.9669724,51.8,0.2,2400.0,0.16943359375,761.3,7301.0,0x0,1.0,368.0,215.28
1790991283.0759885,51.8,0.5,2400.0,0.16943359375,760.8,7301.5,0x0,0.0,368.0,215.28
1790991284.0802264,52.9,24.5,2400.0,0.16943359375,762.0,7300.3,0x0,96.6,368.0,216.25
1790991285.0845604,51.8,0.0,1700.0,0.15576171875,760.6,7301.7,0x0,0.0,368.0,216.25
1790991286.090151,50.7,0.2,1500.0,0.15576171875,759.2,7303.1,0x0,1.0,368.0,216.26
1790991287.0961194,50.1,0.2,1500.0,0.15576171875,759.5,7302.9,0x0,0.0,367.9,216.26
1790991288.1021461,52.4,2.5,1600.0,0.15576171875,759.5,7302.9,0x0,8.0,367.9,216.34
1790991289.1080892,51.2,3.0,1600.0,0.15576171875,759.0,7303.4,0x0,9.9,367.9,216.44
1790991290.1141286,51.2,2.7,1600.0,0.2236328125,759.9,7302.4,0x0,8.9,367.9,216.53
1790991291.1235886,51.2,3.0,1600.0,0.2236328125,760.0,7302.3,0x0,9.9,367.9,216.63
1790991292.1335466,51.8,4.2,1500.0,0.2236328125,759.6,7302.8,0x0,10.9,367.9,216.74
1790991293.143669,51.2,2.7,1500.0,0.2236328125,759.6,7302.8,0x0,7.9,368.0,216.82
1790991294.1536977,50.7,1.5,1500.0,0.2236328125,762.6,7299.7,0x0,1.0,367.9,216.83
1790991295.1637483,50.1,1.0,1500.0,0.20556640625,762.6,7299.7,0x0,3.0,367.9,216.86
1790991296.1737823,52.4,11.2,2400.0,0.20556640625,764.5,7297.8,0x0,44.6,368.0,217.31
1790991297.1829345,51.8,3.7,2400.0,0.20556640625,763.3,7299.0,0x0,13.9,368.0,217.45
1790991298.1912956,54.0,18.5,2400.0,0.20556640625,762.4,7300.0,0x0,74.4,368.0,218.2
1790991299.2995374,52.4,0.0,2400.0,0.20556640625,762.0,7300.3,0x0,0.0,368.0,218.2
1790991300.303817,52.4,0.0,2400.0,0.18896484375,762.7,7299.6,0x0,0.0,368.0,218.2
1790991301.3080947,51.2,0.8,1600.0,0.18896484375,761.3,7301.0,0x0,2.0,368.0,218.22
1790991302.3140535,50.1,1.3,1600.0,0.18896484375,761.3,7301.0,0x0,9.9,368.0,218.32
1790991303.320027,50.7,1.5,1600.0,0.18896484375,760.9,7301.5,0x0,8.9,368.0,218.41
1790991304.32624,50.7,3.0,1600.0,0.18896484375,759.3,7303.0,0x0,9.9,368.0,218.51
1790991305.3362,50.1,2.5,1600.0,0.173828125,761.1,7301.2,0x0,10.9,368.0,218.62
1790991306.3462155,51.8,2.7,1700.0,0.173828125,760.6,7301.7,0x0,9.9,368.0,218.72
1790991307.355826,51.8,2.7,1600.0,0.173828125,757.9,7304.4,0x0,11.9,368.0,218.84
1790991308.3658073,51.2,2.7,1500.0,0.173828125,758.6,7303.7,0x0,11.9,368.0,218.96
1790991309.375951,51.2,0.5,1500.0,0.173828125,758.9,7303.5,0x0,3.0,368.0,218.99
1790991310.3861446,52.9,0.5,1500.0,0.15966796875,757.4,7304.9,0x0,2.0,368.0,219.01
1790991311.3961527,52.4,0.0,1500.0,0.15966796875,757.8,7304.5,0x0,3.0,368.0,219.04
1790991312.4061568,51.2,0.0,1500.0,0.15966796875,758.3,7304.0,0x0,2.0,368.0,219.06
1790991313.5148475,51.8,2.0,2400.0,0.15966796875,759.7,7302.6,0x0,7.2,368.0,219.14
1790991314.5191512,51.8,0.3,2400.0,0.15966796875,761.9,7300.4,0x0,0.0,368.0,219.14
1790991315.5233946,51.8,1.0,2400.0,0.146484375,762.8,7299.6,0x0,5.0,368.0,219.19
1790991316.5276985,51.8,2.0,2400.0,0.146484375,764.2,7298.2,0x0,7.0,368.0,219.26
1790991317.5320368,51.8,1.3,2400.0,0.146484375,761.8,7300.5,0x0,7.0,368.0,219.33
1790991318.5363638,51.8,2.0,1600.0,0.146484375,761.8,7300.5,0x0,8.0,368.0,219.41
1790991319.5450187,51.2,2.5,1700.0,0.146484375,761.8,7300.5,0x0,10.9,368.0,219.52
1790991320.55068,51.2,2.8,1600.0,0.13427734375,759.8,7302.5,0x0,10.9,368.0,219.63
1790991321.556626,51.2,2.5,1600.0,0.13427734375,760.6,7301.7,0x0,13.9,368.0,219.77
1790991322.6637976,51.8,3.2,1700.0,0.13427734375,761.2,7301.1,0x0,11.7,368.0,219.9
1790991323.6694627,51.2,3.0,1600.0,0.13427734375,761.7,7300.6,0x0,11.9,368.0,220.02
1790991324.6755333,51.2,3.0,1600.0,0.13427734375,762.6,7299.7,0x0,12.9,368.0,220.15
1790991325.6815615,50.7,1.2,1500.0,0.123046875,761.7,7300.6,0x0,4.0,368.0,220.19
1790991326.6876028,52.4,0.3,1500.0,0.123046875,761.2,7301.1,0x0,3.0,368.0,220.22
1790991327.6936357,51.8,0.3,1500.0,0.123046875,761.5,7300.9,0x0,2.0,368.0,220.24
1790991328.6996574,51.8,12.8,2400.0,0.123046875,761.0,7301.3,0x0,51.7,368.0,220.76
1790991329.7040105,50.7,0.0,2400.0,0.123046875,761.5,7300.8,0x0,0.0,368.0,220.76
1790991330.7122767,52.4,18.6,2400.0,0.11279296875,761.8,7300.6,0x0,72.4,368.0,221.49
1790991331.720621,52.9,0.2,2400.0,0.11279296875,760.6,7301.7,0x0,0.0,368.0,221.49
1790991332.728928,52.4,0.2,2400.0,0.11279296875,760.8,7301.5,0x0,0.0,368.0,221.49
1790991333.7371929,51.8,1.2,1600.0,0.11279296875,760.8,7301.5,0x0,5.0,368.0,221.54
1790991334.7472947,51.2,2.7,1600.0,0.11279296875,759.7,7302.6,0x0,9.9,368.0,221.64
1790991335.7573009,50.1,2.5,1600.0,0.103515625,758.3,7304.0,0x0,8.9,368.0,221.73
1790991336.767244,52.4,3.2,1600.0,0.103515625,758.5,7303.8,0x0,10.9,368.0,221.84
1790991337.777223,51.2,2.7,1600.0,0.103515625,758.1,7304.2,0x0,10.9,368.0,221.95
1790991338.7872593,51.8,2.7,1600.0,0.103515625,758.8,7303.5,0x0,11.9,368.0,222.07
1790991339.7974255,51.8,3.0,1700.0,0.103515625,758.3,7304.0,0x0,10.9,368.0,222.18
1790991340.8071382,50.1,3.2,1700.0,0.17578125,757.1,7305.2,0x0,11.9,368.0,222.3
1790991341.8168273,51.2,1.2,1500.0,0.17578125,757.9,7304.4,0x0,5.0,368.0,222.35
1790991342.8269053,51.2,0.2,1500.0,0.17578125,758.2,7304.2,0x0,2.0,368.0,222.37
1790991343.8370278,49.6,0.2,1500.0,0.17578125,757.7,7304.6,0x0,2.0,368.0,222.39
1790991344.8470335,50.1,1.7,1500.0,0.16162109375,759.0,7303.3,0x0,5.9,368.0,222.45
1790991345.9550486,51.2,1.1,1600.0,0.16162109375,757.9,7304.4,0x0,3.6,368.0,222.49
1790991346.9610784,51.2,2.7,1600.0,0.16162109375,761.6,7300.7,0x0,8.9,368.0,222.58
1790991347.9671276,50.7,2.5,1600.0,0.16162109375,760.0,7302.3,0x0,9.9,368.0,222.68
1790991348.9732153,50.7,2.5,1600.0,0.16162109375,759.1,7303.2,0x0,8.9,368.0,222.77
1790991349.9792714,51.2,2.8,1600.0,0.1484375,759.6,7302.8,0x0,10.9,368.0,222.88
1790991350.9853528,51.2,3.0,1600.0,0.1484375,759.0,7303.4,0x0,10.9,368.0,222.99
1790991351.991429,50.7,2.8,1600.0,0.1484375,757.6,7304.7,0x0,11.9,368.0,223.11
1790991352.9976463,51.8,3.2,1700.0,0.1484375,758.0,7304.3,0x0,10.9,368.0,223.22
1790991354.0033085,50.7,3.2,1600.0,0.1484375,758.4,7303.9,0x0,10.9,368.0,223.33
1790991355.0093963,51.2,4.4,1500.0,0.216796875,756.7,7305.6,0x0,12.9,368.0,223.46
1790991356.0155346,51.2,4.0,1600.0,0.216796875,757.2,7305.2,0x0,12.9,368.0,223.59
1790991357.0216355,51.2,4.0,1700.0,0.216796875,757.2,7305.1,0x0,11.9,368.0,223.71
1790991358.0279167,51.8,3.5,1500.0,0.216796875,757.7,7304.7,0x0,11.9,368.0,223.83
1790991359.033898,51.2,1.0,1500.0,0.216796875,758.1,7304.2,0x0,1.0,368.0,223.84
1790991360.0438619,49.6,2.0,1500.0,0.19921875,759.5,7302.8,0x0,2.0,368.0,223.86
1790991361.0538871,51.2,2.0,1500.0,0.19921875,757.6,7304.7,0x0,2.0,368.0,223.88
1790991362.0639548,53.5,17.0,2400.0,0.19921875,757.4,7304.9,0x0,69.3,368.0,224.58
1790991363.0732973,51.2,5.7,2400.0,0.19921875,759.7,7302.6,0x0,20.8,368.0,224.79
1790991364.08162,51.8,0.2,2400.0,0.19921875,758.3,7304.0,0x0,0.0,368.0,224.79
1790991365.0898902,55.1,19.0,2400.0,0.34375,758.6,7303.7,0x0,75.4,368.0,225.55
1790991366.0990427,52.4,5.5,2400.0,0.34375,760.0,7302.3,0x0,21.8,368.0,225.77
1790991367.107327,51.8,0.2,1500.0,0.34375,759.6,7302.7,0x0,0.0,368.0,225.77
1790991368.1174507,52.4,0.2,1500.0,0.34375,758.9,7303.4,0x0,1.0,368.0,225.78
1790991369.1274738,50.7,1.0,1600.0,0.34375,760.5,7301.8,0x0,4.0,368.0,225.82
1790991370.2360065,50.1,2.9,1600.0,0.31591796875,759.8,7302.5,0x0,8.1,368.0,225.91
1790991371.2420135,51.8,2.7,1600.0,0.31591796875,759.8,7302.6,0x0,8.9,368.0,226.0
1790991372.2480547,51.2,2.5,1600.0,0.31591796875,759.0,7303.3,0x0,9.9,368.0,226.1
1790991373.2541811,51.2,3.7,1600.0,0.31591796875,757.1,7305.2,0x0,10.9,368.0,226.21
1790991374.260186,51.2,4.0,1600.0,0.31591796875,757.3,7305.0,0x0,10.9,368.0,226.32
1790991375.270485,50.7,4.2,1600.0,0.29052734375,756.8,7305.5,0x0,11.9,368.0,226.44
1790991376.376645,51.2,4.5,1600.0,0.29052734375,755.5,7306.8,0x0,12.7,368.0,226.58
1790991377.4828873,51.8,3.4,1600.0,0.29052734375,759.2,7303.1,0x0,10.8,368.0,226.7
1790991378.488831,51.2,2.5,1600.0,0.29052734375,759.2,7303.1,0x0,11.9,368.0,226.82
1790991379.4947844,50.7,2.8,1600.0,0.29052734375,757.7,7304.7,0x0,13.9,368.0,226.96
1790991380.5007098,50.7,2.8,1600.0,0.34765625,757.0,7305.4,0x0,13.9,368.0,227.1
1790991381.5067124,50.7,2.5,1600.0,0.34765625,758.0,7304.3,0x0,12.9,368.0,227.23
1790991382.5136228,51.2,3.0,1700.0,0.34765625,757.4,7304.9,0x0,12.9,368.0,227.36
1790991383.5191877,51.8,2.5,1600.0,0.34765625,756.4,7305.9,0x0,12.9,368.0,227.49
1790991384.5251398,50.1,2.5,1500.0,0.34765625,757.4,7304.9,0x0,13.9,368.0,227.63
1790991385.5311775,50.7,2.8,1600.0,0.3193359375,757.4,7304.9,0x0,12.9,368.0,227.76
1790991386.5372274,50.7,2.5,1700.0,0.3193359375,756.4,7305.9,0x0,12.9,368.0,227.89
1790991387.5428197,51.2,1.5,1500.0,0.3193359375,757.1,7305.2,0x0,7.0,368.0,227.96
1790991388.54886,51.8,0.3,1500.0,0.3193359375,761.4,7301.0,0x0,2.0,368.0,227.98
1790991389.5548546,50.7,0.3,1500.0,0.3193359375,760.8,7301.5,0x0,2.0,368.0,228.0
1790991390.5608711,52.4,0.0,1500.0,0.29345703125,760.4,7302.0,0x0,2.0,368.0,228.02
1790991391.5668736,50.7,1.8,1500.0,0.29345703125,761.3,7301.0,0x0,6.0,368.0,228.08
1790991392.5728374,51.2,0.8,1600.0,0.29345703125,760.3,7302.0,0x0,4.0,368.0,228.12
1790991393.5787706,49.0,1.8,1600.0,0.29345703125,761.3,7301.0,0x0,9.9,368.0,228.22
1790991394.584763,51.2,2.7,1600.0,0.29345703125,758.7,7303.6,0x0,8.9,368.0,228.31
1790991395.5947368,51.2,2.5,1600.0,0.26953125,760.3,7302.0,0x0,8.9,368.0,228.4
1790991396.604698,51.8,2.7,1600.0,0.26953125,759.3,7303.0,0x0,10.9,368.0,228.51
1790991397.6147103,51.2,3.7,1600.0,0.26953125,757.9,7304.4,0x0,10.9,368.0,228.62
1790991398.6247778,51.2,2.7,1700.0,0.26953125,759.0,7303.3,0x0,11.9,368.0,228.74
1790991399.6345167,51.2,2.5,1700.0,0.26953125,763.2,7299.1,0x0,10.9,368.0,228.85
1790991400.644166,50.1,2.3,1600.0,0.24755859375,761.8,7300.5,0x0,11.9,368.0,228.97
1790991401.6543648,50.1,3.0,1600.0,0.24755859375,762.2,7300.1,0x0,11.9,368.0,229.09
1790991402.6643538,51.2,1.5,1500.0,0.24755859375,762.2,7300.1,0x0,7.9,368.0,229.17
1790991403.6744454,51.2,0.2,1500.0,0.24755859375,762.4,7299.9,0x0,2.0,368.0,229.19
1790991404.6845582,49.6,0.0,1500.0,0.24755859375,763.4,7298.9,0x0,2.0,368.0,229.21
1790991405.6946566,50.7,0.5,1500.0,0.2275390625,761.5,7300.8,0x0,2.0,368.0,229.23
1790991406.7047832,49.0,1.7,1900.0,0.2275390625,761.5,7300.8,0x0,6.9,368.0,229.3
1790991407.7139673,51.2,0.2,1500.0,0.2275390625,762.2,7300.1,0x0,1.0,368.0,229.31
1790991408.7239606,50.7,2.0,1600.0,0.2275390625,761.7,7300.6,0x0,5.9,368.0,229.37
1790991409.73397,50.7,3.0,1500.0,0.2275390625,759.9,7302.4,0x0,9.9,368.0,229.47
1790991410.7440643,51.2,2.7,1600.0,0.208984375,760.1,7302.2,0x0,9.9,368.0,229.57
1790991411.754131,50.7,3.0,1700.0,0.208984375,760.5,7301.8,0x0,10.9,368.0,229.68
1790991412.7638369,50.1,2.2,1600.0,0.208984375,759.5,7302.8,0x0,9.9,368.0,229.78
1790991413.77386,50.1,2.5,1600.0,0.208984375,759.5,7302.8,0x0,9.9,368.0,229.88
1790991414.783873,49.0,3.0,1500.0,0.208984375,757.8,7304.5,0x0,11.9,368.0,230.0
1790991415.7940452,51.2,2.8,1600.0,0.19189453125,758.1,7304.2,0x0,11.9,368.0,230.12
1790991416.8040485,50.1,2.8,1700.0,0.19189453125,758.5,7303.8,0x0,12.9,368.0,230.25
1790991417.8137689,50.1,2.7,1500.0,0.19189453125,760.1,7302.2,0x0,9.9,368.0,230.35
1790991418.8238354,49.0,0.5,1500.0,0.19189453125,759.7,7302.6,0x0,1.0,368.0,230.36
1790991419.834064,51.2,0.0,1500.0,0.19189453125,760.4,7301.9,0x0,2.0,368.0,230.38
1790991420.8441496,50.7,0.5,1500.0,0.17626953125,759.5,7302.9,0x0,2.0,368.0,230.4
1790991421.854156,50.7,12.7,2400.0,0.17626953125,758.3,7304.0,0x0,49.5,368.0,230.9
1790991422.8624938,51.2,0.5,2400.0,0.17626953125,761.3,7301.0,0x0,1.0,368.0,230.91
1790991423.8707452,50.7,18.2,2400.0,0.17626953125,760.8,7301.5,0x0,71.4,368.0,231.63
1790991424.879046,50.1,0.0,2400.0,0.17626953125,758.8,7303.5,0x0,0.0,368.0,231.63
1790991425.8872886,51.8,0.0,2400.0,0.162109375,760.5,7301.8,0x0,1.0,368.0,231.64
1790991426.8955128,51.8,1.7,1600.0,0.162109375,759.4,7303.0,0x0,6.0,368.0,231.7
1790991427.9054956,51.2,2.5,1600.0,0.162109375,759.8,7302.5,0x0,7.9,368.0,231.78
1790991428.91545,50.7,3.0,1600.0,0.162109375,760.2,7302.1,0x0,9.9,368.0,231.88
1790991429.9255805,51.8,2.7,1600.0,0.2294921875,761.4,7300.9,0x0,10.9,368.0,231.99
1790991430.9359539,51.2,2.7,1600.0,0.2294921875,760.8,7301.5,0x0,9.9,368.0,232.09
1790991431.9461143,50.1,3.0,1600.0,0.2294921875,760.3,7302.0,0x0,11.9,368.0,232.21
1790991432.9561625,50.7,3.0,1700.0,0.2294921875,760.0,7302.3,0x0,10.9,368.0,232.32
1790991433.9659567,51.8,4.2,1600.0,0.2294921875,758.5,7303.8,0x0,11.9,368.0,232.44
1790991434.9760454,49.6,3.0,1500.0,0.2109375,758.7,7303.6,0x0,10.9,368.0,232.55
1790991435.9868534,50.7,1.2,1500.0,0.2109375,758.5,7303.8,0x0,1.0,368.0,232.56
1790991436.9971673,50.7,2.4,1500.0,0.2109375,757.3,7305.0,0x0,2.0,368.0,232.58
1790991438.0032883,50.7,1.5,1500.0,0.2109375,759.0,7303.4,0x0,7.0,368.0,232.65
1790991439.0134873,50.7,0.2,1500.0,0.2109375,758.5,7303.8,0x0,0.0,368.0,232.65
1790991440.0195954,50.7,2.5,1600.0,0.19384765625,758.0,7304.3,0x0,8.9,368.0,232.74
1790991441.0296593,50.1,3.2,1600.0,0.19384765625,759.0,7303.4,0x0,9.9,368.0,232.84
1790991442.0359702,51.2,2.5,1600.0,0.19384765625,759.4,7302.9,0x0,8.9,368.0,232.93
1790991443.0460675,50.7,2.7,1600.0,0.19384765625,757.2,7305.1,0x0,10.9,368.0,233.04
1790991444.052138,51.2,3.2,1600.0,0.19384765625,757.8,7304.5,0x0,10.9,368.0,233.15
1790991445.0622604,50.7,3.7,1600.0,0.17822265625,758.2,7304.1,0x0,9.9,368.0,233.25
1790991446.0683186,51.2,3.7,1700.0,0.17822265625,756.4,7306.0,0x0,11.9,368.0,233.37
1790991447.0788808,50.1,4.2,1600.0,0.17822265625,757.4,7304.9,0x0,11.9,368.0,233.49
1790991448.0850098,50.1,3.7,1500.0,0.17822265625,758.5,7303.8,0x0,12.9,368.0,233.62
1790991449.0952618,49.6,4.0,1600.0,0.17822265625,757.4,7304.9,0x0,12.9,368.0,233.75
1790991450.1014154,51.2,3.7,1700.0,0.16357421875,758.8,7303.5,0x0,12.9,368.0,233.88
1790991451.1137874,50.7,4.0,1500.0,0.16357421875,758.8,7303.5,0x0,12.8,368.0,234.01
1790991452.1201885,51.2,3.7,1600.0,0.16357421875,757.8,7304.5,0x0,11.9,368.0,234.13
1790991453.1262233,51.2,4.2,1700.0,0.16357421875,759.7,7302.6,0x0,13.9,368.0,234.27
1790991454.1319027,51.2,4.2,1700.0,0.16357421875,758.8,7303.6,0x0,12.9,368.0,234.4
1790991455.1375976,51.2,4.7,1700.0,0.150390625,756.9,7305.4,0x0,12.9,368.0,234.53
1790991456.14624,50.7,3.2,1700.0,0.150390625,758.5,7303.8,0x0,11.9,368.0,234.65
1790991457.1563895,51.2,1.8,1500.0,0.150390625,760.6,7301.7,0x0,7.9,368.0,234.73
1790991458.162463,50.1,0.5,1500.0,0.150390625,761.8,7300.5,0x0,1.0,368.0,234.74
1790991459.1725724,50.1,0.0,1500.0,0.150390625,762.0,7300.3,0x0,4.0,368.0,234.78
1790991460.1786964,51.2,1.5,1600.0,0.13818359375,761.3,7301.0,0x0,6.0,368.0,234.84
1790991461.1887403,49.0,0.0,1500.0,0.13818359375,760.3,7302.0,0x0,0.0,368.0,234.84
1790991462.1949036,50.1,1.0,1600.0,0.13818359375,761.2,7301.1,0x0,7.0,368.0,234.91
1790991463.2050278,50.1,1.8,1600.0,0.13818359375,760.3,7302.0,0x0,9.9,368.0,235.01
1790991464.2111552,51.2,2.3,1600.0,0.13818359375,760.0,7302.3,0x0,9.9,368.0,235.11
1790991465.2213702,51.8,3.2,1700.0,0.126953125,759.4,7302.9,0x0,10.9,368.0,235.22
1790991466.2272935,51.2,2.3,1700.0,0.126953125,758.5,7303.8,0x0,9.9,368.0,235.32
1790991467.2370806,50.7,2.7,1600.0,0.126953125,758.3,7304.0,0x0,10.9,368.0,235.43
1790991468.2431777,51.8,2.8,1600.0,0.126953125,757.6,7304.7,0x0,11.9,368.0,235.55
1790991469.2532694,52.4,2.8,1600.0,0.126953125,757.8,7304.6,0x0,11.9,368.0,235.67
1790991470.2593524,50.1,2.5,1700.0,0.11669921875,757.7,7304.6,0x0,12.9,368.0,235.8
1790991471.26927,49.6,3.0,1700.0,0.11669921875,757.5,7304.9,0x0,12.9,368.0,235.93
1790991472.2751276,49.6,2.8,1600.0,0.11669921875,757.7,7304.6,0x0,12.9,368.0,236.06
1790991473.2852588,50.1,1.5,1500.0,0.11669921875,758.4,7303.9,0x0,5.9,368.0,236.12
1790991474.2914805,51.2,0.3,1500.0,0.11669921875,758.4,7303.9,0x0,2.0,368.0,236.14
1790991475.3016882,49.6,0.2,1500.0,0.10693359375,758.4,7303.9,0x0,2.0,368.0,236.16
1790991476.307865,50.1,0.0,1500.0,0.10693359375,757.7,7304.6,0x0,2.0,368.0,236.18
1790991477.318136,49.0,2.0,1500.0,0.10693359375,762.1,7300.2,0x0,5.9,368.0,236.24
1790991478.324309,50.7,1.0,1600.0,0.10693359375,762.8,7299.5,0x0,4.0,368.0,236.28
1790991479.3344285,50.7,3.0,1600.0,0.10693359375,759.8,7302.5,0x0,8.9,368.0,236.37
1790991480.3405201,50.7,2.5,1600.0,0.1787109375,758.9,7303.4,0x0,8.9,368.0,236.46
1790991481.3506713,50.7,2.7,1600.0,0.1787109375,760.3,7302.0,0x0,10.9,368.0,236.57
1790991482.3573,49.0,2.5,1600.0,0.1787109375,759.1,7303.2,0x0,9.9,368.0,236.67
1790991483.3674092,50.7,2.7,1600.0,0.1787109375,757.6,7304.7,0x0,11.9,368.0,236.79
1790991484.3735147,50.1,3.0,1600.0,0.1787109375,757.7,7304.6,0x0,11.9,368.0,236.91
1790991485.3836765,49.6,2.3,1700.0,0.1640625,760.7,7301.6,0x0,11.9,368.0,237.03
1790991486.3894608,50.1,3.2,1700.0,0.1640625,759.1,7303.2,0x0,12.9,368.0,237.16
1790991487.3997374,51.2,3.0,1600.0,0.1640625,758.0,7304.3,0x0,11.9,368.0,237.28
1790991488.4058578,50.7,4.0,1500.0,0.1640625,758.4,7303.9,0x0,13.9,368.0,237.42
1790991489.4185677,51.2,4.2,1700.0,0.1640625,758.1,7304.2,0x0,13.8,368.0,237.56
1790991490.4243402,50.1,3.7,1700.0,0.15087890625,756.9,7305.4,0x0,12.9,368.0,237.69
1790991491.4341702,51.2,1.7,1500.0,0.15087890625,758.3,7304.0,0x0,6.9,368.0,237.76
1790991492.44438,51.2,0.0,1500.0,0.15087890625,762.0,7300.3,0x0,2.0,368.0,237.78
1790991493.454716,49.6,0.5,1500.0,0.15087890625,761.3,7301.0,0x0,3.0,368.0,237.81
1790991494.4648886,50.7,13.9,2400.0,0.15087890625,760.6,7301.7,0x0,54.4,368.0,238.36
1790991495.4692883,51.2,0.2,2400.0,0.138671875,761.6,7300.7,0x0,0.0,368.0,238.36
1790991496.4777546,52.4,17.5,2400.0,0.138671875,762.3,7300.0,0x0,69.4,368.0,239.06
1790991497.4861283,50.7,0.0,2400.0,0.138671875,761.8,7300.5,0x0,0.0,368.0,239.06
1790991498.4944997,51.8,0.2,2400.0,0.138671875,762.0,7300.3,0x0,0.0,368.0,239.06
1790991499.5028841,51.8,1.5,1600.0,0.138671875,761.8,7300.6,0x0,6.0,368.0,239.12
1790991500.5130115,50.1,2.7,1500.0,0.12744140625,761.5,7300.8,0x0,8.9,368.0,239.21
1790991501.5232272,51.2,2.7,1600.0,0.12744140625,761.9,7300.5,0x0,10.9,368.0,239.32
1790991502.5333314,51.8,3.0,1600.0,0.12744140625,758.8,7303.5,0x0,9.9,368.0,239.42
1790991503.5435789,51.8,2.5,1600.0,0.12744140625,759.5,7302.9,0x0,10.9,368.0,239.53
1790991504.5537322,51.2,2.5,1600.0,0.12744140625,759.9,7302.4,0x0,9.9,368.0,239.63
1790991505.5638204,51.2,3.0,1500.0,0.19775390625,759.9,7302.4,0x0,10.9,368.0,239.74
1790991506.574009,50.1,0.2,1500.0,0.19775390625,761.3,7301.0,0x0,2.0,368.0,239.76
1790991507.5842638,50.7,0.5,1500.0,0.19775390625,762.2,7300.1,0x0,2.0,368.0,239.78
1790991508.5944595,51.2,0.2,1500.0,0.19775390625,759.9,7302.4,0x0,2.0,368.0,239.8
1790991509.604645,50.1,2.2,1500.0,0.19775390625,758.8,7303.6,0x0,6.9,368.0,239.87
1790991510.614866,50.7,0.2,1500.0,0.181640625,760.9,7301.4,0x0,1.0,368.0,239.88
1790991511.6249895,51.8,1.7,1600.0,0.181640625,760.9,7301.4,0x0,5.9,368.0,239.94
1790991512.6350744,51.2,2.5,1600.0,0.181640625,759.2,7303.1,0x0,8.9,368.0,240.03
1790991513.6451988,49.6,3.0,1600.0,0.181640625,760.1,7302.2,0x0,9.9,368.0,240.13
1790991514.6553814,50.1,2.5,1500.0,0.181640625,760.9,7301.5,0x0,10.9,368.0,240.24
1790991515.6657772,49.6,2.7,1600.0,0.1669921875,759.7,7302.6,0x0,9.9,368.0,240.34
1790991516.6764135,49.6,3.9,1700.0,0.1669921875,757.1,7305.2,0x0,11.9,368.0,240.46
1790991517.6862125,50.7,3.5,1700.0,0.1669921875,758.3,7304.0,0x0,10.9,368.0,240.57
1790991518.6960142,50.7,4.0,1600.0,0.1669921875,760.1,7302.2,0x0,11.9,368.0,240.69
1790991519.706083,51.2,4.2,1500.0,0.1669921875,760.0,7302.3,0x0,13.9,368.0,240.83
1790991520.7162695,50.1,4.0,1600.0,0.1533203125,759.3,7303.0,0x0,12.9,368.0,240.96
1790991521.7266338,51.2,3.7,1700.0,0.1533203125,760.4,7301.9,0x0,12.9,368.0,241.09
1790991522.739014,51.8,3.7,1600.0,0.1533203125,759.7,7302.6,0x0,12.8,368.0,241.22
1790991523.7451475,51.8,4.2,1600.0,0.1533203125,759.0,7303.3,0x0,14.9,368.0,241.37
1790991524.7512395,50.7,4.0,1700.0,0.1533203125,758.3,7304.0,0x0,13.9,368.0,241.51
1790991525.7569923,50.7,3.7,1600.0,0.140625,758.9,7303.4,0x0,13.9,368.0,241.65
1790991526.7672973,50.7,3.2,1500.0,0.140625,760.1,7302.2,0x0,9.9,368.0,241.75
1790991527.7774668,51.8,1.0,1500.0,0.140625,760.6,7301.7,0x0,1.0,368.0,241.76
1790991528.7876723,50.7,2.0,1500.0,0.140625,759.6,7302.7,0x0,3.0,368.0,241.79
1790991529.7979426,50.7,2.0,1500.0,0.140625,759.4,7302.9,0x0,2.0,368.0,241.81
1790991530.8081267,50.7,1.2,1500.0,0.12890625,760.5,7301.8,0x0,5.9,368.0,241.87
1790991531.8183293,51.2,2.2,1600.0,0.12890625,759.3,7303.0,0x0,4.0,368.0,241.91
1790991532.8286886,50.1,2.0,1600.0,0.12890625,757.5,7304.8,0x0,8.9,368.0,242.0
1790991533.8389645,50.7,1.5,1600.0,0.12890625,759.6,7302.7,0x0,9.9,368.0,242.1
1790991534.849095,50.7,2.0,1600.0,0.12890625,759.4,7303.0,0x0,8.9,368.0,242.19
1790991535.8591776,50.1,2.7,1600.0,0.1181640625,757.2,7305.1,0x0,10.9,368.0,242.3
1790991536.8693194,49.6,2.7,1500.0,0.1181640625,757.7,7304.6,0x0,11.9,368.0,242.42
1790991537.8795931,51.2,2.7,1600.0,0.1181640625,757.9,7304.4,0x0,11.9,368.0,242.54
1790991538.88987,49.6,2.7,1700.0,0.1181640625,756.9,7305.4,0x0,10.9,368.0,242.65
1790991539.8997283,50.1,2.7,1700.0,0.1181640625,757.0,7305.3,0x0,11.9,368.0,242.77
1790991540.909734,49.6,3.0,1600.0,0.1083984375,758.4,7303.9,0x0,12.9,368.0,242.9
1790991541.9198463,50.1,2.8,1600.0,0.1083984375,757.5,7304.8,0x0,12.9,368.0,243.03
1790991542.9256618,49.0,1.8,1500.0,0.1083984375,757.7,7304.6,0x0,8.9,368.0,243.12
1790991543.9318123,49.6,0.2,1500.0,0.1083984375,757.8,7304.5,0x0,2.0,368.0,243.14
1790991544.942507,51.2,0.0,1500.0,0.1083984375,759.4,7302.9,0x0,2.0,368.0,243.16
1790991545.9487233,50.7,1.8,1500.0,0.099609375,760.8,7301.5,0x0,5.0,368.0,243.21
1790991546.9589322,50.7,0.2,1500.0,0.099609375,762.0,7300.3,0x0,1.0,368.0,243.22
1790991547.9690413,51.2,1.5,1600.0,0.099609375,760.6,7301.7,0x0,7.9,368.0,243.3
1790991548.9791963,50.7,2.5,1600.0,0.099609375,761.1,7301.2,0x0,8.9,368.0,243.39
1790991549.9894786,50.1,2.7,1600.0,0.099609375,759.9,7302.4,0x0,9.9,368.0,243.49
1790991551.0999582,50.1,2.9,1600.0,0.09130859375,758.8,7303.5,0x0,9.9,368.0,243.6
1790991552.106098,51.2,3.0,1700.0,0.09130859375,760.0,7302.3,0x0,10.9,368.0,243.71
1790991553.1118736,50.7,2.3,1700.0,0.09130859375,760.0,7302.3,0x0,9.9,368.0,243.81
1790991554.1177208,49.6,2.5,1600.0,0.09130859375,758.7,7303.6,0x0,11.9,368.0,243.93
1790991555.1238396,50.7,3.0,1500.0,0.083984375,758.9,7303.4,0x0,11.9,368.0,244.05
1790991556.1301198,51.2,3.0,1600.0,0.083984375,759.2,7303.1,0x0,12.9,368.0,244.18
1790991557.1363084,50.1,1.8,1500.0,0.083984375,760.3,7302.0,0x0,8.0,368.0,244.26
1790991558.1425238,49.6,0.0,1500.0,0.083984375,759.9,7302.5,0x0,2.0,368.0,244.28
1790991559.1527033,51.2,0.2,1500.0,0.083984375,757.8,7304.6,0x0,2.0,368.0,244.3
1790991560.1629684,52.4,9.7,2400.0,0.0771484375,758.7,7303.6,0x0,39.6,368.0,244.7
1790991561.1722376,51.2,7.2,2400.0,0.0771484375,759.6,7302.7,0x0,28.7,368.0,244.99
1790991562.1806438,52.4,3.7,2400.0,0.0771484375,760.8,7301.6,0x0,12.9,368.0,245.12
1790991563.1901364,52.4,14.5,2400.0,0.0771484375,760.8,7301.6,0x0,57.5,368.0,245.7
1790991564.1985128,52.9,0.2,2400.0,0.0771484375,761.7,7300.6,0x0,0.0,368.0,245.7
1790991565.30576,51.2,0.2,1500.0,0.07080078125,759.6,7302.8,0x0,0.9,368.0,245.71
1790991566.3119345,50.1,2.7,1600.0,0.07080078125,762.4,7299.9,0x0,8.0,368.0,245.79
1790991567.3182552,50.1,3.0,1600.0,0.07080078125,762.8,7299.5,0x0,9.9,368.0,245.89
1790991568.3243153,51.2,2.5,1500.0,0.07080078125,761.0,7301.4,0x0,9.9,368.0,245.99
1790991569.3305159,50.7,2.8,1600.0,0.07080078125,759.0,7303.3,0x0,10.9,368.0,246.1
1790991570.336535,51.8,2.5,1600.0,0.06494140625,761.9,7300.5,0x0,9.9,368.0,246.2
1790991571.342523,50.7,0.8,1500.0,0.06494140625,760.9,7301.4,0x0,3.0,368.0,246.23
1790991572.3486788,50.7,0.0,1500.0,0.06494140625,760.1,7302.2,0x0,2.0,368.0,246.25
1790991573.3588912,50.7,0.2,1500.0,0.06494140625,761.3,7301.0,0x0,2.0,368.0,246.27
1790991574.369008,50.7,0.2,1500.0,0.06494140625,759.7,7302.6,0x0,2.0,368.0,246.29
1790991575.3791087,53.5,23.4,2400.0,0.30029296875,760.6,7301.7,0x0,93.1,368.0,247.23
1790991576.3874876,51.2,0.0,2400.0,0.30029296875,762.1,7300.2,0x0,0.0,368.0,247.23
1790991577.3958533,51.8,0.0,2400.0,0.30029296875,761.6,7300.7,0x0,1.0,368.0,247.24
1790991578.4042804,54.5,24.8,2400.0,0.30029296875,762.7,7299.6,0x0,97.2,368.0,248.22
1790991579.4126751,52.4,0.5,2400.0,0.30029296875,764.1,7298.2,0x0,1.0,368.0,248.23
1790991580.4209652,51.8,0.2,1500.0,0.27587890625,762.7,7299.6,0x0,0.0,368.0,248.23
1790991581.5315125,51.2,0.0,1500.0,0.27587890625,761.8,7300.5,0x0,0.9,368.0,248.24
1790991582.537476,49.6,1.0,1600.0,0.27587890625,762.3,7300.0,0x0,4.0,368.0,248.28
1790991583.54343,51.2,2.7,1600.0,0.27587890625,762.6,7299.7,0x0,8.9,368.0,248.37
1790991584.5494552,50.1,2.7,1600.0,0.27587890625,760.5,7301.9,0x0,8.9,368.0,248.46
1790991585.555511,50.7,2.5,1600.0,0.25341796875,760.0,7302.3,0x0,9.9,368.0,248.56
1790991586.5615463,51.2,1.7,1500.0,0.25341796875,762.3,7300.0,0x0,5.0,368.0,248.61
1790991587.5675836,51.2,2.0,1500.0,0.25341796875,762.1,7300.2,0x0,2.0,368.0,248.63
1790991588.5737104,50.7,1.5,1500.0,0.25341796875,759.9,7302.4,0x0,2.0,368.0,248.65
1790991589.5800383,50.7,1.8,1500.0,0.25341796875,760.9,7301.4,0x0,7.0,368.0,248.72
1790991590.5860913,50.1,0.5,1500.0,0.23291015625,761.8,7300.5,0x0,0.0,368.0,248.72
1790991591.5961666,51.2,2.5,1500.0,0.23291015625,761.1,7301.2,0x0,9.9,368.0,248.82
1790991592.606411,51.2,3.0,1600.0,0.23291015625,761.8,7300.5,0x0,8.9,368.0,248.91
1790991593.6165276,50.1,2.7,1600.0,0.23291015625,760.8,7301.5,0x0,10.9,368.0,249.02
1790991594.6271834,50.7,2.5,1600.0,0.23291015625,759.7,7302.6,0x0,9.9,368.0,249.12
1790991595.6372755,50.1,3.0,1600.0,0.2138671875,759.9,7302.4,0x0,9.9,368.0,249.22
1790991596.6472874,50.7,4.2,1600.0,0.2138671875,760.9,7301.5,0x0,13.9,368.0,249.36
1790991597.7558749,49.6,3.8,1600.0,0.2138671875,759.9,7302.4,0x0,9.9,368.0,249.47
1790991598.7619941,51.2,4.0,1600.0,0.2138671875,758.9,7303.5,0x0,11.9,368.0,249.59
1790991599.7680838,51.2,3.7,1600.0,0.2138671875,759.1,7303.2,0x0,13.9,368.0,249.73
1790991600.774151,49.6,4.2,1600.0,0.1962890625,759.4,7302.9,0x0,13.9,368.0,249.87
1790991601.7802012,51.2,3.7,1600.0,0.1962890625,758.7,7303.6,0x0,13.9,368.0,250.01
1790991602.7866561,51.2,4.0,1700.0,0.1962890625,758.1,7304.2,0x0,12.9,368.0,250.14
1790991603.7923048,50.1,1.7,1500.0,0.1962890625,761.2,7301.1,0x0,3.0,368.0,250.17
1790991604.7984235,50.1,1.7,1500.0,0.1962890625,760.5,7301.8,0x0,2.0,368.0,250.19
1790991605.808555,50.7,1.5,1500.0,0.18017578125,760.5,7301.8,0x0,1.0,368.0,250.2
1790991606.8186696,51.2,16.1,2400.0,0.18017578125,761.2,7301.2,0x0,51.5,368.0,250.72
1790991607.8270252,51.2,0.2,2400.0,0.18017578125,761.5,7300.9,0x0,1.0,368.6,250.73
1790991608.8353562,51.8,15.7,2400.0,0.18017578125,761.6,7300.7,0x0,62.5,368.7,251.36
1790991609.843679,51.2,0.0,2400.0,0.18017578125,761.3,7301.0,0x0,0.0,368.7,251.36
1790991610.8520522,51.2,0.0,2400.0,0.16552734375,758.1,7304.2,0x0,0.0,368.7,251.36
1790991611.860382,50.1,1.5,1600.0,0.16552734375,760.1,7302.2,0x0,8.9,368.7,251.45
1790991612.8704107,51.2,1.8,1600.0,0.16552734375,761.0,7301.3,0x0,9.9,368.7,251.55
1790991613.9798765,51.8,2.7,1700.0,0.16552734375,758.5,7303.8,0x0,9.9,368.7,251.66
1790991614.9856079,51.2,2.8,1600.0,0.16552734375,762.7,7299.6,0x0,9.9,368.7,251.76
1790991615.995689,51.2,2.5,1700.0,0.15185546875,760.2,7302.1,0x0,10.9,368.7,251.87
1790991617.0012426,51.8,2.8,1600.0,0.15185546875,760.2,7302.1,0x0,11.9,368.7,251.99
1790991618.0073643,51.2,3.0,1600.0,0.15185546875,762.1,7300.2,0x0,11.9,368.7,252.11
1790991619.0135703,50.1,1.0,1500.0,0.15185546875,762.1,7300.2,0x0,5.0,368.7,252.16
1790991620.0237737,50.7,0.2,1500.0,0.15185546875,760.2,7302.1,0x0,2.0,368.7,252.18
1790991621.0340245,50.7,0.2,1500.0,0.22021484375,759.3,7303.0,0x0,1.0,368.7,252.19
1790991622.0442765,50.7,11.9,2400.0,0.22021484375,761.2,7301.1,0x0,47.5,368.7,252.67
1790991623.0527174,53.5,10.7,2400.0,0.22021484375,760.7,7301.6,0x0,41.6,368.7,253.09
1790991624.0631752,50.7,7.4,2400.0,0.22021484375,760.0,7302.3,0x0,27.7,368.7,253.37
1790991625.0714734,52.9,3.1,2400.0,0.22021484375,759.6,7302.8,0x0,0.0,368.7,253.37
1790991626.1784797,52.4,0.9,2400.0,0.2021484375,759.5,7302.8,0x0,1.8,368.7,253.39
1790991627.1828222,51.2,2.2,1600.0,0.2021484375,758.2,7304.1,0x0,7.0,368.7,253.46
1790991628.1887748,51.2,3.0,1600.0,0.2021484375,757.3,7305.0,0x0,9.9,368.7,253.56
1790991629.1947875,51.2,2.5,1600.0,0.2021484375,757.3,7305.0,0x0,9.9,368.7,253.66
1790991630.2007258,50.1,2.8,1700.0,0.185546875,757.0,7305.3,0x0,9.9,368.7,253.76
1790991631.2063327,51.8,2.5,1700.0,0.185546875,758.0,7304.3,0x0,11.9,368.7,253.88
1790991632.211926,51.2,2.8,1600.0,0.185546875,757.9,7304.4,0x0,10.9,368.7,253.99
1790991633.217852,50.7,2.5,1700.0,0.185546875,757.6,7304.7,0x0,10.9,368.7,254.1
1790991634.223878,52.4,3.0,1600.0,0.185546875,757.6,7304.8,0x0,11.9,368.7,254.22
1790991635.2298317,51.2,2.0,1500.0,0.17041015625,758.0,7304.3,0x0,8.0,368.7,254.3
1790991636.2358732,50.1,0.3,1500.0,0.17041015625,760.8,7301.5,0x0,2.0,368.7,254.32
1790991637.2459483,51.2,0.0,1500.0,0.17041015625,760.8,7301.5,0x0,2.0,368.7,254.34
1790991638.2559662,50.7,2.0,1500.0,0.17041015625,760.1,7302.2,0x0,6.9,368.7,254.41
1790991639.263504,50.1,0.0,1500.0,0.17041015625,762.7,7299.6,0x0,1.0,368.7,254.42
1790991640.2736945,51.2,2.2,1600.0,0.15673828125,762.1,7300.2,0x0,5.9,368.7,254.48
1790991641.2799091,50.7,2.5,1600.0,0.15673828125,760.2,7302.1,0x0,8.9,368.7,254.57
1790991642.2900326,51.2,3.2,1500.0,0.15673828125,760.3,7302.0,0x0,9.9,368.7,254.67
1790991643.3003228,50.1,2.7,1600.0,0.15673828125,760.0,7302.3,0x0,10.9,368.7,254.78
1790991644.310712,51.2,3.9,1700.0,0.15673828125,757.9,7304.4,0x0,9.9,368.7,254.88
1790991645.3205373,51.2,2.7,1600.0,0.224609375,759.5,7302.8,0x0,11.9,368.7,255.0
1790991646.3307679,51.2,2.7,1700.0,0.224609375,759.7,7302.6,0x0,10.9,368.7,255.11
1790991647.340547,49.6,3.5,1600.0,0.224609375,757.9,7304.4,0x0,12.9,368.7,255.24
1790991648.3507574,50.1,3.7,1600.0,0.224609375,757.9,7304.4,0x0,13.9,368.7,255.38
1790991649.3610024,51.2,3.7,1600.0,0.224609375,758.9,7303.4,0x0,12.9,368.7,255.51
1790991650.3714194,51.2,4.0,1700.0,0.20654296875,757.9,7304.4,0x0,13.9,368.7,255.65
1790991651.381228,51.2,4.2,1700.0,0.20654296875,757.4,7304.9,0x0,12.9,368.7,255.78
1790991652.3913987,50.1,4.0,1600.0,0.20654296875,759.1,7303.2,0x0,13.9,368.7,255.92
1790991653.4015267,50.7,4.2,1500.0,0.20654296875,758.1,7304.2,0x0,13.9,368.7,256.06
1790991654.411776,51.8,4.0,1600.0,0.20654296875,759.1,7303.2,0x0,14.8,368.7,256.21
1790991655.4220693,51.2,4.0,1700.0,0.18994140625,762.4,7300.0,0x0,12.9,368.7,256.34
1790991656.4318175,50.7,3.7,1700.0,0.18994140625,761.9,7300.4,0x0,12.9,368.7,256.47
1790991657.4414866,51.8,4.2,1600.0,0.18994140625,759.3,7303.0,0x0,13.9,368.7,256.61
1790991658.4515035,51.2,4.0,1500.0,0.18994140625,759.1,7303.2,0x0,13.9,368.7,256.75
1790991659.4616513,50.7,4.2,1600.0,0.18994140625,759.9,7302.4,0x0,13.9,368.7,256.89
1790991660.4716513,50.7,3.5,1600.0,0.17431640625,759.9,7302.5,0x0,12.9,368.7,257.02
1790991661.481691,51.8,4.2,1700.0,0.17431640625,759.2,7303.1,0x0,13.9,368.7,257.16
1790991662.4915972,50.7,5.1,1600.0,0.17431640625,759.0,7303.4,0x0,12.9,368.7,257.29
1790991663.5016851,51.2,4.2,1500.0,0.17431640625,757.6,7304.7,0x0,13.9,368.7,257.43
1790991664.5117178,50.7,4.2,1600.0,0.17431640625,758.1,7304.2,0x0,13.9,368.7,257.57
1790991665.5207806,50.1,3.7,1600.0,0.16015625,757.9,7304.4,0x0,12.9,368.7,257.7
1790991666.5268102,51.2,3.7,1500.0,0.16015625,756.9,7305.4,0x0,12.9,368.7,257.83
1790991667.533632,51.2,4.2,1600.0,0.16015625,758.5,7303.8,0x0,12.9,368.7,257.96
1790991668.5396461,51.2,4.0,1700.0,0.16015625,758.1,7304.2,0x0,13.9,368.7,258.1
1790991669.5454042,51.2,4.0,1700.0,0.16015625,757.4,7304.9,0x0,13.9,368.7,258.24
1790991670.55112,51.8,3.7,1600.0,0.14697265625,757.9,7304.5,0x0,12.9,368.7,258.37
1790991671.5571327,50.1,3.7,1600.0,0.14697265625,758.3,7304.0,0x0,12.9,368.7,258.5
1790991672.5631645,50.7,4.0,1600.0,0.14697265625,758.5,7303.8,0x0,12.9,368.7,258.63
1790991673.5691586,51.2,3.2,1500.0,0.14697265625,759.9,7302.4,0x0,10.9,368.7,258.74
1790991674.5752494,50.1,1.0,1500.0,0.14697265625,761.8,7300.5,0x0,2.0,368.7,258.76
1790991675.5854,51.2,2.0,1500.0,0.134765625,761.5,7300.8,0x0,2.0,368.7,258.78
1790991676.595537,50.1,1.7,1500.0,0.134765625,759.6,7302.7,0x0,2.0,368.7,258.8
1790991677.6057374,50.7,7.9,2400.0,0.134765625,760.6,7301.7,0x0,30.7,368.7,259.11
1790991678.6147435,51.2,13.6,2400.0,0.134765625,760.5,7301.8,0x0,50.5,368.7,259.62
1790991679.6231534,51.8,4.3,2400.0,0.134765625,760.5,7301.8,0x0,0.0,368.7,259.62
1790991680.6316402,55.1,18.5,2400.0,0.12353515625,759.9,7302.5,0x0,67.4,368.7,260.3
1790991681.6401882,51.8,0.7,2400.0,0.12353515625,760.8,7301.5,0x0,1.0,368.7,260.31
1790991682.6486635,52.4,0.5,1600.0,0.12353515625,759.9,7302.4,0x0,0.0,368.7,260.31
1790991683.6586967,51.8,0.5,1600.0,0.12353515625,760.1,7302.2,0x0,3.0,368.7,260.34
1790991684.6688597,51.2,1.8,1600.0,0.12353515625,760.2,7302.2,0x0,8.9,368.7,260.43
1790991685.678954,50.7,1.5,1500.0,0.11328125,759.9,7302.4,0x0,9.9,368.7,260.53
1790991686.68915,51.2,2.7,1600.0,0.11328125,758.0,7304.3,0x0,9.9,368.7,260.63
1790991687.6994622,51.2,2.7,1600.0,0.11328125,759.2,7303.1,0x0,9.9,368.7,260.73
1790991688.7096093,51.8,2.7,1600.0,0.11328125,759.5,7302.9,0x0,10.9,368.7,260.84
1790991689.719698,51.2,2.5,1600.0,0.11328125,758.9,7303.5,0x0,11.9,368.7,260.96
1790991690.7298212,51.8,3.0,1700.0,0.10400390625,758.6,7303.7,0x0,11.9,368.7,261.08
1790991691.7395742,51.2,2.5,1600.0,0.10400390625,758.2,7304.2,0x0,12.9,368.7,261.21
1790991692.7498193,51.2,1.2,1500.0,0.10400390625,757.9,7304.4,0x0,5.9,368.7,261.27
1790991693.760015,51.8,0.2,1500.0,0.10400390625,758.3,7304.0,0x0,2.0,368.7,261.29
1790991694.7704296,51.8,5.0,2400.0,0.10400390625,759.6,7302.7,0x0,18.8,368.7,261.48
1790991695.779487,51.8,6.7,2400.0,0.09521484375,759.7,7302.7,0x0,23.8,368.7,261.72
1790991696.7879035,52.4,17.5,2400.0,0.09521484375,758.5,7303.8,0x0,69.4,368.7,262.42
1790991697.7964036,52.4,1.2,2400.0,0.09521484375,761.3,7301.0,0x0,1.0,368.7,262.43
1790991698.8047807,52.4,1.7,2400.0,0.09521484375,761.5,7300.8,0x0,0.0,368.7,262.43
1790991699.8131485,52.4,1.2,1600.0,0.09521484375,761.8,7300.5,0x0,4.0,368.7,262.47
1790991700.8232322,51.8,2.7,1600.0,0.08740234375,761.5,7300.8,0x0,9.9,368.7,262.57
1790991701.833366,51.8,2.7,1600.0,0.08740234375,759.8,7302.6,0x0,8.9,368.7,262.66
1790991702.8435867,51.2,2.7,1600.0,0.08740234375,760.2,7302.1,0x0,9.9,368.7,262.76
1790991703.8537185,50.7,2.7,1500.0,0.08740234375,759.0,7303.3,0x0,10.9,368.7,262.87
1790991704.8640525,51.2,2.7,1600.0,0.08740234375,757.6,7304.7,0x0,10.9,368.7,262.98
1790991705.8743746,51.2,2.7,1700.0,0.080078125,759.3,7303.0,0x0,10.9,368.7,263.09
1790991706.8841999,51.2,2.5,1600.0,0.080078125,758.4,7304.0,0x0,10.9,368.7,263.2
1790991707.894368,51.2,3.0,1700.0,0.080078125,758.6,7303.7,0x0,11.9,368.7,263.32
1790991708.901129,51.8,3.0,1600.0,0.080078125,758.6,7303.7,0x0,13.9,368.7,263.46
1790991710.0074093,51.2,2.5,1600.0,0.080078125,758.6,7303.7,0x0,11.8,368.7,263.59
1790991711.0135818,49.0,3.2,1600.0,0.15380859375,758.6,7303.7,0x0,12.9,368.7,263.72
1790991712.0196888,51.2,3.5,1600.0,0.15380859375,758.6,7303.7,0x0,13.9,368.7,263.86
1790991713.0258632,51.2,3.5,1600.0,0.15380859375,758.2,7304.2,0x0,12.9,368.7,263.99
1790991714.0329094,50.1,3.7,1700.0,0.15380859375,758.4,7303.9,0x0,11.9,368.7,264.11
1790991715.0387285,51.2,3.7,1600.0,0.15380859375,757.9,7304.4,0x0,12.9,368.7,264.24
1790991716.044887,51.2,4.2,1700.0,0.14111328125,758.6,7303.7,0x0,13.9,368.7,264.38
1790991717.0526452,50.7,3.7,1600.0,0.14111328125,758.1,7304.2,0x0,13.9,368.7,264.52
1790991718.0589325,51.2,4.0,1600.0,0.14111328125,758.8,7303.5,0x0,12.9,368.7,264.65
1790991719.065014,51.8,4.0,1700.0,0.14111328125,758.1,7304.2,0x0,12.9,368.7,264.78
1790991720.070804,51.2,3.7,1600.0,0.14111328125,758.1,7304.2,0x0,12.9,368.7,264.91
1790991721.076928,51.2,4.0,1500.0,0.2099609375,757.6,7304.7,0x0,13.9,368.7,265.05
1790991722.0833144,50.1,3.7,1600.0,0.2099609375,758.3,7304.0,0x0,12.9,368.7,265.18
1790991723.0901592,51.2,4.0,1700.0,0.2099609375,758.5,7303.8,0x0,13.9,368.7,265.32
1790991724.0960126,51.8,4.0,1700.0,0.2099609375,758.1,7304.2,0x0,13.9,368.7,265.46
1790991725.101812,51.2,4.0,1600.0,0.2099609375,758.3,7304.0,0x0,12.9,368.7,265.59
1790991726.107898,51.8,4.0,1600.0,0.19287109375,758.5,7303.8,0x0,12.9,368.7,265.72
1790991727.1152472,51.2,4.0,1600.0,0.19287109375,758.1,7304.2,0x0,13.9,368.7,265.86
1790991728.1213248,51.8,4.0,1700.0,0.19287109375,757.8,7304.5,0x0,13.9,368.7,266.0
1790991729.127099,51.2,4.0,1600.0,0.19287109375,758.7,7303.6,0x0,13.9,368.7,266.14
1790991730.1331987,51.2,3.7,1700.0,0.19287109375,758.8,7303.5,0x0,12.9,368.7,266.27
1790991731.1389532,51.2,3.7,1600.0,0.17724609375,758.5,7303.8,0x0,13.9,368.7,266.41
1790991732.1450517,51.2,4.0,1600.0,0.17724609375,758.5,7303.8,0x0,13.9,368.7,266.55
1790991733.1511426,51.2,4.0,1600.0,0.17724609375,758.3,7304.0,0x0,13.9,368.7,266.69
1790991734.1573164,50.1,4.5,1700.0,0.17724609375,758.5,7303.8,0x0,13.9,368.7,266.83
1790991735.1632788,49.6,3.7,1700.0,0.16259765625,762.7,7299.6,0x0,13.9,368.7,266.97
1790991736.169079,51.2,4.0,1600.0,0.16259765625,762.7,7299.6,0x0,12.9,368.7,267.1
1790991737.1752055,51.2,4.0,1500.0,0.16259765625,761.8,7300.5,0x0,14.9,368.7,267.25
1790991738.18141,50.1,1.2,1500.0,0.16259765625,761.8,7300.5,0x0,1.0,368.7,267.26
1790991739.1876183,49.6,1.5,1500.0,0.16259765625,761.3,7301.0,0x0,2.0,368.7,267.28
1790991740.1940002,51.2,2.2,1500.0,0.1494140625,760.4,7302.0,0x0,2.0,368.7,267.3
1790991741.2001662,51.2,1.5,1500.0,0.1494140625,760.5,7301.8,0x0,2.0,368.7,267.32
1790991742.210386,50.7,1.7,1500.0,0.1494140625,762.2,7300.1,0x0,6.9,368.7,267.39
1790991743.2205658,51.2,0.5,1500.0,0.1494140625,762.5,7299.8,0x0,1.0,368.7,267.4
1790991744.2307875,50.1,2.7,1500.0,0.1494140625,760.7,7301.7,0x0,9.9,368.7,267.5
1790991745.2411788,50.7,2.7,1600.0,0.2177734375,760.0,7302.4,0x0,8.9,368.7,267.59
1790991746.251533,52.4,2.7,1600.0,0.2177734375,760.3,7302.0,0x0,9.9,368.7,267.69
1790991747.2616732,50.7,3.5,1600.0,0.2177734375,759.2,7303.1,0x0,9.9,368.7,267.79
1790991748.271805,50.7,3.9,1600.0,0.2177734375,762.0,7300.3,0x0,10.9,368.7,267.9
1790991749.2820103,51.2,4.2,1500.0,0.2177734375,762.7,7299.6,0x0,11.9,368.7,268.02
1790991750.292228,51.8,4.0,1600.0,0.2001953125,760.8,7301.5,0x0,12.9,368.7,268.15
1790991751.3025117,50.7,4.6,1700.0,0.2001953125,759.7,7302.7,0x0,11.9,368.7,268.27
1790991752.3126233,51.2,2.8,1700.0,0.2001953125,760.4,7302.0,0x0,12.9,368.7,268.4
1790991753.3223655,51.8,2.8,1600.0,0.2001953125,759.4,7302.9,0x0,13.9,368.7,268.54
1790991754.332461,50.7,3.0,1500.0,0.2001953125,758.7,7303.6,0x0,13.9,368.7,268.68
1790991755.3426511,50.7,2.8,1600.0,0.18408203125,758.9,7303.4,0x0,13.9,368.7,268.82
1790991756.352727,51.2,2.5,1700.0,0.18408203125,758.1,7304.2,0x0,13.9,368.7,268.96
1790991757.3657358,51.2,2.5,1500.0,0.18408203125,758.8,7303.5,0x0,12.8,368.7,269.09
1790991758.372534,51.8,3.0,1600.0,0.18408203125,759.5,7302.8,0x0,13.9,368.7,269.23
1790991759.3785849,51.2,3.0,1700.0,0.18408203125,759.3,7303.0,0x0,13.9,368.7,269.37
1790991760.3842943,50.7,2.5,1600.0,0.1689453125,757.4,7304.9,0x0,13.9,368.7,269.51
1790991761.390424,50.7,2.5,1600.0,0.1689453125,758.8,7303.5,0x0,12.9,368.7,269.64
1790991762.3965125,52.4,2.8,1600.0,0.1689453125,758.8,7303.5,0x0,12.9,368.7,269.77
1790991763.4025493,51.2,3.3,1600.0,0.1689453125,757.6,7304.7,0x0,13.9,368.7,269.91
1790991764.4086397,51.2,2.8,1600.0,0.1689453125,757.6,7304.7,0x0,13.9,368.7,270.05
1790991765.41474,51.2,2.8,1700.0,0.1552734375,758.6,7303.7,0x0,14.9,368.7,270.2
1790991766.4206512,50.1,2.8,1700.0,0.1552734375,758.1,7304.2,0x0,12.9,368.7,270.33
1790991767.4264035,50.1,2.5,1600.0,0.1552734375,757.6,7304.7,0x0,12.9,368.7,270.46
1790991768.4324431,51.2,2.8,1500.0,0.1552734375,758.3,7304.0,0x0,13.9,368.7,270.6
1790991769.4385912,51.2,2.8,1600.0,0.1552734375,758.1,7304.2,0x0,13.9,368.7,270.74
1790991770.4448023,51.2,3.0,1700.0,0.142578125,757.9,7304.4,0x0,12.9,368.7,270.87
1790991771.4508271,50.7,2.8,1700.0,0.142578125,759.0,7303.3,0x0,13.9,368.7,271.01
1790991772.4566061,51.2,3.5,1700.0,0.142578125,759.0,7303.3,0x0,12.9,368.7,271.14
1790991773.4663768,51.2,0.5,1500.0,0.142578125,758.8,7303.5,0x0,2.0,368.7,271.16
1790991774.4765284,50.7,0.0,1500.0,0.142578125,758.0,7304.3,0x0,2.0,368.7,271.18
1790991775.4867277,50.7,0.2,1500.0,0.130859375,758.0,7304.3,0x0,2.0,368.7,271.2
1790991776.4929953,50.7,1.5,1500.0,0.130859375,758.0,7304.3,0x0,7.0,368.7,271.27
1790991777.50315,51.2,0.0,1500.0,0.130859375,761.5,7300.8,0x0,0.0,368.7,271.27
1790991778.513247,50.7,2.5,1500.0,0.130859375,762.4,7299.9,0x0,7.9,368.7,271.35
1790991779.5234785,51.2,2.7,1600.0,0.130859375,760.8,7301.5,0x0,8.9,368.7,271.44
1790991780.5336058,51.2,3.0,1600.0,0.1201171875,760.1,7302.2,0x0,10.9,368.7,271.55
1790991781.5437748,50.1,2.5,1600.0,0.1201171875,761.0,7301.3,0x0,8.9,368.7,271.64
1790991782.5539317,51.8,2.7,1600.0,0.1201171875,759.0,7303.4,0x0,9.9,368.7,271.74
1790991783.564006,50.1,2.5,1600.0,0.1201171875,759.0,7303.4,0x0,11.9,368.7,271.86
1790991784.5741146,51.2,2.7,1600.0,0.1201171875,759.6,7302.7,0x0,11.9,368.7,271.98
1790991785.5841677,49.6,3.0,1600.0,0.1103515625,757.9,7304.4,0x0,11.9,368.7,272.1
1790991786.5942974,50.7,2.7,1600.0,0.1103515625,757.9,7304.4,0x0,11.9,368.7,272.22
1790991787.6044161,51.2,3.9,1700.0,0.1103515625,758.9,7303.5,0x0,12.9,368.7,272.35
1790991788.61507,51.8,3.7,1600.0,0.1103515625,758.1,7304.2,0x0,12.9,368.7,272.48
1790991789.6251569,50.7,3.7,1500.0,0.1103515625,759.0,7303.3,0x0,12.9,368.7,272.61
1790991790.6352518,50.1,1.5,1500.0,0.10107421875,759.5,7302.8,0x0,5.9,368.7,272.67
1790991791.645427,50.7,0.2,1500.0,0.10107421875,764.4,7297.9,0x0,2.0,368.7,272.69
1790991792.655533,51.2,0.2,1500.0,0.10107421875,764.1,7298.2,0x0,2.0,368.7,272.71
1790991793.665581,50.1,1.7,1500.0,0.10107421875,762.1,7300.2,0x0,6.9,368.7,272.78
1790991794.675716,50.1,0.2,1500.0,0.10107421875,761.1,7301.2,0x0,0.0,368.7,272.78
1790991795.6856558,50.7,2.5,1600.0,0.0927734375,760.2,7302.1,0x0,7.9,368.7,272.86
1790991796.6956398,50.7,2.5,1600.0,0.0927734375,759.0,7303.3,0x0,9.9,368.7,272.96
1790991797.7056644,49.6,2.7,1600.0,0.0927734375,764.8,7297.5,0x0,8.9,368.7,273.05
1790991798.7156022,52.4,2.7,1600.0,0.0927734375,764.6,7297.8,0x0,10.9,368.7,273.16
1790991799.72585,50.7,2.7,1500.0,0.0927734375,762.9,7299.4,0x0,10.9,368.7,273.27
1790991800.7366602,50.7,3.2,1600.0,0.0849609375,762.5,7299.8,0x0,10.9,368.7,273.38
1790991801.7467735,50.7,3.7,1700.0,0.0849609375,762.1,7300.2,0x0,12.9,368.7,273.51
1790991802.7565591,51.2,3.7,1700.0,0.0849609375,760.6,7301.7,0x0,10.9,368.7,273.62
1790991803.7663295,50.7,4.0,1600.0,0.0849609375,760.8,7301.5,0x0,12.9,368.7,273.75
1790991804.7764678,49.0,4.2,1600.0,0.0849609375,759.9,7302.4,0x0,13.9,368.7,273.89
1790991805.786716,51.2,4.0,1600.0,0.078125,758.6,7303.8,0x0,13.9,368.7,274.03
1790991806.797808,50.7,4.0,1700.0,0.078125,759.3,7303.0,0x0,12.9,368.7,274.16
1790991807.8076973,50.7,1.0,1500.0,0.078125,758.6,7303.7,0x0,2.0,368.7,274.18
1790991808.817897,51.2,2.0,1500.0,0.078125,757.9,7304.4,0x0,2.0,368.7,274.2
1790991809.8282032,50.7,2.0,1500.0,0.078125,758.6,7303.7,0x0,3.0,368.7,274.23
1790991810.834489,50.7,9.2,2400.0,0.07177734375,758.0,7304.3,0x0,34.8,368.7,274.58
1790991811.8437855,50.1,15.5,2400.0,0.07177734375,758.0,7304.3,0x0,60.4,368.7,275.19
1790991812.8522644,50.7,0.0,2400.0,0.07177734375,761.8,7300.5,0x0,0.0,368.7,275.19
1790991813.8606536,50.7,1.2,2400.0,0.07177734375,760.4,7301.9,0x0,4.0,368.7,275.23
1790991814.8697393,51.8,23.9,2400.0,0.07177734375,760.4,7301.9,0x0,94.1,368.7,276.18
1790991815.8780942,52.9,0.0,1600.0,0.06591796875,761.6,7300.8,0x0,0.0,368.7,276.18
1790991816.8880389,51.8,0.2,1500.0,0.06591796875,760.8,7301.5,0x0,0.0,368.7,276.18
1790991817.8980992,51.2,0.2,1500.0,0.06591796875,759.9,7302.4,0x0,1.0,368.7,276.19
1790991818.9080632,51.2,2.5,1600.0,0.06591796875,758.0,7304.3,0x0,7.9,368.7,276.27
1790991819.9180546,50.1,2.7,1600.0,0.06591796875,759.8,7302.5,0x0,9.9,368.7,276.37
1790991820.9280198,51.2,3.0,1600.0,0.060546875,761.5,7300.9,0x0,8.9,368.7,276.46
1790991821.938053,50.1,4.9,1700.0,0.060546875,759.6,7302.8,0x0,10.9,368.7,276.57
1790991822.9478028,50.7,3.2,1600.0,0.060546875,758.2,7304.2,0x0,10.9,368.7,276.68
1790991823.9580877,49.6,3.0,1600.0,0.060546875,758.9,7303.5,0x0,11.9,368.7,276.8
1790991824.9680474,51.2,1.5,1500.0,0.060546875,757.9,7304.4,0x0,6.9,368.7,276.87
1790991825.9780955,51.2,0.2,1500.0,0.0556640625,760.5,7301.8,0x0,2.0,368.7,276.89
1790991826.9881136,49.6,0.0,1500.0,0.0556640625,760.7,7301.6,0x0,2.0,368.7,276.91
1790991827.998164,50.7,0.2,1500.0,0.0556640625,759.0,7303.3,0x0,2.0,368.7,276.93
1790991829.0081124,49.0,1.5,1500.0,0.0556640625,759.5,7302.8,0x0,6.9,368.7,277.0
1790991830.018198,50.7,0.5,1500.0,0.0556640625,760.4,7301.9,0x0,0.0,368.7,277.0
1790991831.0281656,50.7,1.3,1500.0,0.05078125,759.3,7303.0,0x0,9.9,368.7,277.1
1790991832.0383055,50.7,2.7,1600.0,0.05078125,764.2,7298.1,0x0,9.9,368.7,277.2
1790991833.0482695,51.2,2.7,1700.0,0.05078125,763.5,7298.8,0x0,9.9,368.7,277.3
1790991834.0579376,50.7,2.5,1700.0,0.05078125,761.1,7301.2,0x0,9.9,368.7,277.4
1790991835.0675411,49.6,2.5,1600.0,0.05078125,761.4,7301.0,0x0,10.9,368.7,277.51
1790991836.077996,50.7,2.7,1600.0,0.126953125,760.9,7301.4,0x0,11.9,368.7,277.63
1790991837.0879292,49.0,3.0,1600.0,0.126953125,759.6,7302.7,0x0,11.9,368.7,277.75
1790991838.097892,49.6,2.8,1700.0,0.126953125,759.6,7302.7,0x0,12.9,368.7,277.88
1790991839.1075482,51.2,2.5,1600.0,0.126953125,760.5,7301.8,0x0,12.9,368.7,278.01
1790991840.1175034,50.7,3.5,1600.0,0.126953125,759.5,7302.8,0x0,13.9,368.7,278.15
1790991841.1278582,51.2,2.8,1600.0,0.11669921875,758.7,7303.6,0x0,12.9,368.7,278.28
1790991842.138697,50.7,1.2,1500.0,0.11669921875,759.4,7302.9,0x0,4.9,368.7,278.33
1790991843.1486902,50.7,0.2,1500.0,0.11669921875,757.7,7304.6,0x0,2.0,368.7,278.35
1790991844.158744,50.7,0.0,1500.0,0.11669921875,759.1,7303.2,0x0,3.0,368.7,278.38
1790991845.1687791,50.1,1.5,1500.0,0.11669921875,760.5,7301.8,0x0,5.9,368.7,278.44
1790991846.1789007,50.1,0.0,1500.0,0.10693359375,762.4,7299.9,0x0,1.0,368.7,278.45
1790991847.1888988,51.8,2.7,1600.0,0.10693359375,762.4,7299.9,0x0,8.9,368.7,278.54
1790991848.198876,49.0,2.5,1600.0,0.10693359375,762.6,7299.7,0x0,8.9,368.7,278.63
1790991849.209172,50.1,3.0,1600.0,0.10693359375,760.3,7302.0,0x0,9.9,368.7,278.73
1790991850.2191765,51.2,2.7,1500.0,0.10693359375,763.5,7298.8,0x0,10.9,368.7,278.84
1790991851.2292295,50.1,2.7,1600.0,0.09814453125,763.5,7298.8,0x0,11.9,368.7,278.96
1790991852.2391953,50.7,2.5,1700.0,0.09814453125,760.5,7301.8,0x0,10.9,368.7,279.07
1790991853.2488844,50.1,2.7,1700.0,0.09814453125,761.2,7301.1,0x0,11.9,368.7,279.19
1790991854.2608345,50.7,3.0,1600.0,0.09814453125,759.3,7303.0,0x0,11.9,368.7,279.31
1790991855.2668169,50.7,3.5,1500.0,0.08984375,759.1,7303.2,0x0,12.9,368.7,279.44
1790991856.276885,50.7,4.0,1600.0,0.08984375,759.1,7303.2,0x0,13.9,368.7,279.58
1790991857.2868223,51.2,4.2,1700.0,0.08984375,758.1,7304.2,0x0,12.9,368.7,279.71
1790991858.2980666,49.6,4.4,1500.0,0.08984375,760.4,7301.9,0x0,13.8,368.7,279.85
1790991859.3045244,50.7,4.0,1600.0,0.08984375,760.7,7301.6,0x0,12.9,368.7,279.98
1790991860.310473,50.7,2.2,1500.0,0.08251953125,759.3,7303.0,0x0,8.9,368.7,280.07
1790991861.316531,50.7,0.0,1500.0,0.08251953125,762.1,7300.2,0x0,2.0,368.7,280.09
1790991862.3266175,50.7,0.5,1500.0,0.08251953125,762.3,7300.0,0x0,2.0,368.7,280.11
1790991863.3366773,50.1,1.7,1500.0,0.08251953125,763.2,7299.1,0x0,5.9,368.7,280.17
1790991864.346711,50.7,0.2,1500.0,0.08251953125,762.0,7300.3,0x0,1.0,368.7,280.18
1790991865.356897,50.7,2.5,1600.0,0.07568359375,763.2,7299.1,0x0,8.9,368.7,280.27
1790991866.366841,52.4,2.5,1600.0,0.07568359375,762.8,7299.5,0x0,8.9,368.7,280.36
1790991867.3768127,50.1,3.0,1600.0,0.07568359375,760.0,7302.3,0x0,10.9,368.7,280.47
1790991868.3867848,50.7,2.7,1700.0,0.07568359375,759.0,7303.3,0x0,10.9,368.7,280.58
1790991869.3964539,51.8,2.5,1700.0,0.07568359375,760.0,7302.3,0x0,9.9,368.7,280.68
1790991870.4060655,50.7,2.7,1600.0,0.0693359375,757.1,7305.2,0x0,10.9,368.7,280.79
1790991871.416165,50.7,3.7,1500.0,0.0693359375,757.8,7304.5,0x0,12.9,368.7,280.92
1790991872.4262965,49.6,4.2,1600.0,0.0693359375,758.0,7304.3,0x0,11.9,368.7,281.04
1790991873.4362254,50.1,4.0,1700.0,0.0693359375,756.2,7306.1,0x0,13.9,368.7,281.18
1790991874.445899,51.8,3.7,1700.0,0.0693359375,756.5,7305.9,0x0,11.9,368.7,281.3
1790991875.455489,49.6,4.4,1600.0,0.0634765625,756.7,7305.6,0x0,13.9,368.7,281.44
1790991876.4661453,50.7,4.2,1500.0,0.0634765625,756.5,7305.9,0x0,12.9,368.7,281.57
1790991877.4762995,50.7,2.5,1500.0,0.0634765625,756.7,7305.6,0x0,8.9,368.7,281.66
1790991878.4863718,51.2,1.5,1500.0,0.0634765625,761.8,7300.5,0x0,2.0,368.7,281.68
1790991879.4964483,50.1,2.0,1500.0,0.0634765625,761.1,7301.2,0x0,2.0,368.7,281.7
1790991880.506437,51.8,13.5,2400.0,0.21875,760.4,7301.9,0x0,53.5,368.7,282.24
1790991881.514774,51.2,0.2,2400.0,0.21875,762.0,7300.3,0x0,0.0,368.7,282.24
1790991882.5230207,51.2,18.4,2400.0,0.21875,761.3,7301.0,0x0,72.4,368.7,282.97
1790991883.531331,51.2,0.0,2400.0,0.21875,759.8,7302.5,0x0,0.0,368.7,282.97
1790991884.539619,50.1,0.0,2400.0,0.21875,760.5,7301.8,0x0,0.0,368.7,282.97
1790991885.54791,51.8,2.0,1600.0,0.28173828125,760.1,7302.2,0x0,6.0,368.7,283.03
1790991886.5579112,50.1,2.5,1600.0,0.28173828125,760.7,7301.6,0x0,8.9,368.7,283.12
1790991887.5678616,51.2,2.5,1600.0,0.28173828125,759.3,7303.0,0x0,8.9,368.7,283.21
1790991888.5780685,51.2,3.0,1500.0,0.28173828125,761.0,7301.3,0x0,10.9,368.7,283.32
1790991889.5881524,51.2,3.5,1600.0,0.28173828125,762.8,7299.5,0x0,9.9,368.7,283.42
1790991890.598196,51.2,4.2,1700.0,0.2587890625,762.6,7299.7,0x0,11.9,368.7,283.54
1790991891.60788,51.2,4.2,1700.0,0.2587890625,759.8,7302.6,0x0,10.9,368.7,283.65
1790991892.6175344,51.2,3.5,1600.0,0.2587890625,761.2,7301.2,0x0,11.9,368.7,283.77
1790991893.6282876,50.7,3.0,1500.0,0.2587890625,761.6,7300.7,0x0,11.9,368.7,283.89
1790991894.638809,50.1,2.5,1600.0,0.2587890625,759.9,7302.4,0x0,11.9,368.7,284.01
1790991895.6487765,51.8,3.0,1700.0,0.23779296875,760.6,7301.7,0x0,13.9,368.7,284.15
1790991896.6584008,50.1,1.2,1500.0,0.23779296875,760.9,7301.4,0x0,5.0,368.7,284.2
1790991897.668388,50.1,0.0,1500.0,0.23779296875,760.9,7301.4,0x0,2.0,368.7,284.22
1790991898.6784966,51.2,0.2,1500.0,0.23779296875,761.4,7300.9,0x0,2.0,368.7,284.24
1790991899.6885483,50.7,1.5,1900.0,0.23779296875,760.7,7301.6,0x0,6.9,368.7,284.31
1790991900.6976542,52.4,0.0,1500.0,0.21875,763.5,7298.8,0x0,1.0,368.7,284.32
1790991901.7076945,50.7,1.2,1600.0,0.21875,764.2,7298.1,0x0,6.9,368.7,284.39
1790991902.7176633,49.0,1.8,1600.0,0.21875,763.5,7298.8,0x0,8.9,368.7,284.48
1790991903.7276332,51.2,2.7,1600.0,0.21875,761.2,7301.1,0x0,9.9,368.7,284.58
1790991904.737619,50.1,2.7,1600.0,0.21875,761.5,7300.8,0x0,10.9,368.7,284.69
1790991905.7482815,50.1,2.5,1600.0,0.201171875,761.0,7301.3,0x0,9.9,368.7,284.79
1790991906.758262,51.2,2.5,1600.0,0.201171875,759.3,7303.0,0x0,12.9,368.7,284.92
1790991907.8645687,50.7,2.7,1600.0,0.201171875,760.0,7302.3,0x0,10.8,368.7,285.04
1790991908.8706553,51.8,2.8,1700.0,0.201171875,760.9,7301.4,0x0,10.9,368.7,285.15
1790991909.8762817,51.2,3.5,1600.0,0.201171875,760.2,7302.1,0x0,11.9,368.7,285.27
1790991910.8822684,51.2,2.8,1600.0,0.265625,760.0,7302.3,0x0,12.9,368.7,285.4
1790991911.8882854,51.2,1.0,1500.0,0.265625,758.7,7303.6,0x0,5.0,368.7,285.45
1790991912.894362,51.2,0.3,1500.0,0.265625,757.8,7304.5,0x0,3.0,368.7,285.48
1790991913.9045079,50.1,0.2,1500.0,0.265625,760.1,7302.2,0x0,3.0,368.7,285.51
1790991914.914527,51.8,13.5,2400.0,0.265625,761.3,7301.0,0x0,53.5,368.7,286.05
1790991915.9228337,51.2,0.2,2400.0,0.244140625,759.4,7302.9,0x0,0.0,368.7,286.05
1790991916.931212,52.4,17.7,2400.0,0.244140625,759.7,7302.6,0x0,70.4,368.7,286.76
1790991917.9395368,51.8,0.0,2400.0,0.244140625,759.4,7302.9,0x0,1.0,368.7,286.77
1790991918.947968,51.8,0.5,2400.0,0.244140625,759.2,7303.1,0x0,0.0,368.7,286.77
1790991919.9563825,51.8,1.5,1600.0,0.244140625,759.4,7302.9,0x0,5.0,368.7,286.82
1790991920.9665217,50.1,2.5,1600.0,0.22412109375,758.9,7303.4,0x0,9.9,368.7,286.92
1790991921.9767036,51.2,2.7,1600.0,0.22412109375,760.5,7301.8,0x0,8.9,368.7,287.01
1790991922.9868302,51.2,2.7,1600.0,0.22412109375,760.5,7301.8,0x0,9.9,368.7,287.11
1790991923.997057,49.6,2.5,1600.0,0.22412109375,760.1,7302.2,0x0,10.9,368.7,287.22
1790991925.0074508,51.8,3.0,1600.0,0.22412109375,759.6,7302.7,0x0,9.9,368.7,287.32
1790991926.0176427,51.2,0.5,1500.0,0.2060546875,760.8,7301.5,0x0,3.0,368.7,287.35
1790991927.1291046,50.7,0.5,1500.0,0.2060546875,760.3,7302.0,0x0,1.8,368.7,287.37
1790991928.1353743,49.0,0.3,1500.0,0.2060546875,760.4,7302.0,0x0,2.0,368.7,287.39
1790991929.141682,51.2,0.3,1500.0,0.2060546875,760.6,7301.7,0x0,2.0,368.7,287.41
1790991930.147884,51.2,2.0,1500.0,0.2060546875,763.9,7298.4,0x0,7.0,368.7,287.48
1790991931.1541057,51.2,1.0,1600.0,0.189453125,764.1,7298.2,0x0,3.0,368.7,287.51
1790991932.1602473,50.7,2.7,1500.0,0.189453125,763.7,7298.7,0x0,8.9,368.7,287.6
1790991933.1667423,50.1,2.5,1600.0,0.189453125,761.8,7300.5,0x0,8.9,368.7,287.69
1790991934.1728568,50.7,3.0,1700.0,0.189453125,761.8,7300.5,0x0,10.9,368.7,287.8
1790991935.1826193,50.1,2.5,1700.0,0.189453125,760.8,7301.5,0x0,9.9,368.7,287.9
1790991936.1924534,50.7,2.5,1600.0,0.25439453125,760.3,7302.0,0x0,11.9,368.7,288.02
1790991937.2026563,50.1,2.7,1600.0,0.25439453125,760.7,7301.6,0x0,11.9,368.7,288.14
1790991938.212941,50.7,3.7,1600.0,0.25439453125,759.8,7302.5,0x0,10.9,368.7,288.25
1790991939.2239482,50.1,4.0,1700.0,0.25439453125,759.1,7303.2,0x0,12.9,368.7,288.38
1790991940.2338755,50.1,4.0,1600.0,0.25439453125,763.1,7299.2,0x0,13.9,368.7,288.52
1790991941.3453364,50.7,4.0,1600.0,0.314453125,763.3,7299.0,0x0,12.6,368.7,288.66
1790991942.3516035,50.1,3.5,1500.0,0.314453125,761.7,7300.6,0x0,9.9,368.7,288.76
1790991943.3578079,50.1,1.2,1500.0,0.314453125,763.5,7298.8,0x0,2.0,368.7,288.78
1790991944.3641171,50.7,2.5,1500.0,0.314453125,764.5,7297.8,0x0,2.0,368.7,288.8
1790991945.3703623,49.0,1.7,1500.0,0.2890625,762.9,7299.4,0x0,3.0,368.7,288.83
1790991946.3765388,50.7,1.5,1500.0,0.2890625,761.8,7300.6,0x0,6.0,368.7,288.89
1790991947.382747,50.7,0.8,1600.0,0.2890625,763.0,7299.3,0x0,3.0,368.7,288.92
1790991948.3888638,50.1,2.5,1600.0,0.2890625,762.0,7300.3,0x0,8.9,368.7,289.01
1790991949.3950005,50.7,2.7,1500.0,0.2890625,760.4,7301.9,0x0,8.9,368.7,289.1
1790991950.4012847,50.1,2.5,1600.0,0.265625,761.6,7300.8,0x0,10.9,368.7,289.21
1790991951.4116752,51.2,2.7,1600.0,0.265625,762.0,7300.3,0x0,9.9,368.7,289.31
1790991952.4222276,50.1,3.5,1600.0,0.265625,760.4,7302.0,0x0,10.9,368.7,289.42
1790991953.4323487,51.2,3.9,1600.0,0.265625,760.5,7301.8,0x0,10.9,368.7,289.53
1790991954.4424345,50.1,3.9,1600.0,0.265625,761.2,7301.1,0x0,11.9,368.7,289.65
1790991955.452515,50.7,4.0,1600.0,0.244140625,760.6,7301.7,0x0,11.9,368.7,289.77
1790991956.462663,49.0,4.0,1600.0,0.244140625,760.8,7301.5,0x0,12.9,368.7,289.9
1790991957.473693,50.7,4.0,1700.0,0.244140625,761.0,7301.3,0x0,11.9,368.7,290.02
1790991958.4834802,50.7,3.7,1700.0,0.244140625,759.9,7302.4,0x0,12.9,368.7,290.15
1790991959.4970665,49.6,4.2,1600.0,0.244140625,760.4,7302.0,0x0,12.9,368.7,290.28
1790991960.5072155,50.1,4.7,1500.0,0.3046875,762.0,7300.3,0x0,12.9,368.7,290.41
1790991961.5175593,49.6,2.9,1500.0,0.3046875,761.4,7300.9,0x0,5.9,368.7,290.47
1790991962.5276012,50.1,0.0,1500.0,0.3046875,765.0,7297.3,0x0,2.0,368.7,290.49
1790991963.5376654,50.1,0.2,1500.0,0.3046875,765.8,7296.6,0x0,2.0,368.7,290.51
1790991964.5477653,50.1,0.2,1500.0,0.3046875,763.0,7299.3,0x0,2.0,368.7,290.53
1790991965.5579057,51.8,12.8,2400.0,0.2802734375,762.5,7299.8,0x0,52.5,368.7,291.06
1790991966.5674262,51.2,7.2,2400.0,0.2802734375,764.8,7297.5,0x0,26.7,368.7,291.33
1790991967.5757675,51.2,0.0,2400.0,0.2802734375,764.8,7297.5,0x0,1.0,368.7,291.34
1790991968.5840404,52.9,18.2,2400.0,0.2802734375,765.1,7297.2,0x0,70.4,368.7,292.05
1790991969.5923643,52.4,0.2,2400.0,0.2802734375,767.0,7295.4,0x0,0.0,368.7,292.05
1790991970.6006694,51.2,0.2,1500.0,0.2578125,766.7,7295.6,0x0,1.0,368.7,292.06
1790991971.6106794,51.2,1.0,1600.0,0.2578125,765.7,7296.6,0x0,5.0,368.7,292.11
1790991972.620691,51.2,1.5,1500.0,0.2578125,765.0,7297.3,0x0,9.9,368.7,292.21
1790991973.6308556,50.1,2.5,1600.0,0.2578125,764.4,7297.9,0x0,9.9,368.7,292.31
1790991974.641185,51.2,2.7,1600.0,0.2578125,763.3,7299.0,0x0,8.9,368.7,292.4
1790991975.6513548,50.1,2.5,1600.0,0.23681640625,762.5,7299.8,0x0,9.9,368.7,292.5
1790991976.6615126,50.1,2.7,1600.0,0.23681640625,762.1,7300.2,0x0,11.9,368.7,292.62
1790991977.6716146,50.7,2.7,1600.0,0.23681640625,761.2,7301.1,0x0,11.9,368.7,292.74
1790991978.6817687,51.2,4.0,1600.0,0.23681640625,761.4,7300.9,0x0,11.9,368.7,292.86
1790991979.6919549,50.1,1.0,1500.0,0.23681640625,761.3,7301.0,0x0,6.9,368.7,292.93
1790991980.702251,50.7,0.2,1500.0,0.2177734375,762.8,7299.6,0x0,2.0,368.7,292.95
1790991981.7126153,49.6,0.0,1500.0,0.2177734375,762.3,7300.0,0x0,2.0,368.7,292.97
1790991982.722866,50.7,0.2,1500.0,0.2177734375,761.6,7300.7,0x0,4.0,368.7,293.01
1790991983.7338421,51.8,12.9,2400.0,0.2177734375,762.0,7300.3,0x0,47.5,368.7,293.49
1790991984.7422564,51.8,18.0,2400.0,0.2177734375,761.5,7300.8,0x0,71.4,368.7,294.21
1790991985.7507563,51.2,0.0,2400.0,0.2001953125,764.5,7297.8,0x0,1.0,368.7,294.22
1790991986.7591531,50.7,0.2,2400.0,0.2001953125,765.0,7297.3,0x0,0.0,368.7,294.22
1790991987.767544,52.4,0.5,2400.0,0.2001953125,762.9,7299.4,0x0,2.0,368.7,294.24
1790991988.7760265,51.2,2.7,1500.0,0.2001953125,762.2,7300.1,0x0,8.9,368.7,294.33
1790991989.7863061,51.8,2.7,1600.0,0.2001953125,761.0,7301.3,0x0,9.9,368.7,294.43
1790991990.796479,51.2,2.7,1600.0,0.18408203125,760.0,7302.3,0x0,9.9,368.7,294.53
1790991991.8066325,51.8,2.2,1600.0,0.18408203125,759.8,7302.6,0x0,9.9,368.7,294.63
1790991992.8167324,50.7,2.7,1600.0,0.18408203125,759.0,7303.3,0x0,10.9,368.7,294.74
1790991993.8270364,51.8,2.8,1600.0,0.18408203125,759.5,7302.8,0x0,11.9,368.7,294.86
1790991994.83725,51.2,2.8,1600.0,0.18408203125,759.3,7303.0,0x0,11.9,368.7,294.98
1790991995.8473244,50.1,3.5,1600.0,0.1689453125,758.3,7304.0,0x0,12.9,368.7,295.11
1790991996.8574364,51.2,3.5,1600.0,0.1689453125,758.6,7303.8,0x0,11.9,368.7,295.23
1790991997.8675752,51.2,4.0,1600.0,0.1689453125,762.3,7300.0,0x0,13.9,368.7,295.37
1790991998.878782,51.2,4.7,1600.0,0.1689453125,764.1,7298.2,0x0,12.9,383.3,295.53
1790991999.8904076,53.5,34.2,2400.0,0.1689453125,897.5,7164.8,0x0,135.4,504.5,296.9
1790992000.8989618,53.5,27.8,2400.0,0.23583984375,901.8,7160.6,0x0,109.1,504.7,298.0
1790992001.9076698,55.1,14.8,2400.0,0.23583984375,928.9,7133.4,0x0,61.5,540.8,298.62
1790992002.9203105,52.9,4.7,2400.0,0.23583984375,930.4,7131.9,0x0,14.8,541.8,298.77
1790992003.9287744,52.9,2.5,1900.0,0.23583984375,930.4,7131.9,0x0,9.9,541.8,298.87
1790992004.9390256,52.4,4.0,1700.0,0.23583984375,926.9,7135.4,0x0,14.8,541.8,299.02
1790992005.9495656,53.5,16.2,2400.0,0.37744140625,928.6,7133.8,0x0,61.4,543.3,299.64
1790992006.9581304,51.2,2.7,2400.0,0.37744140625,928.2,7134.1,0x0,9.9,543.2,299.74
1790992007.9665692,52.9,3.0,2400.0,0.37744140625,926.1,7136.2,0x0,11.9,543.3,299.86
1790992008.9751577,53.5,14.8,2400.0,0.37744140625,928.2,7134.1,0x0,59.5,543.3,300.46
1790992010.0837088,51.8,2.7,2400.0,0.37744140625,926.4,7135.9,0x0,9.9,543.3,300.57
1790992011.088119,52.4,5.3,2400.0,0.427734375,792.2,7270.1,0x0,11.0,368.7,296.84
1790992012.092523,51.8,1.2,2400.0,0.427734375,792.1,7270.2,0x0,5.0,368.7,296.89
1790992013.1009297,52.4,0.2,2400.0,0.427734375,788.9,7273.4,0x0,1.0,368.7,296.9
1790992014.1094315,52.4,0.5,2400.0,0.427734375,787.1,7275.2,0x0,2.0,368.7,296.92
1790992015.1177843,51.2,0.2,2400.0,0.427734375,785.3,7277.0,0x0,1.0,368.7,296.93
1790992016.1261506,51.8,1.7,1500.0,0.39306640625,781.3,7281.0,0x0,6.0,368.7,296.99
1790992017.1322396,51.8,1.0,1600.0,0.39306640625,780.4,7281.9,0x0,3.0,368.7,297.02
1790992018.1422572,52.4,2.5,1600.0,0.39306640625,777.4,7284.9,0x0,8.9,368.7,297.11
1790992019.1525173,51.8,2.5,1600.0,0.39306640625,776.7,7285.6,0x0,9.9,368.7,297.21
1790992020.1625767,51.8,3.0,1600.0,0.39306640625,774.5,7287.8,0x0,9.9,368.7,297.31
1790992021.1726325,51.8,3.0,1600.0,0.361328125,773.6,7288.7,0x0,10.9,368.7,297.42
1790992022.1826558,52.4,3.7,1700.0,0.361328125,772.3,7290.0,0x0,9.9,368.7,297.52
1790992023.1923678,51.2,3.7,1600.0,0.361328125,769.3,7293.0,0x0,11.9,368.7,297.64
1790992024.2025337,52.4,3.9,1500.0,0.361328125,768.5,7293.8,0x0,11.9,368.7,297.76
1790992025.2135353,50.7,4.0,1600.0,0.361328125,770.5,7291.8,0x0,11.9,368.7,297.88
1790992026.2237217,51.8,4.0,1700.0,0.41259765625,768.1,7294.2,0x0,12.9,368.7,298.01
1790992027.2336438,51.8,4.0,1700.0,0.41259765625,767.0,7295.3,0x0,12.9,368.7,298.14
1790992028.243469,50.1,2.5,1500.0,0.41259765625,768.0,7294.3,0x0,7.9,368.7,298.22
1790992029.2537537,51.2,1.7,1500.0,0.41259765625,770.2,7292.1,0x0,2.0,368.7,298.24
1790992030.2639728,50.7,1.2,1500.0,0.41259765625,768.9,7293.4,0x0,2.0,368.7,298.26
1790992031.2742674,50.1,1.2,1500.0,0.37939453125,767.5,7294.8,0x0,5.9,368.7,298.32
1790992032.2845163,51.8,0.5,1600.0,0.37939453125,767.8,7294.5,0x0,2.0,368.7,298.34
1790992033.2946353,51.2,1.8,1600.0,0.37939453125,767.2,7295.1,0x0,9.9,368.7,298.44
1790992034.3047974,51.2,1.5,1600.0,0.37939453125,766.9,7295.4,0x0,8.9,368.7,298.53
1790992035.3149953,51.8,2.5,1600.0,0.37939453125,765.9,7296.4,0x0,9.9,368.7,298.63
1790992036.3253503,50.1,2.7,1600.0,0.3486328125,763.1,7299.2,0x0,9.9,368.7,298.73
1790992037.3355973,52.4,2.2,1700.0,0.3486328125,764.8,7297.5,0x0,10.9,368.7,298.84
1790992038.3454018,51.8,3.0,1600.0,0.3486328125,763.5,7298.8,0x0,10.9,368.7,298.95
1790992039.3555622,51.2,2.7,1600.0,0.3486328125,763.3,7299.0,0x0,11.9,368.7,299.07
1790992040.365771,51.8,2.8,1600.0,0.3486328125,762.0,7300.3,0x0,12.9,368.7,299.2
1790992041.3759093,51.2,2.5,1600.0,0.40087890625,761.6,7300.7,0x0,10.9,368.7,299.31
1790992042.3861094,51.2,2.5,1700.0,0.40087890625,765.8,7296.6,0x0,12.9,368.7,299.44
1790992043.396328,51.2,2.5,1600.0,0.40087890625,765.4,7296.9,0x0,12.9,368.7,299.57
1790992044.406515,51.8,2.8,1600.0,0.40087890625,763.5,7298.8,0x0,12.9,368.7,299.7
1790992045.4167037,51.2,1.0,1500.0,0.36865234375,764.4,7297.9,0x0,4.0,368.7,299.74
1790992046.4269233,51.2,0.2,1500.0,0.36865234375,763.9,7298.4,0x0,2.0,368.7,299.76
1790992047.4372246,51.2,0.0,1500.0,0.36865234375,762.7,7299.6,0x0,2.0,368.7,299.78
1790992048.4474127,52.9,12.5,2400.0,0.36865234375,762.4,7299.9,0x0,48.5,368.7,300.27
1790992049.4558046,50.1,0.0,2400.0,0.36865234375,761.1,7301.2,0x0,1.0,368.7,300.28
1790992050.4642138,53.5,16.0,2400.0,0.3388671875,761.3,7301.0,0x0,61.5,368.7,300.9
1790992051.4727478,52.4,0.2,2400.0,0.3388671875,762.9,7299.4,0x0,0.0,368.7,300.9
1790992052.4811232,52.4,0.0,2400.0,0.3388671875,762.1,7300.2,0x0,1.0,368.7,300.91
1790992053.4895153,52.4,2.2,1600.0,0.3388671875,763.4,7299.0,0x0,7.9,368.7,300.99
1790992054.499918,51.8,2.7,1600.0,0.3388671875,762.9,7299.4,0x0,8.9,368.7,301.08
1790992055.5058348,51.8,3.0,1600.0,0.3115234375,762.0,7300.4,0x0,8.9,368.7,301.17
1790992056.511755,51.8,2.8,1600.0,0.3115234375,761.7,7300.6,0x0,10.9,368.7,301.28
1790992057.5177646,51.8,2.8,1600.0,0.3115234375,760.1,7302.2,0x0,10.9,368.7,301.39
1790992058.5238519,51.8,2.7,1700.0,0.3115234375,759.8,7302.5,0x0,10.9,368.7,301.5
1790992059.5294938,51.8,2.8,1700.0,0.3115234375,758.8,7303.5,0x0,10.9,368.7,301.61
1790992060.5350902,51.2,2.8,1600.0,0.2861328125,758.4,7304.0,0x0,11.9,368.7,301.73
1790992061.5450287,50.1,3.0,1700.0,0.2861328125,757.6,7304.7,0x0,12.9,368.7,301.86
1790992062.5537639,50.1,3.2,1600.0,0.2861328125,758.4,7304.0,0x0,12.9,368.7,301.99
1790992063.5601475,51.8,0.3,1500.0,0.2861328125,758.8,7303.5,0x0,2.0,368.7,302.01
1790992064.668271,50.7,1.8,1500.0,0.2861328125,757.5,7304.8,0x0,1.8,368.7,302.03
1790992065.6743515,51.8,0.3,1500.0,0.26318359375,757.2,7305.1,0x0,1.0,368.7,302.04
1790992066.68049,50.7,13.8,2400.0,0.26318359375,761.0,7301.3,0x0,53.7,368.7,302.58
1790992067.6849277,52.9,5.5,2400.0,0.26318359375,761.0,7301.3,0x0,22.9,368.7,302.81
1790992068.6942189,52.9,12.7,2400.0,0.26318359375,763.8,7298.5,0x0,49.5,368.7,303.31
1790992069.702578,52.4,0.2,2400.0,0.26318359375,764.0,7298.3,0x0,0.0,368.7,303.31
1790992070.7107997,52.4,0.0,2400.0,0.24169921875,762.9,7299.4,0x0,0.0,368.7,303.31
1790992071.7190242,51.2,2.0,1600.0,0.24169921875,761.7,7300.6,0x0,7.9,368.7,303.39
1790992072.7290313,51.8,3.0,1600.0,0.24169921875,760.3,7302.0,0x0,8.9,368.7,303.48
1790992073.7389982,51.8,2.5,1600.0,0.24169921875,760.7,7301.6,0x0,9.9,368.7,303.58
1790992074.748961,51.2,3.0,1600.0,0.24169921875,759.9,7302.4,0x0,9.9,368.7,303.68
1790992075.7589505,51.8,2.5,1500.0,0.22216796875,757.9,7304.4,0x0,11.9,368.7,303.8
1790992076.769267,51.8,3.0,1600.0,0.22216796875,758.8,7303.5,0x0,10.9,368.7,303.91
1790992077.7794993,51.8,3.2,1700.0,0.22216796875,758.3,7304.0,0x0,10.9,368.7,304.02
1790992078.7891915,52.4,3.7,1600.0,0.22216796875,757.4,7304.9,0x0,11.9,368.7,304.14
1790992079.7993166,51.2,2.2,1500.0,0.22216796875,759.4,7302.9,0x0,6.9,368.7,304.21
1790992080.8094137,50.7,2.9,1500.0,0.2041015625,763.9,7298.4,0x0,2.0,368.7,304.23
1790992081.8195083,52.4,2.2,1500.0,0.2041015625,762.9,7299.4,0x0,2.0,368.7,304.25
1790992082.8296757,51.8,1.7,1500.0,0.2041015625,765.7,7296.7,0x0,5.9,368.7,304.31
1790992083.8397806,51.8,0.2,1600.0,0.2041015625,767.3,7295.0,0x0,2.0,368.7,304.33
1790992084.8497858,51.8,3.0,1600.0,0.2041015625,766.3,7296.0,0x0,8.9,368.7,304.42
1790992085.859776,51.8,2.7,1600.0,0.1875,764.2,7298.2,0x0,9.9,368.7,304.52
1790992086.8697975,52.4,2.5,1600.0,0.1875,764.2,7298.2,0x0,8.9,368.7,304.61
1790992087.8798032,51.8,2.7,1600.0,0.1875,762.4,7299.9,0x0,10.9,368.7,304.72
1790992088.8898563,50.1,3.0,1600.0,0.1875,761.7,7300.6,0x0,10.9,368.7,304.83
1790992089.900114,51.2,4.2,1600.0,0.1875,761.2,7301.1,0x0,10.9,368.7,304.94
1790992090.910166,51.8,4.0,1700.0,0.17236328125,760.8,7301.6,0x0,11.9,368.7,305.06
1790992091.919821,50.7,3.7,1700.0,0.17236328125,760.1,7302.2,0x0,10.9,368.7,305.17
1790992092.9295554,51.2,4.2,1600.0,0.17236328125,759.9,7302.4,0x0,12.9,368.7,305.3
1790992093.9397042,50.7,4.2,1500.0,0.17236328125,762.0,7300.4,0x0,13.9,368.7,305.44
1790992094.9500697,51.8,1.2,1500.0,0.17236328125,761.7,7300.6,0x0,4.0,368.7,305.48
1790992095.9603977,51.2,1.7,1500.0,0.158203125,760.1,7302.2,0x0,2.0,368.7,305.5
1790992096.9707425,49.6,1.5,1500.0,0.158203125,761.5,7300.8,0x0,1.0,368.7,305.51
1790992097.978203,51.8,15.2,2400.0,0.158203125,761.7,7300.6,0x0,54.6,368.7,306.06
1790992098.9865751,54.5,13.9,2400.0,0.158203125,760.1,7302.2,0x0,55.5,368.7,306.62
1790992099.9930072,52.4,4.2,2400.0,0.158203125,763.1,7299.2,0x0,14.9,368.7,306.77
1790992101.0013485,52.4,0.2,2400.0,0.1455078125,763.2,7299.2,0x0,1.0,368.7,306.78
1790992102.0084283,52.4,0.5,2400.0,0.1455078125,760.4,7302.0,0x0,1.0,368.7,306.79
1790992103.0168266,51.8,1.5,1600.0,0.1455078125,760.4,7301.9,0x0,8.9,368.7,306.88
1790992104.0262277,52.4,1.5,1600.0,0.1455078125,760.6,7301.7,0x0,8.9,368.7,306.97
1790992105.036223,52.4,2.5,1600.0,0.1455078125,758.5,7303.8,0x0,9.9,368.7,307.07
1790992106.042399,50.1,2.7,1600.0,0.1337890625,758.8,7303.5,0x0,9.9,368.7,307.17
1790992107.052484,52.9,2.5,1600.0,0.1337890625,759.0,7303.3,0x0,10.9,368.7,307.28
1790992108.0584326,51.2,3.0,1600.0,0.1337890625,757.5,7304.8,0x0,11.9,368.7,307.4
1790992109.068402,51.8,2.5,1700.0,0.1337890625,758.7,7303.7,0x0,10.9,368.7,307.51
1790992110.0740008,51.2,2.5,1600.0,0.1337890625,758.7,7303.7,0x0,11.9,368.7,307.63
1790992111.084781,51.2,2.8,1500.0,0.123046875,757.6,7304.7,0x0,11.9,368.7,307.75
1790992112.0908208,50.7,3.0,1600.0,0.123046875,758.3,7304.0,0x0,12.9,368.7,307.88
1790992113.1009574,51.2,1.2,1500.0,0.123046875,764.1,7298.2,0x0,5.9,368.7,307.94
1790992114.1069672,50.7,0.3,1500.0,0.123046875,763.4,7298.9,0x0,2.0,368.7,307.96
1790992115.117065,51.2,0.2,1500.0,0.123046875,762.0,7300.3,0x0,3.0,368.7,307.99
1790992116.123125,50.7,0.2,1500.0,0.11279296875,761.8,7300.5,0x0,2.0,368.7,308.01
1790992117.133253,50.7,1.8,1900.0,0.11279296875,763.4,7298.9,0x0,7.9,368.7,308.09
1790992118.1383593,50.7,0.2,1500.0,0.11279296875,763.6,7298.7,0x0,0.0,368.7,308.09
1790992119.1483088,49.0,2.0,1600.0,0.11279296875,765.8,7296.6,0x0,6.9,368.7,308.16
1790992120.1542947,51.2,2.5,1600.0,0.11279296875,766.2,7296.1,0x0,9.9,368.7,308.26
1790992121.1646347,50.1,2.7,1600.0,0.103515625,764.1,7298.2,0x0,8.9,368.7,308.35
1790992122.1706586,50.7,3.0,1600.0,0.103515625,763.9,7298.4,0x0,10.9,368.7,308.46
1790992123.1807206,50.1,2.7,1600.0,0.103515625,763.4,7298.9,0x0,10.9,368.7,308.57
1790992124.1868217,50.7,2.5,1600.0,0.103515625,762.3,7300.0,0x0,10.9,368.7,308.68
1790992125.196851,52.4,2.5,1700.0,0.103515625,761.6,7300.7,0x0,11.9,368.7,308.8
1790992126.2028377,51.2,2.5,1500.0,0.17578125,761.4,7300.9,0x0,11.9,368.7,308.92
1790992127.2129643,51.2,2.8,1600.0,0.17578125,760.8,7301.5,0x0,12.9,368.7,309.05
1790992128.2189696,50.1,3.7,1700.0,0.17578125,759.7,7302.7,0x0,12.9,368.7,309.18
1790992129.2287235,51.2,2.5,1500.0,0.17578125,761.3,7301.0,0x0,6.9,368.7,309.25
1790992130.2348535,51.2,0.0,1500.0,0.17578125,765.7,7296.6,0x0,2.0,368.7,309.27
1790992131.245023,51.2,0.2,1500.0,0.16162109375,764.7,7297.6,0x0,2.0,368.7,309.29
1790992132.251123,50.7,2.7,1500.0,0.16162109375,764.3,7298.0,0x0,7.0,368.7,309.36
1790992133.2611594,51.2,0.5,1500.0,0.16162109375,765.0,7297.3,0x0,0.0,368.7,309.36
1790992134.2670627,50.7,2.5,1600.0,0.16162109375,763.8,7298.5,0x0,8.9,368.7,309.45
1790992135.2771454,50.1,2.5,1600.0,0.16162109375,763.5,7298.8,0x0,8.9,368.7,309.54
1790992136.2831478,51.2,2.7,1600.0,0.1484375,763.3,7299.0,0x0,8.9,368.7,309.63
1790992137.293189,50.7,2.7,1600.0,0.1484375,762.3,7300.0,0x0,10.9,368.7,309.74
1790992138.2991805,51.2,2.8,1500.0,0.1484375,761.9,7300.5,0x0,10.9,368.7,309.85
1790992139.309318,51.2,2.7,1600.0,0.1484375,761.4,7300.9,0x0,10.9,368.7,309.96
1790992140.3153636,50.1,3.0,1500.0,0.1484375,762.8,7299.5,0x0,11.9,368.7,310.08
1790992141.3510659,51.8,3.2,1600.0,0.13623046875,761.5,7300.8,0x0,11.6,368.7,310.2
1790992142.3611195,50.7,4.2,1600.0,0.13623046875,760.6,7301.7,0x0,12.9,368.7,310.33
1790992143.3713193,51.2,3.7,1600.0,0.13623046875,763.2,7299.1,0x0,12.9,368.7,310.46
1790992144.3819492,50.7,1.7,1500.0,0.13623046875,763.5,7298.9,0x0,4.0,368.7,310.5
1790992145.3920631,50.7,1.0,1500.0,0.13623046875,762.0,7300.4,0x0,2.0,368.7,310.52
1790992146.402158,50.7,1.5,1500.0,0.125,762.3,7300.0,0x0,2.0,368.7,310.54
1790992147.4122696,51.2,3.5,1500.0,0.125,762.8,7299.5,0x0,14.8,368.7,310.69
1790992148.4243348,51.8,21.2,2400.0,0.125,762.1,7300.2,0x0,79.0,368.7,311.49
1790992149.5302408,50.1,0.0,2400.0,0.125,762.6,7299.7,0x0,0.0,368.7,311.49
1790992150.534596,52.4,8.0,2400.0,0.275390625,762.8,7299.5,0x0,32.9,368.7,311.82
1790992151.5438042,52.4,16.7,2400.0,0.275390625,764.0,7298.3,0x0,65.4,368.7,312.48
1790992152.552075,51.8,0.2,1600.0,0.275390625,764.0,7298.3,0x0,0.0,368.7,312.48
1790992153.561961,51.2,0.0,1500.0,0.275390625,762.1,7300.2,0x0,0.0,368.7,312.48
1790992154.5718763,51.2,0.2,1500.0,0.275390625,760.9,7301.4,0x0,1.0,368.7,312.49
1790992155.5819292,51.8,3.0,1600.0,0.2529296875,760.7,7301.6,0x0,8.9,368.7,312.58
1790992156.591888,52.4,2.7,1600.0,0.2529296875,759.9,7302.5,0x0,9.9,368.7,312.68
1790992157.6018503,51.2,2.5,1600.0,0.2529296875,759.7,7302.6,0x0,9.9,368.7,312.78
1790992158.6119542,51.2,3.0,1700.0,0.2529296875,757.7,7304.6,0x0,9.9,368.7,312.88
1790992159.6216235,50.7,3.7,1700.0,0.2529296875,758.2,7304.1,0x0,10.9,368.7,312.99
1790992160.631196,51.2,3.0,1500.0,0.232421875,759.3,7303.0,0x0,8.9,368.7,313.08
1790992161.641162,50.7,1.5,1500.0,0.232421875,758.4,7303.9,0x0,1.0,368.7,313.09
1790992162.651163,50.7,1.7,1500.0,0.232421875,758.4,7303.9,0x0,2.0,368.7,313.11
1790992163.6611643,51.2,1.7,1500.0,0.232421875,758.6,7303.7,0x0,5.9,368.7,313.17
1790992164.7710273,51.2,0.9,1500.0,0.232421875,758.4,7303.9,0x0,0.9,368.7,313.18
1790992165.777215,51.8,2.7,1600.0,0.21337890625,758.7,7303.7,0x0,8.0,368.7,313.26
1790992166.7831209,51.2,1.5,1600.0,0.21337890625,758.2,7304.1,0x0,9.9,368.7,313.36
1790992167.7931871,50.7,1.8,1600.0,0.21337890625,757.7,7304.6,0x0,9.9,368.7,313.46
1790992168.803317,50.7,3.0,1600.0,0.21337890625,758.0,7304.3,0x0,9.9,368.7,313.56
1790992169.8132193,49.6,2.7,1700.0,0.21337890625,757.5,7304.8,0x0,11.9,368.7,313.68
1790992170.8228965,50.1,2.5,1700.0,0.1962890625,757.1,7305.2,0x0,9.9,368.7,313.78
1790992171.832563,51.8,2.8,1600.0,0.1962890625,757.3,7305.0,0x0,13.9,368.7,313.92
1790992172.8425798,51.2,2.5,1600.0,0.1962890625,756.8,7305.5,0x0,11.9,368.7,314.04
1790992173.852697,50.7,2.8,1600.0,0.1962890625,757.8,7304.5,0x0,12.9,368.7,314.17
1790992174.863377,51.2,3.0,1700.0,0.1962890625,759.3,7303.0,0x0,12.9,368.7,314.3
1790992175.8731358,50.7,0.5,1500.0,0.18017578125,764.9,7297.4,0x0,1.0,368.7,314.31
1790992176.8832421,49.6,0.2,1500.0,0.18017578125,764.7,7297.6,0x0,2.0,368.7,314.33
1790992177.8933218,50.7,0.5,1500.0,0.18017578125,762.4,7299.9,0x0,3.0,368.7,314.36
1790992178.9034326,49.6,0.0,1500.0,0.18017578125,763.6,7298.7,0x0,1.0,368.7,314.37
1790992179.9135077,50.1,2.0,2400.0,0.18017578125,765.0,7297.3,0x0,6.9,368.7,314.44
1790992180.9218647,51.8,1.0,2400.0,0.16552734375,761.9,7300.4,0x0,3.0,368.7,314.47
1790992181.9302387,51.8,2.0,2400.0,0.16552734375,760.5,7301.8,0x0,6.9,368.7,314.54
1790992182.9386654,51.2,2.7,2400.0,0.16552734375,759.0,7303.3,0x0,6.9,368.7,314.61
1790992183.947076,51.8,1.2,2400.0,0.16552734375,758.2,7304.1,0x0,6.9,368.7,314.68
1790992184.955502,50.1,2.5,1600.0,0.16552734375,759.4,7302.9,0x0,10.9,368.7,314.79
1790992185.9656496,51.8,2.7,1500.0,0.15185546875,759.2,7303.2,0x0,9.9,368.7,314.89
1790992186.9758565,51.2,2.8,1600.0,0.15185546875,761.5,7300.8,0x0,11.9,368.7,315.01
1790992187.9859056,51.2,3.2,1700.0,0.15185546875,764.8,7297.5,0x0,12.9,368.7,315.14
1790992188.9955049,50.7,2.5,1700.0,0.15185546875,764.1,7298.2,0x0,11.9,368.7,315.26
1790992190.0051873,52.4,3.2,1600.0,0.15185546875,764.8,7297.5,0x0,12.9,368.7,315.39
1790992191.0153344,51.8,3.2,1600.0,0.22021484375,764.1,7298.2,0x0,12.9,368.7,315.52
1790992192.0257218,50.7,2.5,1500.0,0.22021484375,762.5,7299.9,0x0,8.9,368.7,315.61
1790992193.0357616,49.6,0.2,1500.0,0.22021484375,765.1,7297.2,0x0,2.0,368.7,315.63
1790992194.0458908,49.6,0.5,1500.0,0.22021484375,764.4,7297.9,0x0,2.0,368.7,315.65
1790992195.0519757,51.2,0.0,1500.0,0.22021484375,764.2,7298.1,0x0,2.0,368.7,315.67
1790992196.0620534,49.0,2.0,1500.0,0.2021484375,763.7,7298.7,0x0,6.9,368.7,315.74
1790992197.1689014,50.7,0.7,1600.0,0.2021484375,762.8,7299.5,0x0,1.8,368.7,315.76
1790992198.1749754,50.7,2.5,1600.0,0.2021484375,765.2,7297.2,0x0,8.9,368.7,315.85
1790992199.1809967,49.6,3.2,1500.0,0.2021484375,764.0,7298.3,0x0,8.9,368.7,315.94
1790992200.1877074,51.2,2.7,1600.0,0.2021484375,761.3,7301.0,0x0,9.9,368.7,316.04
1790992201.1938622,51.8,2.8,1600.0,0.185546875,761.8,7300.6,0x0,10.9,368.7,316.15
1790992202.1998305,50.7,2.8,1600.0,0.185546875,760.9,7301.4,0x0,10.9,368.7,316.26
1790992203.2057714,49.6,2.8,1600.0,0.185546875,760.4,7301.9,0x0,10.9,368.7,316.37
1790992204.2117295,49.0,2.8,1600.0,0.185546875,758.8,7303.6,0x0,10.9,368.7,316.48
1790992205.217795,49.6,3.2,1600.0,0.185546875,761.8,7300.5,0x0,12.9,368.7,316.61
1790992206.2237563,50.7,3.7,1600.0,0.17041015625,761.1,7301.2,0x0,12.9,368.7,316.74
1790992207.229803,51.2,4.2,1700.0,0.17041015625,759.5,7302.8,0x0,13.9,368.7,316.88
1790992208.2354941,51.2,3.7,1700.0,0.17041015625,760.0,7302.4,0x0,11.9,368.7,317.0
1790992209.2411594,51.2,3.0,1500.0,0.17041015625,760.2,7302.1,0x0,8.9,368.7,317.09
1790992210.247185,50.1,0.3,1500.0,0.17041015625,762.2,7300.1,0x0,2.0,368.7,317.11
1790992211.2572792,49.6,0.2,1500.0,0.15673828125,762.7,7299.6,0x0,2.0,368.7,317.13
1790992212.2673538,50.7,0.5,1500.0,0.15673828125,761.2,7301.1,0x0,1.0,368.7,317.14
1790992213.2773907,50.7,2.0,1500.0,0.15673828125,762.4,7299.9,0x0,6.9,368.7,317.21
1790992214.2875283,51.2,1.5,1600.0,0.15673828125,765.2,7297.1,0x0,4.0,368.7,317.25
1790992215.2975311,50.7,2.7,1600.0,0.15673828125,763.8,7298.5,0x0,8.9,368.7,317.34
1790992216.3074684,50.7,3.9,1600.0,0.14404296875,762.6,7299.7,0x0,9.9,368.7,317.44
1790992217.3174875,51.2,2.7,1500.0,0.14404296875,762.2,7300.1,0x0,9.9,368.7,317.54
1790992218.3275785,51.8,2.7,1600.0,0.14404296875,761.0,7301.3,0x0,10.9,368.7,317.65
1790992219.3376205,51.2,2.7,1700.0,0.14404296875,760.7,7301.6,0x0,10.9,368.7,317.76
1790992220.347327,50.7,3.5,1700.0,0.14404296875,762.7,7299.6,0x0,10.9,368.7,317.87
1790992221.3571718,50.1,4.4,1600.0,0.13232421875,761.3,7301.0,0x0,11.9,368.7,317.99
1790992222.3671737,49.6,4.0,1600.0,0.13232421875,761.8,7300.5,0x0,12.9,368.7,318.12
1790992223.3736205,50.7,4.2,1600.0,0.13232421875,761.5,7300.8,0x0,12.9,368.7,318.25
1790992224.4818716,49.6,3.6,1600.0,0.13232421875,761.1,7301.2,0x0,11.7,368.7,318.38
1790992225.4878228,50.1,4.0,1700.0,0.13232421875,760.8,7301.5,0x0,13.9,368.7,318.52
1790992226.4935348,51.8,4.2,1600.0,0.12158203125,762.0,7300.3,0x0,13.9,368.7,318.66
1790992227.4995732,51.8,1.0,1500.0,0.12158203125,760.8,7301.5,0x0,1.0,368.7,318.67
1790992228.5059555,50.7,2.0,1500.0,0.12158203125,759.0,7303.3,0x0,2.0,368.7,318.69
1790992229.5120492,49.6,1.2,1500.0,0.12158203125,760.1,7302.2,0x0,2.0,368.7,318.71
1790992230.5180933,51.2,11.0,2400.0,0.12158203125,760.1,7302.2,0x0,43.7,368.7,319.15
1790992231.5223966,52.9,18.6,2400.0,0.1923828125,759.8,7302.6,0x0,69.7,368.7,319.85
1790992232.5307102,50.7,4.8,2400.0,0.1923828125,759.5,7302.8,0x0,1.0,368.7,319.86
1790992233.538952,51.2,0.0,2400.0,0.1923828125,761.2,7301.2,0x0,0.0,368.7,319.86
1790992234.5472498,51.8,0.5,2400.0,0.1923828125,760.9,7301.4,0x0,2.0,368.7,319.88
1790992235.5556252,50.1,1.5,1600.0,0.1923828125,759.9,7302.4,0x0,7.9,368.7,319.96
1790992236.5656178,51.2,1.5,1600.0,0.1767578125,758.5,7303.8,0x0,9.9,368.7,320.06
1790992237.575686,51.8,2.5,1600.0,0.1767578125,758.5,7303.8,0x0,9.9,368.7,320.16
1790992238.5860364,50.1,3.0,1600.0,0.1767578125,760.9,7301.4,0x0,9.9,368.7,320.26
1790992239.5960512,50.7,2.2,1700.0,0.1767578125,759.3,7303.0,0x0,10.9,368.7,320.37
1790992240.605742,50.7,3.0,1600.0,0.16259765625,757.5,7304.8,0x0,11.9,368.7,320.49
1790992241.6157072,49.6,2.5,1500.0,0.16259765625,759.4,7302.9,0x0,12.9,368.7,320.62
1790992242.6258924,51.2,2.8,1600.0,0.16259765625,761.0,7301.3,0x0,11.9,368.7,320.74
1790992243.6360166,50.7,2.5,1700.0,0.16259765625,760.1,7302.2,0x0,12.9,368.7,320.87
1790992244.6457188,51.2,1.7,1500.0,0.16259765625,759.2,7303.1,0x0,7.9,368.7,320.95
1790992245.6558073,49.6,0.2,1500.0,0.1494140625,763.4,7298.9,0x0,2.0,368.7,320.97
1790992246.666001,50.7,0.5,1500.0,0.1494140625,763.6,7298.7,0x0,3.0,368.7,321.0
1790992247.672012,50.1,11.4,2400.0,0.1494140625,762.9,7299.4,0x0,42.7,368.7,321.43
1790992248.6803033,51.8,0.2,2400.0,0.1494140625,762.7,7299.6,0x0,0.0,368.7,321.43
1790992249.688628,54.0,18.2,2400.0,0.1494140625,763.6,7298.7,0x0,70.4,368.7,322.14
1790992250.699667,56.8,47.8,2400.0,0.2177734375,764.1,7298.2,0x0,189.9,368.7,324.06
1790992251.7107792,53.5,4.0,2400.0,0.2177734375,766.2,7296.1,0x0,13.8,373.8,324.2
1790992252.719227,52.9,0.2,1500.0,0.2177734375,767.6,7294.7,0x0,0.0,373.8,324.2
1790992253.729358,52.4,0.2,1500.0,0.2177734375,767.3,7295.0,0x0,1.0,373.8,324.21
1790992254.7395124,51.8,0.2,1500.0,0.2177734375,765.9,7296.4,0x0,0.0,373.8,324.21
1790992255.7496681,51.2,0.2,1500.0,0.2001953125,766.0,7296.4,0x0,1.0,373.8,324.22
1790992256.7597601,51.8,0.0,1500.0,0.2001953125,765.1,7297.2,0x0,0.0,373.8,324.22
1790992257.7699094,51.2,0.2,1500.0,0.2001953125,763.7,7298.6,0x0,0.0,373.8,324.22
1790992258.7800498,52.4,0.2,1500.0,0.2001953125,763.2,7299.1,0x0,1.0,373.8,324.23
1790992259.7901165,51.2,0.2,1500.0,0.2001953125,763.7,7298.6,0x0,0.0,373.8,324.23
1790992260.8002074,51.2,0.7,1500.0,0.18408203125,761.7,7300.6,0x0,3.0,373.8,324.26
1790992261.8106363,51.8,2.5,1600.0,0.18408203125,764.3,7298.0,0x0,7.9,373.8,324.34
1790992262.8207834,51.2,2.7,1600.0,0.18408203125,764.0,7298.3,0x0,9.9,373.8,324.44
1790992263.8309112,51.8,2.5,1600.0,0.18408203125,762.5,7299.8,0x0,8.9,373.8,324.53
1790992264.8410342,50.1,2.7,1600.0,0.18408203125,762.7,7299.6,0x0,10.9,373.8,324.64
1790992265.8511841,51.2,3.9,1600.0,0.24951171875,763.2,7299.1,0x0,10.9,373.8,324.75
1790992266.8613367,51.2,2.7,1600.0,0.24951171875,762.0,7300.3,0x0,11.9,373.8,324.87
1790992267.871657,51.2,3.0,1700.0,0.24951171875,763.0,7299.3,0x0,10.9,373.8,324.98
1790992268.881392,51.2,2.5,1700.0,0.24951171875,764.4,7297.9,0x0,10.9,373.8,325.09
1790992269.8911133,51.2,4.0,1600.0,0.24951171875,764.5,7297.8,0x0,12.9,373.8,325.22
1790992270.9012392,51.2,4.0,1600.0,0.2294921875,763.6,7298.7,0x0,13.9,373.8,325.36
1790992271.9112403,51.2,4.0,1600.0,0.2294921875,763.3,7299.0,0x0,12.9,373.8,325.49
1790992272.9208682,51.2,4.2,1700.0,0.2294921875,762.6,7299.7,0x0,12.9,373.8,325.62
1790992273.9269035,50.7,3.5,1600.0,0.2294921875,761.7,7300.6,0x0,11.9,373.8,325.74
1790992274.933111,51.8,4.4,1600.0,0.2294921875,765.4,7296.9,0x0,13.9,373.8,325.88
1790992275.943351,51.2,4.0,1600.0,0.2109375,766.3,7296.0,0x0,12.9,373.8,326.01
1790992276.953479,51.2,3.0,1500.0,0.2109375,764.2,7298.1,0x0,9.9,373.8,326.11
1790992278.0640774,50.7,0.7,1500.0,0.2109375,765.2,7297.1,0x0,1.8,373.8,326.13
1790992279.0702858,49.6,0.0,1500.0,0.2109375,764.7,7297.6,0x0,2.0,373.8,326.15
1790992280.0764856,52.4,13.5,2400.0,0.2109375,763.9,7298.4,0x0,53.7,373.8,326.69
1790992281.08093,51.8,0.2,2400.0,0.19384765625,767.0,7295.3,0x0,0.0,373.8,326.69
1790992282.089452,52.4,20.1,2400.0,0.19384765625,769.5,7292.8,0x0,74.4,373.8,327.44
1790992283.0978432,50.7,2.2,2400.0,0.19384765625,768.4,7293.9,0x0,0.0,373.8,327.44
1790992284.1062717,51.8,0.2,2400.0,0.19384765625,766.8,7295.5,0x0,1.0,373.8,327.45
1790992285.1146238,51.8,1.5,1600.0,0.19384765625,768.2,7294.1,0x0,4.0,373.8,327.49
1790992286.1248152,51.2,2.7,1600.0,0.17822265625,767.0,7295.3,0x0,8.9,373.8,327.58
1790992287.1350584,51.8,2.5,1600.0,0.17822265625,767.7,7294.6,0x0,9.9,373.8,327.68
1790992288.1454947,51.8,3.0,1600.0,0.17822265625,766.8,7295.5,0x0,9.9,373.8,327.78
1790992289.155614,51.8,3.0,1700.0,0.17822265625,767.2,7295.1,0x0,10.9,373.8,327.89
1790992290.1653788,51.8,3.9,1600.0,0.17822265625,766.3,7296.0,0x0,11.9,373.8,328.01
1790992291.175477,51.8,3.7,1500.0,0.16357421875,765.0,7297.3,0x0,11.9,373.8,328.13
1790992292.1857462,50.1,4.2,1600.0,0.16357421875,764.3,7298.0,0x0,11.9,373.8,328.25
1790992293.1965961,51.8,4.0,1700.0,0.16357421875,763.2,7299.1,0x0,11.9,373.8,328.37
1790992294.206402,51.8,3.7,1700.0,0.16357421875,764.2,7298.1,0x0,12.9,373.8,328.5
1790992295.2166314,51.2,4.0,1600.0,0.16357421875,763.6,7298.7,0x0,13.9,373.8,328.64
1790992296.227884,52.4,4.2,1600.0,0.150390625,762.1,7300.2,0x0,13.9,373.8,328.78
1790992297.2379391,51.8,4.0,1600.0,0.150390625,763.1,7299.2,0x0,12.9,373.8,328.91
1790992298.2465096,51.2,1.5,1500.0,0.150390625,763.3,7299.0,0x0,3.0,373.8,328.94
1790992299.3567214,51.2,1.3,1500.0,0.150390625,761.9,7300.4,0x0,0.9,373.8,328.95
1790992300.3629255,51.2,0.3,1500.0,0.150390625,763.6,7298.8,0x0,3.0,373.8,328.98
1790992301.3691196,50.1,1.8,1500.0,0.13818359375,763.4,7298.9,0x0,6.0,373.8,329.04
1790992302.379352,49.0,0.2,1500.0,0.13818359375,762.4,7299.9,0x0,1.0,373.8,329.05
1790992303.3896887,51.2,1.5,1600.0,0.13818359375,763.6,7298.7,0x0,8.9,373.8,329.14
1790992304.3998303,51.2,1.3,1600.0,0.13818359375,765.0,7297.3,0x0,8.9,373.8,329.23
1790992305.405914,51.2,2.5,1600.0,0.13818359375,762.4,7299.9,0x0,10.9,373.8,329.34
1790992306.4119756,51.8,2.5,1600.0,0.126953125,763.4,7298.9,0x0,9.9,373.8,329.44
1790992307.4179566,51.2,2.8,1600.0,0.126953125,764.1,7298.2,0x0,9.9,373.8,329.54
1790992308.423971,50.7,3.0,1600.0,0.126953125,763.6,7298.7,0x0,10.9,373.8,329.65
1790992309.4340777,50.1,2.8,1600.0,0.126953125,763.8,7298.5,0x0,11.9,373.8,329.77
1790992310.4440818,51.2,2.8,1700.0,0.126953125,762.9,7299.4,0x0,12.9,373.8,329.9
1790992311.453799,51.2,2.5,1700.0,0.11669921875,762.9,7299.4,0x0,11.9,373.8,330.02
1790992312.4634936,50.7,1.8,1500.0,0.11669921875,762.9,7299.4,0x0,7.9,373.8,330.1
1790992313.4735324,51.2,0.0,1500.0,0.11669921875,766.7,7295.7,0x0,1.0,373.8,330.11
1790992314.4837146,51.2,0.2,1500.0,0.11669921875,766.1,7296.2,0x0,2.0,373.8,330.13
1790992315.4938319,50.7,0.7,1500.0,0.11669921875,764.9,7297.4,0x0,3.0,373.8,330.16
1790992316.503945,52.9,23.4,2400.0,0.10693359375,766.2,7296.1,0x0,89.1,373.8,331.06
1790992317.5123246,51.8,0.0,2400.0,0.10693359375,767.2,7295.1,0x0,0.0,373.8,331.06
1790992318.5205898,52.4,0.0,2400.0,0.10693359375,765.3,7297.0,0x0,0.0,373.8,331.06
1790992319.5288405,52.4,17.8,2400.0,0.10693359375,765.3,7297.0,0x0,71.4,373.8,331.78
1790992320.5371668,52.4,0.2,2400.0,0.10693359375,765.5,7296.8,0x0,0.0,373.8,331.78
1790992321.5454319,51.8,0.0,1500.0,0.09814453125,764.9,7297.4,0x0,0.0,373.8,331.78
1790992322.5513134,50.7,1.2,1600.0,0.09814453125,763.5,7298.8,0x0,4.0,373.8,331.82
1790992323.5574272,51.8,2.7,1600.0,0.09814453125,767.5,7294.8,0x0,8.9,373.8,331.91
1790992324.5635307,51.2,2.7,1600.0,0.09814453125,767.3,7295.0,0x0,9.9,373.8,332.01
1790992325.573598,50.1,2.7,1600.0,0.09814453125,764.9,7297.4,0x0,8.9,373.8,332.1
1790992326.5836573,51.8,2.5,1500.0,0.08984375,764.0,7298.3,0x0,10.9,373.8,332.21
1790992327.5937917,51.2,3.0,1600.0,0.08984375,767.1,7295.2,0x0,11.9,373.8,332.33
1790992328.6039197,50.1,0.2,1500.0,0.08984375,766.8,7295.6,0x0,2.0,373.8,332.35
1790992329.6141198,50.7,0.2,1500.0,0.08984375,766.0,7296.3,0x0,2.0,373.8,332.37
1790992330.6242504,50.7,0.2,1500.0,0.08984375,766.2,7296.1,0x0,2.0,373.8,332.39
1790992331.634451,53.5,17.5,2400.0,0.08251953125,765.4,7296.9,0x0,68.3,373.8,333.08
1790992332.6427705,51.8,3.1,2400.0,0.08251953125,766.6,7295.7,0x0,0.0,373.8,333.08
1790992333.6510448,51.2,8.5,2400.0,0.08251953125,767.0,7295.3,0x0,54.5,373.8,333.63
1790992334.7577777,51.8,9.5,2400.0,0.08251953125,765.8,7296.5,0x0,19.0,373.8,333.84
1790992335.7621686,51.8,0.2,2400.0,0.07568359375,766.4,7295.9,0x0,1.0,373.8,333.85
1790992336.7665782,51.8,0.2,1500.0,0.07568359375,764.0,7298.3,0x0,0.0,373.8,333.85
1790992337.7728436,51.8,2.2,1600.0,0.07568359375,768.0,7294.3,0x0,8.0,373.8,333.93
1790992338.7790031,51.2,3.0,1600.0,0.07568359375,767.9,7294.4,0x0,9.9,373.8,334.03
1790992339.7890825,51.8,2.7,1600.0,0.07568359375,765.5,7296.8,0x0,9.9,373.8,334.13
1790992340.7992256,52.4,3.0,1600.0,0.0693359375,766.3,7296.0,0x0,10.9,373.8,334.24
1790992341.909869,51.8,2.3,1600.0,0.0693359375,766.3,7296.0,0x0,11.7,373.8,334.37
1790992343.0164387,52.9,2.7,1600.0,0.0693359375,764.7,7297.6,0x0,9.9,373.8,334.48
1790992344.0226479,51.2,3.2,1600.0,0.0693359375,765.6,7296.7,0x0,10.9,373.8,334.59
1790992345.0288923,52.4,4.0,1600.0,0.0693359375,766.1,7296.2,0x0,11.9,373.8,334.71
1790992346.0349772,51.8,4.0,1600.0,0.14404296875,765.4,7296.9,0x0,12.9,373.8,334.84
1790992347.0410886,50.7,4.0,1600.0,0.14404296875,764.7,7297.6,0x0,13.9,373.8,334.98
1790992348.047268,51.8,3.7,1700.0,0.14404296875,764.3,7298.0,0x0,11.9,373.8,335.1
1790992349.0530162,51.8,4.9,1600.0,0.14404296875,763.6,7298.7,0x0,11.9,373.8,335.22
1790992350.0591204,51.8,4.2,1600.0,0.14404296875,763.2,7299.1,0x0,13.9,373.8,335.36
1790992351.0652058,51.2,4.0,1700.0,0.13232421875,763.0,7299.4,0x0,12.9,373.8,335.49
1790992352.0710552,50.7,3.7,1600.0,0.13232421875,765.8,7296.6,0x0,13.9,373.8,335.63
1790992353.077876,50.1,4.0,1700.0,0.13232421875,765.5,7296.8,0x0,11.9,373.8,335.75
1790992354.0836418,51.8,4.0,1600.0,0.13232421875,765.3,7297.0,0x0,12.9,373.8,335.88
1790992355.0897474,50.7,4.0,1600.0,0.13232421875,765.1,7297.2,0x0,12.9,373.8,336.01
1790992356.0959213,50.7,4.0,1500.0,0.2021484375,764.6,7297.7,0x0,13.9,373.8,336.15
1790992357.1022434,51.8,4.0,1600.0,0.2021484375,765.3,7297.0,0x0,11.9,373.8,336.27
1790992358.1081972,51.2,4.0,1700.0,0.2021484375,764.4,7298.0,0x0,13.9,373.8,336.41
1790992359.1138132,51.2,3.7,1700.0,0.2021484375,763.7,7298.6,0x0,11.9,373.8,336.53
1790992360.1194339,51.2,4.0,1600.0,0.2021484375,765.7,7296.6,0x0,13.9,373.8,336.67
1790992361.1253989,51.2,3.7,1600.0,0.185546875,764.2,7298.1,0x0,12.9,373.8,336.8
1790992362.1317053,51.2,4.2,1600.0,0.185546875,763.1,7299.2,0x0,12.9,373.8,336.93
1790992363.1376278,51.2,2.5,1500.0,0.185546875,765.9,7296.4,0x0,8.0,373.8,337.01
1790992364.143655,51.2,1.7,1500.0,0.185546875,766.6,7295.7,0x0,2.0,373.8,337.03
1790992365.1497035,50.7,1.7,1500.0,0.185546875,767.3,7295.0,0x0,2.0,373.8,337.05
1790992366.1558921,50.1,0.8,1500.0,0.17041015625,767.6,7294.8,0x0,2.0,373.8,337.07
1790992367.1619232,51.2,1.8,1500.0,0.17041015625,766.2,7296.2,0x0,7.0,373.8,337.14
1790992368.1679401,51.2,0.0,1500.0,0.17041015625,765.5,7296.9,0x0,1.0,373.8,337.15
1790992369.1780453,51.8,1.8,1600.0,0.17041015625,765.0,7297.3,0x0,8.9,373.8,337.24
1790992370.1881459,49.6,1.5,1600.0,0.17041015625,765.8,7296.5,0x0,9.9,373.8,337.34
1790992371.198429,51.8,2.2,1600.0,0.15673828125,765.5,7296.8,0x0,8.9,373.8,337.43
1790992372.208478,50.7,2.7,1700.0,0.15673828125,763.6,7298.7,0x0,10.9,373.8,337.54
1790992373.218246,51.2,2.5,1700.0,0.15673828125,763.8,7298.5,0x0,9.9,373.8,337.64
1790992374.2280183,49.6,3.0,1600.0,0.15673828125,765.4,7296.9,0x0,11.9,373.8,337.76
1790992375.2381427,51.2,2.5,1500.0,0.15673828125,763.8,7298.5,0x0,11.9,373.8,337.88
1790992376.2484121,51.2,2.7,1600.0,0.14404296875,761.9,7300.4,0x0,11.9,373.8,338.0
1790992377.2586782,51.2,2.8,1700.0,0.14404296875,764.8,7297.6,0x0,11.9,373.8,338.12
1790992378.2684367,51.2,2.8,1600.0,0.14404296875,764.3,7298.0,0x0,13.9,373.8,338.26
1790992379.2785046,50.7,2.5,1600.0,0.14404296875,762.4,7299.9,0x0,12.9,373.8,338.39
1790992380.2885857,50.7,1.0,1500.0,0.14404296875,764.3,7298.0,0x0,4.0,373.8,338.43
1790992381.3972526,51.2,0.2,1500.0,0.13232421875,765.5,7296.8,0x0,1.8,373.8,338.45
1790992382.4033732,50.1,1.5,1500.0,0.13232421875,764.5,7297.8,0x0,2.0,373.8,338.47
1790992383.4134178,50.7,1.5,1500.0,0.13232421875,765.7,7296.6,0x0,5.9,373.8,338.53
1790992384.42355,50.1,0.7,1500.0,0.13232421875,768.5,7293.8,0x0,3.0,373.8,338.56
1790992385.4337118,49.6,2.7,1600.0,0.13232421875,767.3,7295.0,0x0,9.9,373.8,338.66
1790992386.4439375,50.7,2.7,1600.0,0.12158203125,766.1,7296.2,0x0,8.9,373.8,338.75
1790992387.454383,51.2,2.5,1600.0,0.12158203125,765.9,7296.4,0x0,9.9,373.8,338.85
1790992388.4645507,50.1,2.5,1600.0,0.12158203125,764.2,7298.1,0x0,9.9,373.8,338.95
1790992389.4750981,50.7,3.2,1600.0,0.12158203125,765.4,7296.9,0x0,11.9,373.8,339.07
1790992390.485205,51.2,2.7,1600.0,0.12158203125,765.4,7296.9,0x0,10.9,373.8,339.18
1790992391.495353,51.2,2.7,1700.0,0.11181640625,764.0,7298.3,0x0,11.9,373.8,339.3
1790992392.5052302,50.1,2.5,1600.0,0.11181640625,764.2,7298.1,0x0,11.9,373.8,339.42
1790992393.5153358,50.7,2.7,1600.0,0.11181640625,762.6,7299.7,0x0,11.9,373.8,339.54
1790992394.5254118,50.1,3.7,1600.0,0.11181640625,764.0,7298.3,0x0,13.9,373.8,339.68
1790992395.5355065,50.1,3.7,1600.0,0.11181640625,764.2,7298.1,0x0,12.9,373.8,339.81
1790992396.545636,51.2,3.0,1500.0,0.1025390625,763.0,7299.3,0x0,10.9,373.8,339.92
1790992397.5558212,50.7,0.0,1500.0,0.1025390625,766.3,7296.0,0x0,1.0,373.8,339.93
1790992398.6659749,50.7,0.2,1500.0,0.1025390625,767.7,7294.6,0x0,1.8,373.8,339.95
1790992399.6721911,50.7,0.5,1500.0,0.1025390625,766.5,7295.8,0x0,2.0,373.8,339.97
1790992400.6783788,51.2,1.5,1500.0,0.1025390625,764.9,7297.5,0x0,6.0,373.8,340.03
1790992401.6846228,51.2,1.2,1600.0,0.09423828125,765.6,7296.8,0x0,4.0,373.8,340.07
1790992402.6907766,50.7,3.0,1600.0,0.09423828125,763.8,7298.5,0x0,8.9,373.8,340.16
1790992403.6969435,50.1,2.2,1600.0,0.09423828125,764.5,7297.8,0x0,9.9,373.8,340.26
1790992404.7030637,50.7,3.0,1600.0,0.09423828125,765.2,7297.1,0x0,9.9,373.8,340.36
1790992405.709176,49.6,2.5,1600.0,0.08642578125,764.5,7297.8,0x0,9.9,373.8,340.46
1790992406.7156606,50.1,2.8,1700.0,0.08642578125,763.3,7299.0,0x0,10.9,373.8,340.57
1790992407.721482,50.7,3.0,1700.0,0.08642578125,763.5,7298.8,0x0,11.9,373.8,340.69
1790992408.7272587,51.2,2.8,1600.0,0.08642578125,762.7,7299.6,0x0,10.9,373.8,340.8
1790992409.7333198,50.7,3.5,1500.0,0.08642578125,762.0,7300.3,0x0,11.9,373.8,340.92
1790992410.7403643,51.8,4.2,1600.0,0.0791015625,762.2,7300.1,0x0,12.9,373.8,341.05
1790992411.74647,51.2,3.7,1700.0,0.0791015625,762.2,7300.1,0x0,12.9,373.8,341.18
1790992412.7522645,50.1,4.0,1600.0,0.0791015625,761.5,7300.8,0x0,13.9,373.8,341.32
1790992413.7584052,49.6,1.2,1500.0,0.0791015625,762.7,7299.7,0x0,2.0,373.8,341.34
1790992414.7687097,49.6,1.7,1500.0,0.0791015625,765.2,7297.1,0x0,2.0,373.8,341.36
1790992415.7790267,50.1,2.0,1500.0,0.07275390625,765.2,7297.1,0x0,2.0,373.8,341.38
1790992416.7892613,50.7,1.0,1500.0,0.07275390625,765.4,7296.9,0x0,2.0,373.8,341.4
1790992417.7994263,50.7,2.0,1500.0,0.07275390625,765.9,7296.4,0x0,5.9,373.8,341.46
1790992418.8095925,50.1,1.5,1600.0,0.07275390625,765.0,7297.4,0x0,4.9,373.8,341.51
1790992419.8197317,50.7,2.7,1600.0,0.07275390625,765.7,7296.7,0x0,8.9,373.8,341.6
1790992420.8298266,50.7,2.2,1600.0,0.06689453125,764.0,7298.3,0x0,8.9,373.8,341.69
1790992421.8400896,50.1,2.7,1600.0,0.06689453125,762.8,7299.5,0x0,9.9,373.8,341.79
1790992422.85023,50.7,2.7,1600.0,0.06689453125,763.3,7299.0,0x0,10.9,373.8,341.9
1790992423.8603706,50.7,3.9,1600.0,0.06689453125,761.9,7300.4,0x0,11.9,373.8,342.02
1790992424.8705142,49.0,3.9,1600.0,0.06689453125,761.7,7300.6,0x0,10.9,373.8,342.13
1790992425.880623,50.7,3.7,1700.0,0.0615234375,760.8,7301.6,0x0,12.9,373.8,342.26
1790992426.8906415,51.2,3.9,1600.0,0.0615234375,761.4,7300.9,0x0,11.9,373.8,342.38
1790992427.9011111,49.6,4.2,1500.0,0.0615234375,761.7,7300.6,0x0,12.9,373.8,342.51
1790992428.9105518,51.2,4.2,1700.0,0.0615234375,760.3,7302.0,0x0,13.9,373.8,342.65
1790992429.916325,50.1,4.0,1600.0,0.0615234375,760.7,7301.6,0x0,12.9,373.8,342.78
1790992430.922435,49.6,4.7,1500.0,0.13671875,761.0,7301.3,0x0,13.9,373.8,342.92
1790992431.928785,50.7,4.2,1600.0,0.13671875,760.3,7302.0,0x0,12.9,373.8,343.05
1790992432.9352126,51.2,0.5,1500.0,0.13671875,762.7,7299.6,0x0,2.0,373.8,343.07
1790992433.9413824,51.8,0.0,1500.0,0.13671875,763.6,7298.7,0x0,2.0,373.8,343.09
1790992434.9514678,50.1,0.2,1500.0,0.13671875,764.3,7298.0,0x0,1.0,373.8,343.1
1790992435.961489,49.6,1.5,1500.0,0.12548828125,764.1,7298.2,0x0,5.9,373.8,343.16
1790992437.070797,50.1,1.1,1600.0,0.12548828125,762.8,7299.6,0x0,6.3,373.8,343.23
1790992438.076793,49.0,1.3,1600.0,0.12548828125,760.9,7301.4,0x0,8.9,373.8,343.32
1790992439.0828106,50.7,2.5,1500.0,0.12548828125,761.2,7301.1,0x0,9.9,373.8,343.42
1790992440.0889466,52.4,2.7,1600.0,0.12548828125,760.7,7301.6,0x0,9.9,373.8,343.52
1790992441.0994544,50.1,2.7,1700.0,0.115234375,763.3,7299.0,0x0,10.9,373.8,343.63
1790992442.10914,50.1,2.8,1600.0,0.115234375,764.7,7297.6,0x0,11.9,373.8,343.75
1790992443.119136,50.7,2.7,1600.0,0.115234375,761.4,7300.9,0x0,10.9,373.8,343.86
1790992444.1291804,51.8,2.8,1600.0,0.115234375,760.9,7301.4,0x0,11.9,373.8,343.98
1790992445.1392424,51.2,2.5,1600.0,0.115234375,762.3,7300.0,0x0,12.9,373.8,344.11
1790992446.1493726,50.7,2.5,1600.0,0.10595703125,759.8,7302.5,0x0,12.9,373.8,344.24
1790992447.160327,49.6,3.0,1600.0,0.10595703125,759.5,7302.8,0x0,12.9,373.8,344.37
1790992448.170465,50.7,3.0,1700.0,0.10595703125,762.6,7299.7,0x0,12.9,373.8,344.5
1790992449.1801846,50.7,3.7,1600.0,0.10595703125,761.2,7301.1,0x0,13.9,373.8,344.64
1790992450.1902432,49.6,2.8,1500.0,0.10595703125,762.1,7300.2,0x0,13.9,373.8,344.78
1790992451.2004092,50.7,2.5,1600.0,0.09716796875,762.6,7299.8,0x0,12.9,373.8,344.91
1790992452.2105772,49.6,3.0,1700.0,0.09716796875,759.8,7302.6,0x0,12.9,373.8,345.04
1790992453.2203321,50.7,2.8,1700.0,0.09716796875,761.4,7300.9,0x0,12.9,373.8,345.17
1790992454.230182,50.1,3.5,1600.0,0.09716796875,763.3,7299.0,0x0,14.9,373.8,345.32
1790992455.2402096,51.2,4.0,1500.0,0.09716796875,760.9,7301.4,0x0,13.9,373.8,345.46
1790992456.250368,50.7,3.7,1600.0,0.169921875,760.5,7301.9,0x0,13.9,373.8,345.6
1790992457.2604644,50.7,3.5,1700.0,0.169921875,762.6,7299.8,0x0,12.9,373.8,345.73
1790992458.2702637,52.4,3.7,1700.0,0.169921875,760.9,7301.4,0x0,12.9,373.8,345.86
1790992459.281604,50.1,4.0,1600.0,0.169921875,761.1,7301.2,0x0,13.8,373.8,346.0
1790992460.2876527,49.6,3.7,1700.0,0.169921875,763.2,7299.1,0x0,13.9,373.8,346.14
1790992461.293336,50.1,3.7,1600.0,0.15625,761.4,7301.0,0x0,13.9,373.8,346.28
1790992462.2990315,50.1,4.2,1600.0,0.15625,760.0,7302.4,0x0,11.9,373.8,346.4
1790992463.30502,50.1,3.5,1600.0,0.15625,761.8,7300.5,0x0,12.9,373.8,346.53
1790992464.3111227,51.2,4.0,1600.0,0.15625,762.7,7299.6,0x0,14.9,373.8,346.68
1790992465.3171527,51.2,4.7,1600.0,0.15625,761.9,7300.4,0x0,13.9,373.8,346.82
1790992466.32323,49.6,2.5,1500.0,0.1435546875,764.5,7297.8,0x0,8.0,373.8,346.9
1790992467.3292546,50.1,0.3,1500.0,0.1435546875,764.5,7297.9,0x0,2.0,373.8,346.92
1790992468.3393726,50.7,0.2,1500.0,0.1435546875,761.9,7300.5,0x0,2.0,373.8,346.94
1790992469.3493698,51.2,11.7,2400.0,0.1435546875,762.3,7300.0,0x0,45.5,373.8,347.4
1790992470.3577673,52.4,12.4,2400.0,0.1435546875,762.5,7299.8,0x0,49.6,373.8,347.9
1790992471.366384,52.9,5.7,2400.0,0.1318359375,761.8,7300.5,0x0,21.8,373.8,348.12
1790992472.3746855,51.8,0.0,2400.0,0.1318359375,762.0,7300.3,0x0,0.0,373.8,348.12
1790992473.3828845,51.8,0.2,2400.0,0.1318359375,761.6,7300.7,0x0,1.0,373.8,348.13
1790992474.3914926,50.1,2.0,1600.0,0.1318359375,761.4,7300.9,0x0,6.9,373.8,348.2
1790992475.4014623,51.8,2.7,1600.0,0.1318359375,761.0,7301.3,0x0,9.9,373.8,348.3
1790992476.4114327,52.4,2.7,1600.0,0.12109375,760.7,7301.6,0x0,9.9,373.8,348.4
1790992477.4213903,51.8,2.5,1600.0,0.12109375,764.5,7297.8,0x0,9.9,373.8,348.5
1790992478.4313834,51.2,2.7,1600.0,0.12109375,764.1,7298.2,0x0,10.9,373.8,348.61
1790992479.4414809,51.2,2.5,1600.0,0.12109375,761.7,7300.6,0x0,10.9,373.8,348.72
1790992480.4516397,50.1,2.5,1600.0,0.12109375,762.0,7300.3,0x0,11.9,373.8,348.84
1790992481.4615722,50.7,4.2,1600.0,0.111328125,762.7,7299.6,0x0,11.9,373.8,348.96
1790992482.4715114,51.2,2.5,1600.0,0.111328125,761.0,7301.3,0x0,11.9,373.8,349.08
1790992483.4814935,50.1,3.7,1700.0,0.111328125,763.8,7298.5,0x0,12.9,373.8,349.21
1790992484.487448,50.7,2.5,1500.0,0.111328125,765.7,7296.6,0x0,8.0,373.8,349.29
1790992485.4934409,50.7,0.0,1500.0,0.111328125,766.4,7295.9,0x0,2.0,373.8,349.31
1790992486.5035279,50.7,0.0,1500.0,0.10205078125,765.9,7296.4,0x0,2.0,373.8,349.33
1790992487.5135434,50.7,0.5,1500.0,0.10205078125,764.7,7297.6,0x0,2.0,373.8,349.35
1790992488.523558,52.4,16.8,2400.0,0.10205078125,764.5,7297.8,0x0,66.3,373.8,350.02
1790992489.531922,52.9,0.2,2400.0,0.10205078125,765.4,7296.9,0x0,0.0,373.8,350.02
1790992490.5402594,54.5,15.7,2400.0,0.10205078125,765.1,7297.2,0x0,62.5,373.8,350.65
1790992491.549345,51.8,9.5,2400.0,0.17431640625,764.5,7297.8,0x0,35.7,373.8,351.01
1790992492.557701,50.7,0.2,2400.0,0.17431640625,765.9,7296.4,0x0,0.0,373.8,351.01
1790992493.5659661,51.2,0.0,1500.0,0.17431640625,764.0,7298.3,0x0,0.0,373.8,351.01
1790992494.5759876,51.8,1.0,1600.0,0.17431640625,763.1,7299.2,0x0,3.0,373.8,351.04
1790992495.585981,51.2,2.5,1600.0,0.17431640625,765.0,7297.3,0x0,8.9,373.8,351.13
1790992496.5959098,50.7,2.7,1600.0,0.16015625,764.0,7298.3,0x0,8.9,373.8,351.22
1790992497.6061141,51.2,2.7,1600.0,0.16015625,762.9,7299.5,0x0,9.9,373.8,351.32
1790992498.6160746,51.8,4.2,1500.0,0.16015625,763.8,7298.5,0x0,10.9,373.8,351.43
1790992499.6282258,51.2,3.0,1600.0,0.16015625,765.5,7296.8,0x0,11.9,373.8,351.55
1790992500.6338103,50.7,3.5,1600.0,0.16015625,764.1,7298.2,0x0,10.9,373.8,351.66
1790992501.63974,51.2,3.7,1500.0,0.14697265625,763.9,7298.5,0x0,11.9,373.8,351.78
1790992502.6460428,51.8,4.0,1600.0,0.14697265625,765.8,7296.5,0x0,12.9,373.8,351.91
1790992503.6519659,51.2,1.5,1500.0,0.14697265625,765.0,7297.3,0x0,5.0,373.8,351.96
1790992504.6580186,51.8,1.7,1500.0,0.14697265625,764.8,7297.5,0x0,2.0,373.8,351.98
1790992505.6680996,50.7,1.2,1500.0,0.14697265625,766.0,7296.3,0x0,2.0,373.8,352.0
1790992506.67809,51.8,10.7,2400.0,0.134765625,764.8,7297.5,0x0,41.6,373.8,352.42
1790992507.6864226,51.8,14.5,2400.0,0.134765625,765.0,7297.3,0x0,57.5,373.8,353.0
1790992508.6947546,52.9,0.2,2400.0,0.134765625,764.6,7297.7,0x0,1.0,373.8,353.01
1790992509.7030187,51.2,0.2,2400.0,0.134765625,764.2,7298.1,0x0,0.0,373.8,353.01
1790992510.711298,51.8,2.5,2400.0,0.134765625,762.6,7299.7,0x0,6.0,373.8,353.07
1790992511.7197,51.2,2.7,1600.0,0.12353515625,765.2,7297.1,0x0,7.9,373.8,353.15
1790992512.7295966,50.7,3.0,1600.0,0.12353515625,763.7,7298.6,0x0,9.9,373.8,353.25
1790992513.7395093,50.7,3.9,1600.0,0.12353515625,761.7,7300.7,0x0,9.9,373.8,353.35
1790992514.7494411,52.4,4.6,1600.0,0.12353515625,762.9,7299.5,0x0,11.9,373.8,353.47
1790992515.7593515,52.4,2.8,1600.0,0.12353515625,761.7,7300.6,0x0,10.9,373.8,353.58
1790992516.7692664,52.9,2.2,1600.0,0.19384765625,760.7,7301.7,0x0,10.9,373.8,353.69
1790992517.7791934,51.2,2.7,1700.0,0.19384765625,761.7,7300.6,0x0,11.9,373.8,353.81
1790992518.7893512,50.1,3.0,1600.0,0.19384765625,764.7,7297.6,0x0,12.9,373.8,353.94
1790992519.799294,49.0,1.2,1500.0,0.19384765625,763.8,7298.6,0x0,5.9,373.8,354.0
1790992520.8093898,51.2,0.0,1500.0,0.17822265625,764.2,7298.1,0x0,2.0,373.8,354.02
1790992521.819404,51.2,0.0,1500.0,0.17822265625,763.8,7298.5,0x0,2.0,373.8,354.04
1790992522.8294206,52.4,12.2,2400.0,0.17822265625,764.5,7297.8,0x0,47.5,373.8,354.52
1790992523.8377683,50.7,3.5,2400.0,0.17822265625,766.2,7296.1,0x0,13.9,373.8,354.66
1790992524.846851,52.4,14.5,2400.0,0.17822265625,765.6,7296.8,0x0,57.5,373.8,355.24
1790992525.855141,52.4,0.2,2400.0,0.16357421875,763.7,7298.6,0x0,0.0,373.8,355.24
1790992526.8634217,52.9,0.2,2400.0,0.16357421875,764.0,7298.3,0x0,0.0,373.8,355.24
1790992527.8716602,51.8,1.3,1600.0,0.16357421875,764.2,7298.1,0x0,7.9,373.8,355.32
1790992528.8818104,50.1,2.5,1600.0,0.16357421875,766.3,7296.0,0x0,8.9,373.8,355.41
1790992529.8917234,50.1,2.5,1600.0,0.16357421875,765.2,7297.1,0x0,8.9,373.8,355.5
1790992530.901626,52.4,3.5,1600.0,0.150390625,763.4,7299.0,0x0,10.9,373.8,355.61
1790992531.911595,50.7,2.7,1600.0,0.150390625,762.1,7300.2,0x0,11.9,373.8,355.73
1790992532.9214735,51.8,2.8,1600.0,0.150390625,761.5,7300.8,0x0,11.9,373.8,355.85
1790992533.9314065,51.2,2.5,1700.0,0.150390625,762.2,7300.1,0x0,10.9,373.8,355.96
1790992534.9409268,51.2,2.5,1700.0,0.150390625,761.4,7300.9,0x0,11.9,373.8,356.08
1790992535.9511766,51.2,3.0,1600.0,0.13818359375,760.0,7302.3,0x0,12.9,373.8,356.21
1790992536.9610724,51.8,3.2,1500.0,0.13818359375,761.4,7300.9,0x0,13.9,373.8,356.35
1790992537.9719439,50.1,3.7,1700.0,0.13818359375,765.9,7296.4,0x0,13.8,373.8,356.49
1790992538.9774656,51.2,3.5,1600.0,0.13818359375,764.0,7298.3,0x0,12.9,373.8,356.62
1790992539.9833572,51.8,3.5,1500.0,0.13818359375,763.1,7299.2,0x0,12.9,373.8,356.75
1790992540.9898002,51.8,3.7,1600.0,0.20751953125,763.3,7299.0,0x0,13.9,373.8,356.89
1790992541.9957013,51.2,3.8,1700.0,0.20751953125,763.5,7298.8,0x0,13.9,373.8,357.03
1790992543.0012674,51.8,3.8,1600.0,0.20751953125,761.9,7300.4,0x0,13.9,373.8,357.17
1790992544.007279,50.7,3.7,1700.0,0.20751953125,762.1,7300.2,0x0,12.9,373.8,357.3
1790992545.0128813,51.2,3.5,1600.0,0.20751953125,762.4,7300.0,0x0,12.9,373.8,357.43
1790992546.0188954,51.2,4.5,1600.0,0.1904296875,763.3,7299.0,0x0,13.9,373.8,357.57
1790992547.0248508,51.2,3.7,1600.0,0.1904296875,764.0,7298.3,0x0,13.9,373.8,357.71
1790992548.0307813,51.2,5.4,1700.0,0.1904296875,761.6,7300.7,0x0,12.9,373.8,357.84
1790992549.0370486,50.7,4.0,1700.0,0.1904296875,762.3,7300.0,0x0,13.9,373.8,357.98
1790992550.0426111,51.2,3.7,1600.0,0.1904296875,762.8,7299.5,0x0,12.9,373.8,358.11
1790992551.0485055,51.2,1.7,1500.0,0.1748046875,761.4,7300.9,0x0,5.0,373.8,358.16
1790992552.058532,51.2,0.0,1500.0,0.1748046875,762.3,7300.0,0x0,2.0,373.8,358.18
1790992553.0685244,52.4,0.2,1500.0,0.1748046875,761.4,7300.9,0x0,2.0,373.8,358.2
1790992554.0786436,51.2,0.2,1500.0,0.1748046875,760.8,7301.5,0x0,1.0,373.8,358.21
1790992555.0886633,50.7,1.7,1500.0,0.1748046875,765.5,7296.8,0x0,6.9,373.8,358.28
1790992556.0986817,51.2,1.7,1600.0,0.16064453125,765.3,7297.0,0x0,5.0,373.8,358.33
1790992557.108621,50.1,2.5,1600.0,0.16064453125,764.1,7298.2,0x0,7.9,373.8,358.41
1790992558.1185224,50.7,2.7,1600.0,0.16064453125,764.1,7298.2,0x0,10.9,373.8,358.52
1790992559.1284325,51.2,2.7,1500.0,0.16064453125,763.8,7298.5,0x0,9.9,373.8,358.62
1790992560.1390882,50.7,3.0,1600.0,0.16064453125,762.9,7299.4,0x0,9.9,373.8,358.72
1790992561.1492083,50.1,3.0,1700.0,0.1474609375,767.1,7295.2,0x0,11.9,373.8,358.84
1790992562.158807,50.7,3.7,1600.0,0.1474609375,767.1,7295.2,0x0,10.9,373.8,358.95
1790992563.1687448,50.1,4.0,1600.0,0.1474609375,764.0,7298.3,0x0,12.9,373.8,359.08
1790992564.1786835,51.2,5.1,1600.0,0.1474609375,764.0,7298.3,0x0,12.9,373.8,359.21
1790992565.1886232,51.8,3.7,1600.0,0.1474609375,764.5,7297.8,0x0,13.9,373.8,359.35
1790992566.1991053,49.6,4.2,1600.0,0.2158203125,764.9,7297.4,0x0,12.9,373.8,359.48
1790992567.204687,50.1,1.0,1500.0,0.2158203125,765.8,7296.5,0x0,3.0,373.8,359.51
1790992568.3130107,51.2,2.0,1500.0,0.2158203125,765.6,7296.7,0x0,1.8,373.8,359.53
1790992569.31899,52.4,13.5,2400.0,0.2158203125,765.2,7297.2,0x0,51.7,373.8,360.05
1790992570.323322,51.8,0.0,2400.0,0.2158203125,764.9,7297.4,0x0,0.0,373.8,360.05
1790992571.331625,52.4,17.8,2400.0,0.35888671875,767.7,7294.6,0x0,71.4,373.8,360.77
1790992572.339934,50.7,0.2,2400.0,0.35888671875,766.3,7296.0,0x0,0.0,373.8,360.77
1790992573.348206,50.7,0.0,2400.0,0.35888671875,765.8,7296.5,0x0,0.0,373.8,360.77
1790992574.3564644,51.8,2.0,1600.0,0.35888671875,766.7,7295.6,0x0,4.0,373.8,360.81
1790992575.3663795,51.8,3.0,1600.0,0.35888671875,765.4,7296.9,0x0,8.9,373.8,360.9
1790992576.376267,51.2,2.7,1600.0,0.330078125,764.2,7298.1,0x0,9.9,373.8,361.0
1790992577.3861914,51.2,3.0,1600.0,0.330078125,764.3,7298.0,0x0,10.9,373.8,361.11
1790992578.4955225,51.8,4.0,1600.0,0.330078125,762.9,7299.4,0x0,10.8,373.8,361.23
1790992579.5014002,50.1,4.7,1600.0,0.330078125,761.3,7301.0,0x0,10.9,373.8,361.34
1790992580.5073888,51.2,4.0,1700.0,0.330078125,764.1,7298.2,0x0,12.9,373.8,361.47
1790992581.512934,51.2,2.5,1700.0,0.30322265625,763.7,7298.7,0x0,10.9,373.8,361.58
1790992582.5185387,51.8,2.8,1600.0,0.30322265625,761.3,7301.0,0x0,11.9,373.8,361.7
1790992583.5244823,51.2,3.0,1600.0,0.30322265625,762.0,7300.3,0x0,13.9,373.8,361.84
1790992584.5304377,50.1,2.5,1600.0,0.30322265625,761.8,7300.6,0x0,12.9,373.8,361.97
1790992585.5363946,51.2,2.8,1600.0,0.30322265625,760.2,7302.2,0x0,13.9,373.8,362.11
1790992586.5425463,52.4,2.8,1600.0,0.27880859375,761.6,7300.8,0x0,12.9,373.8,362.24
1790992587.548464,51.2,2.5,1700.0,0.27880859375,761.3,7301.0,0x0,12.9,373.8,362.37
1790992588.5540698,50.7,3.0,1600.0,0.27880859375,760.0,7302.3,0x0,13.9,373.8,362.51
1790992589.560034,51.2,2.5,1500.0,0.27880859375,760.6,7301.7,0x0,13.9,373.8,362.65
1790992590.566251,50.7,2.5,1600.0,0.27880859375,761.1,7301.2,0x0,12.9,373.8,362.78
1790992591.5726328,50.7,3.0,1600.0,0.25634765625,759.9,7302.4,0x0,13.9,373.8,362.92
1790992592.5785778,52.4,3.0,1700.0,0.25634765625,763.2,7299.1,0x0,12.9,373.8,363.05
1790992593.5842123,50.7,2.8,1600.0,0.25634765625,764.3,7298.0,0x0,14.9,373.8,363.2
1790992594.5901735,51.2,2.8,1500.0,0.25634765625,762.1,7300.2,0x0,13.9,373.8,363.34
1790992595.5974665,52.4,4.0,1600.0,0.25634765625,761.8,7300.5,0x0,13.9,373.8,363.48
1790992596.6033726,50.7,3.7,1700.0,0.2353515625,762.1,7300.2,0x0,14.9,373.8,363.63
1790992597.6089807,50.7,3.5,1700.0,0.2353515625,762.8,7299.6,0x0,12.9,373.8,363.76
1790992598.6146386,49.6,4.0,1600.0,0.2353515625,762.0,7300.3,0x0,13.9,373.8,363.9
1790992599.6212583,49.6,3.5,1600.0,0.2353515625,762.8,7299.5,0x0,13.9,373.8,364.04
1790992600.627287,52.4,4.0,1600.0,0.2353515625,763.7,7298.6,0x0,14.9,373.8,364.19
1790992601.6332743,50.1,3.8,1700.0,0.21630859375,762.1,7300.2,0x0,14.9,373.8,364.34
1790992602.6389787,49.6,4.0,1700.0,0.21630859375,761.2,7301.1,0x0,12.9,373.8,364.47
1790992603.6446333,51.2,2.0,1500.0,0.21630859375,762.8,7299.5,0x0,7.0,373.8,364.54
1790992604.6506376,50.1,0.3,1500.0,0.21630859375,762.3,7300.0,0x0,2.0,373.8,364.56
1790992605.6607192,51.2,0.0,1500.0,0.21630859375,762.1,7300.2,0x0,2.0,373.8,364.58
1790992606.670833,51.2,0.5,1500.0,0.19873046875,762.1,7300.2,0x0,2.0,373.8,364.6
1790992607.680923,49.0,1.7,1500.0,0.19873046875,763.3,7299.0,0x0,6.9,373.8,364.67
1790992608.6910236,50.7,1.0,1600.0,0.19873046875,763.8,7298.5,0x0,3.0,373.8,364.7
1790992609.7013037,51.8,2.7,1500.0,0.19873046875,762.7,7299.7,0x0,8.9,373.8,364.79
1790992610.7114322,50.7,3.0,1600.0,0.19873046875,761.5,7300.8,0x0,9.9,373.8,364.89
1790992611.7215395,51.2,2.5,1600.0,0.1826171875,763.8,7298.5,0x0,9.9,373.8,364.99
1790992612.7316327,51.2,2.5,1600.0,0.1826171875,763.6,7298.7,0x0,9.9,373.8,365.09
1790992613.7417395,50.7,3.2,1600.0,0.1826171875,761.7,7300.6,0x0,11.9,373.8,365.21
1790992614.7518387,50.7,2.5,1500.0,0.1826171875,762.2,7300.1,0x0,11.9,373.8,365.33
1790992615.7627623,51.8,3.0,1600.0,0.1826171875,763.0,7299.3,0x0,10.9,373.8,365.44
1790992616.7730072,51.2,3.7,1700.0,0.16796875,761.8,7300.5,0x0,12.9,373.8,365.57
1790992617.7827353,50.7,3.7,1600.0,0.16796875,761.6,7300.7,0x0,12.9,373.8,365.7
1790992618.7928035,51.2,4.2,1600.0,0.16796875,762.3,7300.0,0x0,13.9,373.8,365.84
1790992619.80286,50.7,0.7,1500.0,0.16796875,761.8,7300.5,0x0,2.0,373.8,365.86
1790992620.8130255,50.7,0.0,1500.0,0.16796875,762.0,7300.3,0x0,2.0,373.8,365.88
1790992621.8232226,51.2,0.2,1500.0,0.154296875,762.3,7300.0,0x0,2.0,373.8,365.9
1790992622.833452,51.2,0.5,1500.0,0.154296875,761.1,7301.2,0x0,2.0,373.8,365.92
1790992623.843612,51.2,10.0,2400.0,0.154296875,761.6,7300.8,0x0,60.4,373.8,366.53
1790992624.9513974,51.8,9.8,2400.0,0.154296875,767.7,7294.7,0x0,20.8,373.8,366.76
1790992625.9558618,51.8,0.2,2400.0,0.1416015625,765.8,7296.5,0x0,0.0,373.8,366.76
1790992626.9601212,53.5,18.5,2400.0,0.1416015625,764.9,7297.4,0x0,72.7,373.8,367.49
1790992627.9684267,52.9,0.0,2400.0,0.1416015625,765.4,7296.9,0x0,0.0,373.8,367.49
1790992628.976748,51.8,0.0,1500.0,0.1416015625,767.5,7294.8,0x0,0.0,373.8,367.49
1790992629.986875,51.2,2.5,1600.0,0.1416015625,766.3,7296.0,0x0,4.9,373.8,367.54
1790992630.997185,50.7,2.7,1600.0,0.1298828125,767.7,7294.6,0x0,8.9,373.8,367.63
1790992632.007287,51.2,2.5,1600.0,0.1298828125,766.0,7296.3,0x0,8.9,373.8,367.72
1790992633.0172815,51.2,3.0,1600.0,0.1298828125,764.9,7297.4,0x0,10.9,373.8,367.83
1790992634.0272467,52.4,3.0,1600.0,0.1298828125,764.2,7298.1,0x0,10.9,373.8,367.94
1790992635.0371397,51.2,3.7,1600.0,0.1298828125,763.0,7299.3,0x0,11.9,373.8,368.06
1790992636.047315,51.2,4.2,1700.0,0.119140625,762.7,7299.6,0x0,10.9,373.8,368.17
1790992637.056967,51.2,3.5,1700.0,0.119140625,761.8,7300.5,0x0,11.9,373.8,368.29
1790992638.0664377,51.2,4.2,1600.0,0.119140625,760.5,7301.8,0x0,12.9,373.8,368.42
1790992639.076421,51.8,4.2,1500.0,0.119140625,761.2,7301.1,0x0,13.9,373.8,368.56
1790992640.0866206,51.8,2.5,1500.0,0.119140625,761.9,7300.4,0x0,7.9,373.8,368.64
1790992641.0966673,51.2,1.5,1500.0,0.109375,763.8,7298.5,0x0,1.0,373.8,368.65
1790992642.1067867,50.7,1.7,1500.0,0.109375,764.5,7297.8,0x0,3.0,373.8,368.68
1790992643.116962,51.8,2.5,1900.0,0.109375,765.2,7297.1,0x0,5.9,373.8,368.74
1790992644.1261475,51.2,0.2,1500.0,0.109375,767.1,7295.2,0x0,1.0,373.8,368.75
1790992645.1361406,51.2,2.5,1600.0,0.109375,766.6,7295.7,0x0,6.9,373.8,368.82
1790992646.146156,50.7,3.2,1500.0,0.1005859375,765.9,7296.4,0x0,8.9,373.8,368.91
1790992647.156274,50.7,1.8,1600.0,0.1005859375,765.5,7296.9,0x0,9.9,373.8,369.01
1790992648.1664746,50.1,3.0,1600.0,0.1005859375,765.0,7297.3,0x0,9.9,373.8,369.11
1790992649.1767957,51.8,2.7,1600.0,0.1005859375,763.2,7299.1,0x0,11.9,373.8,369.23
1790992650.1868424,51.2,2.5,1700.0,0.1005859375,762.5,7299.8,0x0,10.9,373.8,369.34
1790992651.1965127,50.1,3.0,1600.0,0.09228515625,762.5,7299.8,0x0,11.9,373.8,369.46
1790992652.2067106,52.9,2.8,1600.0,0.09228515625,763.9,7298.4,0x0,12.9,373.8,369.59
1790992653.2168992,51.8,2.5,1600.0,0.09228515625,764.5,7297.8,0x0,12.9,373.8,369.72
1790992654.2278385,51.2,3.0,1700.0,0.09228515625,763.6,7298.7,0x0,12.9,373.8,369.85
1790992655.237686,50.7,2.8,1700.0,0.09228515625,763.9,7298.4,0x0,12.9,373.8,369.98
1790992656.2474642,50.7,1.0,1500.0,0.08447265625,764.8,7297.5,0x0,5.0,373.8,370.03
1790992657.2576678,50.1,0.5,1500.0,0.08447265625,763.3,7299.0,0x0,2.0,373.8,370.05
1790992658.2679248,50.7,0.0,1500.0,0.08447265625,763.6,7298.7,0x0,2.0,373.8,370.07
1790992659.2781327,51.2,10.7,2400.0,0.08447265625,764.7,7297.6,0x0,41.6,373.8,370.49
1790992660.2866862,54.0,15.5,2400.0,0.08447265625,764.7,7297.6,0x0,63.5,373.8,371.13
1790992661.3020067,51.2,2.2,2400.0,0.07763671875,765.2,7297.1,0x0,5.9,373.8,371.19
1790992662.310454,52.4,1.5,2400.0,0.07763671875,765.2,7297.1,0x0,0.0,373.8,371.19
1790992663.3188705,52.4,0.5,2400.0,0.07763671875,765.0,7297.4,0x0,2.0,373.8,371.21
1790992664.3273554,50.1,2.0,1600.0,0.07763671875,767.1,7295.2,0x0,6.9,373.8,371.28
1790992665.3375344,51.2,2.5,1600.0,0.07763671875,766.3,7296.0,0x0,9.9,373.8,371.38
1790992666.347779,49.6,3.0,1500.0,0.0712890625,764.5,7297.8,0x0,9.9,373.8,371.48
1790992667.3583224,49.6,2.5,1600.0,0.0712890625,765.4,7296.9,0x0,10.9,373.8,371.59
1790992668.368451,50.1,2.7,1700.0,0.0712890625,766.4,7295.9,0x0,10.9,373.8,371.7
1790992669.378259,51.2,3.0,1700.0,0.0712890625,765.4,7296.9,0x0,10.9,373.8,371.81
1790992670.3880925,51.2,2.5,1600.0,0.0712890625,764.8,7297.5,0x0,11.9,373.8,371.93
1790992671.398242,50.7,2.8,1500.0,0.0654296875,765.6,7296.7,0x0,12.9,373.8,372.06
1790992672.4090455,50.1,3.2,1600.0,0.0654296875,764.0,7298.3,0x0,11.9,373.8,372.18
1790992673.4191337,51.2,0.7,1500.0,0.0654296875,763.3,7299.0,0x0,2.0,373.8,372.2
1790992674.429317,50.7,0.2,1500.0,0.0654296875,763.9,7298.4,0x0,2.0,373.8,372.22
1790992675.439556,50.1,0.2,1500.0,0.0654296875,763.6,7298.7,0x0,2.0,373.8,372.24
1790992676.4497175,51.2,1.5,1500.0,0.06005859375,763.6,7298.7,0x0,5.9,373.8,372.3
1790992677.4599788,50.7,0.5,1500.0,0.06005859375,765.5,7296.8,0x0,2.0,373.8,372.32
1790992678.470301,51.2,3.7,1600.0,0.06005859375,764.6,7297.7,0x0,8.9,373.8,372.41
1790992679.4806542,51.8,2.7,1600.0,0.06005859375,763.0,7299.4,0x0,9.9,373.8,372.51
1790992680.49085,50.1,2.5,1600.0,0.06005859375,762.0,7300.3,0x0,8.9,373.8,372.6
1790992681.5010056,51.2,2.7,1600.0,0.1357421875,763.4,7298.9,0x0,10.9,373.8,372.71
1790992682.5071719,50.1,3.0,1600.0,0.1357421875,762.2,7300.1,0x0,10.9,373.8,372.82
1790992683.513381,50.7,3.0,1700.0,0.1357421875,761.7,7300.7,0x0,11.9,373.8,372.94
1790992684.5197146,51.2,3.0,1700.0,0.1357421875,762.8,7299.5,0x0,11.9,373.8,373.06
1790992685.5254042,51.2,3.7,1600.0,0.1357421875,764.2,7298.1,0x0,11.9,373.8,373.18
1790992686.5313697,49.6,3.7,1500.0,0.12451171875,761.7,7300.6,0x0,12.9,373.8,373.31
1790992687.537413,51.8,2.5,1500.0,0.12451171875,763.6,7298.7,0x0,8.0,373.8,373.39
1790992688.543423,50.1,0.3,1500.0,0.12451171875,765.2,7297.1,0x0,2.0,373.8,373.41
1790992689.553459,51.2,0.5,1500.0,0.12451171875,765.5,7296.8,0x0,2.0,373.8,373.43
1790992690.5635576,50.1,0.2,1500.0,0.12451171875,763.5,7298.8,0x0,2.0,373.8,373.45
1790992691.5735755,49.6,0.5,1500.0,0.1142578125,763.7,7298.6,0x0,2.0,373.8,373.47
1790992692.5835862,51.8,21.4,2400.0,0.1142578125,764.4,7297.9,0x0,85.1,373.8,374.33
1790992693.591894,49.6,0.2,2400.0,0.1142578125,764.2,7298.1,0x0,0.0,373.8,374.33
1790992694.600269,51.8,6.4,2400.0,0.1142578125,765.9,7296.4,0x0,22.8,373.8,374.56
1790992695.609366,50.1,13.8,2400.0,0.1142578125,764.2,7298.1,0x0,50.5,373.8,375.07
1790992696.6177063,52.9,0.2,2400.0,0.10498046875,764.8,7297.6,0x0,0.0,373.8,375.07
1790992697.6259696,51.2,0.0,1500.0,0.10498046875,764.3,7298.0,0x0,0.0,373.8,375.07
1790992698.6359293,50.7,2.2,1600.0,0.10498046875,764.1,7298.2,0x0,8.9,373.8,375.16
1790992699.6462753,51.2,2.7,1600.0,0.10498046875,762.7,7299.7,0x0,8.9,373.8,375.25
1790992700.6562963,50.7,2.7,1600.0,0.10498046875,767.1,7295.2,0x0,10.9,373.8,375.36
1790992701.7640858,51.2,2.7,1600.0,0.09619140625,766.2,7296.1,0x0,9.9,373.8,375.47
1790992702.770278,51.8,3.5,1700.0,0.09619140625,763.2,7299.2,0x0,9.9,373.8,375.57
1790992703.7759788,51.8,4.2,1700.0,0.09619140625,765.0,7297.3,0x0,11.9,373.8,375.69
1790992704.7816803,51.2,3.7,1600.0,0.09619140625,764.5,7297.8,0x0,10.9,373.8,375.8
1790992705.787768,51.8,4.0,1500.0,0.09619140625,762.1,7300.2,0x0,12.9,373.8,375.93
1790992706.7939131,50.1,3.7,1600.0,0.1689453125,763.7,7298.6,0x0,12.9,373.8,376.06
1790992707.800506,51.8,4.0,1700.0,0.1689453125,763.3,7299.0,0x0,13.9,373.8,376.2
1790992708.806193,50.7,4.5,1600.0,0.1689453125,761.4,7300.9,0x0,14.9,373.8,376.35
1790992709.8123138,50.1,4.7,1600.0,0.1689453125,764.2,7298.1,0x0,12.9,373.8,376.48
1790992710.8183413,51.2,4.2,1600.0,0.1689453125,765.6,7296.7,0x0,12.9,373.8,376.61
1790992711.8255162,50.7,3.7,1600.0,0.1552734375,763.7,7298.6,0x0,14.9,373.8,376.76
1790992712.8315935,51.2,2.8,1600.0,0.1552734375,765.6,7296.8,0x0,13.9,373.8,376.9
1790992713.837594,51.2,2.8,1600.0,0.1552734375,766.5,7295.8,0x0,14.9,373.8,377.05
1790992714.843682,51.8,2.5,1700.0,0.1552734375,763.9,7298.4,0x0,12.9,373.8,377.18
1790992715.8494031,51.8,2.8,1600.0,0.1552734375,763.9,7298.4,0x0,12.9,373.8,377.31
1790992716.8554242,51.2,2.8,1500.0,0.142578125,764.8,7297.5,0x0,14.9,373.8,377.46
1790992717.861593,51.2,2.8,1600.0,0.142578125,763.0,7299.4,0x0,13.9,373.8,377.6
1790992718.867612,51.8,1.5,1500.0,0.142578125,763.0,7299.4,0x0,8.0,373.8,377.68
1790992719.8736665,50.7,0.5,1500.0,0.142578125,764.8,7297.5,0x0,1.0,373.8,377.69
1790992720.8798242,51.2,0.3,1500.0,0.142578125,763.1,7299.2,0x0,2.0,373.8,377.71
1790992721.8858852,50.1,0.0,1500.0,0.130859375,763.6,7298.8,0x0,2.0,373.8,377.73
1790992722.8963528,51.2,1.2,1500.0,0.130859375,763.8,7298.5,0x0,5.9,373.8,377.79
1790992723.9065433,51.2,1.2,1600.0,0.130859375,764.2,7298.1,0x0,4.9,373.8,377.84
1790992724.9165018,50.1,2.0,1600.0,0.130859375,764.7,7297.6,0x0,8.9,373.8,377.93
1790992725.9267597,50.7,3.0,1600.0,0.130859375,764.9,7297.4,0x0,9.9,373.8,378.03
1790992726.9367387,50.7,2.7,1600.0,0.1201171875,763.8,7298.5,0x0,9.9,373.8,378.13
1790992727.9467182,50.1,2.7,1600.0,0.1201171875,767.1,7295.2,0x0,10.9,373.8,378.24
1790992728.9566936,50.7,2.3,1600.0,0.1201171875,766.9,7295.5,0x0,10.9,373.8,378.35
1790992729.966739,49.6,3.0,1700.0,0.1201171875,763.9,7298.4,0x0,11.9,373.8,378.47
1790992730.9793563,50.1,2.5,1600.0,0.19091796875,765.1,7297.2,0x0,12.8,373.8,378.6
1790992731.9862921,50.7,2.8,1700.0,0.19091796875,764.6,7297.7,0x0,11.9,373.8,378.72
1790992732.9919295,50.7,3.2,1700.0,0.19091796875,762.1,7300.2,0x0,13.9,373.8,378.86
1790992733.9975457,51.2,3.5,1600.0,0.19091796875,762.8,7299.5,0x0,12.9,373.8,378.99
1790992735.0034745,50.1,3.7,1700.0,0.19091796875,762.1,7300.2,0x0,14.9,373.8,379.14
1790992736.0134008,50.1,4.2,1600.0,0.17529296875,759.7,7302.6,0x0,12.9,373.8,379.27
1790992737.0245397,51.2,4.0,1700.0,0.17529296875,761.2,7301.1,0x0,14.8,373.8,379.42
1790992738.0301793,51.2,4.2,1700.0,0.17529296875,766.8,7295.5,0x0,13.9,373.8,379.56
1790992739.0358093,50.1,3.5,1600.0,0.17529296875,765.3,7297.0,0x0,12.9,373.8,379.69
1790992740.0417347,50.7,4.0,1500.0,0.17529296875,764.6,7297.7,0x0,13.9,373.8,379.83
1790992741.0486794,50.1,3.7,1600.0,0.1611328125,764.9,7297.4,0x0,12.9,373.8,379.96
1790992742.0546658,50.7,4.2,1700.0,0.1611328125,763.3,7299.0,0x0,13.9,373.8,380.1
1790992743.0603173,51.2,4.2,1600.0,0.1611328125,763.2,7299.1,0x0,14.9,373.8,380.25
1790992744.068469,50.1,3.7,1700.0,0.1611328125,766.0,7296.3,0x0,12.9,373.8,380.38
1790992745.0784128,50.7,3.7,1500.0,0.1611328125,763.8,7298.5,0x0,12.9,373.8,380.51
1790992746.0852396,50.7,4.2,1600.0,0.14794921875,762.6,7299.7,0x0,12.9,373.8,380.64
1790992747.0911875,49.0,3.7,1700.0,0.14794921875,763.8,7298.5,0x0,13.9,373.8,380.78
1790992748.0967638,50.7,4.0,1600.0,0.14794921875,762.3,7300.0,0x0,13.9,373.8,380.92
1790992749.102472,50.1,4.0,1600.0,0.14794921875,763.4,7298.9,0x0,12.9,373.8,381.05
1790992750.1124232,51.2,3.7,1700.0,0.14794921875,766.0,7296.3,0x0,12.9,373.8,381.18
1790992751.1225567,51.2,4.2,1600.0,0.1357421875,763.9,7298.4,0x0,13.9,373.8,381.32
1790992752.1324863,50.1,4.2,1500.0,0.1357421875,762.3,7300.0,0x0,13.9,373.8,381.46
1790992753.1424668,50.7,4.0,1600.0,0.1357421875,764.4,7297.9,0x0,13.9,373.8,381.6
1790992754.1546059,49.6,3.7,1600.0,0.1357421875,764.1,7298.2,0x0,12.8,373.8,381.73
1790992755.1605964,51.8,4.0,1500.0,0.1357421875,763.0,7299.4,0x0,13.9,373.8,381.87
1790992756.16782,51.2,4.0,1600.0,0.205078125,763.9,7298.4,0x0,13.9,373.8,382.01
1790992757.173748,50.1,4.0,1700.0,0.205078125,763.3,7299.0,0x0,13.9,373.8,382.15
1790992758.1794546,50.7,4.0,1600.0,0.205078125,760.7,7301.6,0x0,13.9,373.8,382.29
1790992759.185545,49.6,3.7,1600.0,0.205078125,762.3,7300.0,0x0,12.9,373.8,382.42
1790992760.1916764,51.2,4.4,1600.0,0.205078125,763.3,7299.0,0x0,12.9,373.8,382.55
1790992761.1976945,51.8,4.0,1600.0,0.1884765625,766.4,7296.0,0x0,13.9,373.8,382.69
1790992762.2036889,51.2,4.0,1600.0,0.1884765625,765.7,7296.6,0x0,13.9,373.8,382.83
1790992763.209667,52.4,4.0,1700.0,0.1884765625,765.4,7296.9,0x0,13.9,373.8,382.97
1790992764.2156084,51.2,3.7,1700.0,0.1884765625,765.7,7296.6,0x0,12.9,373.8,383.1
1790992765.2212965,50.1,4.0,1600.0,0.1884765625,765.4,7296.9,0x0,12.9,373.8,383.23
1790992766.2273505,50.7,4.0,1500.0,0.17333984375,762.8,7299.5,0x0,12.9,373.8,383.36
1790992767.2334757,50.1,4.0,1600.0,0.17333984375,763.7,7298.6,0x0,13.9,373.8,383.5
1790992768.2396073,50.1,2.0,1500.0,0.17333984375,764.9,7297.4,0x0,7.0,373.8,383.57
1790992769.2457414,51.2,1.7,1500.0,0.17333984375,766.6,7295.7,0x0,2.0,373.8,383.59
1790992770.2557645,50.7,1.7,1500.0,0.17333984375,765.5,7296.9,0x0,3.0,373.8,383.62
1790992771.265792,50.7,2.0,1500.0,0.1591796875,765.5,7296.9,0x0,2.0,373.8,383.64
1790992772.275867,50.7,1.5,1500.0,0.1591796875,766.2,7296.2,0x0,5.9,373.8,383.7
1790992773.2859213,51.2,0.7,1500.0,0.1591796875,766.2,7296.1,0x0,2.0,373.8,383.72
1790992774.2961383,50.7,2.5,1500.0,0.1591796875,765.5,7296.8,0x0,8.9,373.8,383.81
1790992775.306499,50.7,3.4,1600.0,0.1591796875,769.9,7292.4,0x0,8.9,373.8,383.9
1790992776.3165588,51.2,4.2,1600.0,0.14599609375,771.3,7291.0,0x0,10.9,373.8,384.01
1790992777.3265252,51.2,3.7,1600.0,0.14599609375,769.9,7292.4,0x0,9.9,373.8,384.11
1790992778.3364937,50.7,3.0,1600.0,0.14599609375,768.1,7294.2,0x0,10.9,373.8,384.22
1790992779.3464885,50.7,2.5,1600.0,0.14599609375,768.4,7293.9,0x0,11.9,373.8,384.34
1790992780.3566873,51.2,3.0,1600.0,0.14599609375,768.4,7294.0,0x0,11.9,373.8,384.46
1790992781.3673291,51.2,2.8,1600.0,0.13427734375,767.7,7294.7,0x0,12.9,373.8,384.59
1790992782.376162,50.7,2.5,1600.0,0.13427734375,766.2,7296.1,0x0,14.9,373.8,384.74
1790992783.4823692,50.7,2.5,1600.0,0.13427734375,766.8,7295.5,0x0,12.7,373.8,384.88
1790992784.4895785,51.2,3.0,1700.0,0.13427734375,765.9,7296.4,0x0,13.9,373.8,385.02
1790992785.4952462,50.1,3.0,1600.0,0.13427734375,763.8,7298.5,0x0,12.9,373.8,385.15
1790992786.5012867,50.1,2.5,1600.0,0.123046875,764.3,7298.0,0x0,13.9,373.8,385.29
1790992787.5184815,51.2,3.2,1500.0,0.123046875,763.9,7298.4,0x0,14.7,373.8,385.44
1790992788.5245006,49.0,2.5,1600.0,0.123046875,762.1,7300.2,0x0,13.9,373.8,385.58
1790992789.531341,50.7,3.3,1700.0,0.123046875,763.3,7299.0,0x0,12.9,373.8,385.71
1790992790.5369542,51.8,2.5,1600.0,0.123046875,763.3,7299.0,0x0,13.9,373.8,385.85
1790992791.5428998,51.2,3.0,1600.0,0.11279296875,761.9,7300.5,0x0,13.9,373.8,385.99
1790992792.5488818,50.7,3.5,1600.0,0.11279296875,763.1,7299.2,0x0,14.9,373.8,386.14
1790992793.555137,51.2,4.9,1600.0,0.11279296875,763.1,7299.2,0x0,12.9,373.8,386.27
1790992794.5611193,51.2,3.8,1600.0,0.11279296875,761.5,7300.8,0x0,14.9,373.8,386.42
1790992795.567164,51.2,3.7,1600.0,0.11279296875,762.2,7300.1,0x0,12.9,373.8,386.55
1790992796.5731785,51.2,3.5,1700.0,0.18408203125,762.9,7299.4,0x0,14.9,373.8,386.7
1790992797.5828066,50.7,4.0,1600.0,0.18408203125,762.6,7299.7,0x0,13.9,373.8,386.84
1790992798.5897806,51.2,3.7,1700.0,0.18408203125,762.9,7299.4,0x0,13.9,373.8,386.98
1790992799.5954967,51.2,4.0,1700.0,0.18408203125,762.9,7299.4,0x0,13.9,373.8,387.12
1790992800.6011672,49.6,1.8,1500.0,0.18408203125,763.3,7299.0,0x0,7.0,373.8,387.19
1790992801.7075,50.7,0.0,1500.0,0.1689453125,765.0,7297.4,0x0,1.8,373.8,387.21
1790992802.7136283,50.7,0.3,1500.0,0.1689453125,765.5,7296.8,0x0,2.0,373.8,387.23
1790992803.7197669,51.8,0.3,1500.0,0.1689453125,763.7,7298.6,0x0,2.0,373.8,387.25
1790992804.7258856,52.9,20.3,2400.0,0.1689453125,764.4,7297.9,0x0,81.5,373.8,388.07
1790992805.730339,51.8,0.2,2400.0,0.1689453125,765.8,7296.5,0x0,0.0,373.8,388.07
1790992806.7386057,50.7,0.2,2400.0,0.1552734375,765.5,7296.8,0x0,0.0,373.8,388.07
1790992807.7468495,52.4,17.2,2400.0,0.1552734375,765.6,7296.7,0x0,67.4,373.9,388.75
1790992808.7552233,51.2,0.2,2400.0,0.1552734375,765.0,7297.4,0x0,1.0,373.9,388.76
1790992809.7634482,51.8,2.2,1500.0,0.1552734375,765.1,7297.2,0x0,0.0,373.9,388.76
1790992810.773421,51.2,2.2,1600.0,0.1552734375,763.4,7298.9,0x0,6.9,373.9,388.83
1790992811.7833948,51.2,2.7,1500.0,0.142578125,762.5,7299.8,0x0,8.9,373.9,388.92
1790992812.793416,50.1,2.7,1600.0,0.142578125,762.2,7300.1,0x0,10.9,373.9,389.03
1790992813.8034267,50.1,3.0,1600.0,0.142578125,762.4,7300.0,0x0,9.9,373.9,389.13
1790992814.8134956,50.7,2.7,1700.0,0.142578125,765.4,7296.9,0x0,10.9,373.9,389.24
1790992815.8231547,51.2,2.7,1600.0,0.142578125,764.9,7297.4,0x0,10.9,373.9,389.35
1790992816.833499,51.2,2.8,1500.0,0.130859375,765.2,7297.1,0x0,11.9,373.9,389.47
1790992817.8436298,51.8,1.7,1500.0,0.130859375,765.6,7296.8,0x0,4.9,373.9,389.52
1790992818.8536978,50.7,0.2,1500.0,0.130859375,767.9,7294.4,0x0,2.0,373.9,389.54
1790992819.863775,51.2,0.2,1500.0,0.130859375,767.3,7295.0,0x0,2.0,373.9,389.56
1790992820.8739386,51.2,0.5,1500.0,0.130859375,768.1,7294.2,0x0,2.0,373.9,389.58
1790992821.884019,51.2,17.7,2400.0,0.1201171875,770.4,7291.9,0x0,70.3,373.9,390.29
1790992822.8923955,50.1,0.0,2400.0,0.1201171875,767.7,7294.6,0x0,0.0,373.9,390.29
1790992823.9006891,54.5,14.5,2400.0,0.1201171875,769.4,7293.0,0x0,59.5,373.9,390.89
1790992824.9124508,52.9,3.5,2400.0,0.1201171875,769.8,7292.5,0x0,11.9,373.9,391.01
1790992825.9207199,51.8,1.5,2400.0,0.1201171875,767.0,7295.3,0x0,0.0,373.9,391.01
1790992826.9290137,51.2,0.5,1600.0,0.1103515625,766.5,7295.8,0x0,2.0,373.9,391.03
1790992827.9350615,51.8,3.0,1600.0,0.1103515625,766.5,7295.8,0x0,8.9,373.9,391.12
1790992828.9409547,49.6,2.7,1600.0,0.1103515625,764.0,7298.3,0x0,8.9,373.9,391.21
1790992829.9509413,51.8,2.5,1600.0,0.1103515625,765.2,7297.2,0x0,9.9,373.9,391.31
1790992830.960882,50.7,3.0,1500.0,0.1103515625,765.2,7297.2,0x0,10.9,373.9,391.42
1790992831.9709244,51.2,3.2,1600.0,0.10107421875,762.8,7299.5,0x0,10.9,373.9,391.53
1790992832.9810278,51.8,3.5,1700.0,0.10107421875,763.5,7298.8,0x0,10.9,373.9,391.64
1790992833.991054,50.7,4.4,1600.0,0.10107421875,763.3,7299.0,0x0,11.9,373.9,391.76
1790992835.000963,51.8,3.7,1600.0,0.10107421875,762.0,7300.3,0x0,11.9,373.9,391.88
1790992836.0109801,51.8,4.2,1600.0,0.10107421875,762.0,7300.3,0x0,13.9,373.9,392.02
1790992837.021015,52.9,3.7,1600.0,0.0927734375,762.0,7300.3,0x0,12.9,373.9,392.15
1790992838.0310435,50.7,4.2,1600.0,0.0927734375,761.6,7300.7,0x0,14.9,373.9,392.3
1790992839.0412493,50.1,3.7,1700.0,0.0927734375,765.5,7296.8,0x0,12.9,373.9,392.43
1790992840.0510077,51.8,3.7,1700.0,0.0927734375,766.5,7295.8,0x0,12.9,373.9,392.56
1790992841.0606625,50.7,4.7,1600.0,0.0849609375,764.6,7297.7,0x0,13.9,373.9,392.7
1790992842.070682,51.8,4.0,1500.0,0.0849609375,763.4,7298.9,0x0,14.9,373.9,392.85
1790992843.0808225,50.1,2.8,1600.0,0.0849609375,764.4,7298.0,0x0,14.8,373.9,393.0
1790992844.0908124,51.2,2.5,1700.0,0.0849609375,762.5,7299.8,0x0,12.9,373.9,393.13
1790992845.1030686,51.2,2.8,1500.0,0.0849609375,762.0,7300.3,0x0,12.8,373.9,393.26
1790992846.1098578,51.2,2.8,1600.0,0.078125,763.9,7298.4,0x0,14.9,373.9,393.41
1790992847.1158283,51.2,2.8,1700.0,0.078125,762.0,7300.4,0x0,13.9,373.9,393.55
1790992848.1214864,51.2,3.0,1600.0,0.078125,761.0,7301.3,0x0,14.9,373.9,393.7
1790992849.1275012,51.2,2.8,1600.0,0.078125,762.2,7300.1,0x0,12.9,373.9,393.83
1790992850.1335964,50.7,2.0,1500.0,0.078125,767.4,7295.0,0x0,10.9,373.9,393.94
1790992851.1397102,51.8,0.5,1500.0,0.07177734375,768.8,7293.5,0x0,2.0,373.9,393.96
1790992852.1498291,50.7,0.0,1500.0,0.07177734375,766.7,7295.6,0x0,2.0,373.9,393.98
1790992853.1598957,50.1,0.2,1500.0,0.07177734375,765.0,7297.3,0x0,2.0,373.9,394.0
1790992854.1700203,50.1,1.5,1500.0,0.07177734375,768.3,7294.0,0x0,5.9,373.9,394.06
1790992855.1800876,52.4,0.2,1500.0,0.07177734375,770.1,7292.2,0x0,1.0,373.9,394.07
1790992856.1903734,50.1,1.8,1500.0,0.06591796875,767.7,7294.6,0x0,8.9,373.9,394.16
1790992857.2004776,50.1,2.7,1600.0,0.06591796875,768.1,7294.2,0x0,8.9,373.9,394.25
1790992858.2105925,51.2,3.4,1600.0,0.06591796875,767.5,7294.9,0x0,10.9,373.9,394.36
1790992859.2206123,51.2,2.2,1600.0,0.06591796875,765.8,7296.5,0x0,9.9,373.9,394.46
1790992860.230637,51.2,3.0,1600.0,0.06591796875,765.2,7297.1,0x0,10.9,373.9,394.57
1790992861.2408512,50.1,2.5,1500.0,0.060546875,765.2,7297.1,0x0,10.9,373.9,394.68
1790992862.2515001,50.1,2.7,1600.0,0.060546875,763.8,7298.5,0x0,10.9,373.9,394.79
1790992863.2615268,50.7,2.8,1700.0,0.060546875,763.9,7298.4,0x0,12.9,373.9,394.92
1790992864.2712128,50.7,2.7,1700.0,0.060546875,763.9,7298.4,0x0,11.9,373.9,395.04
1790992865.2808642,49.6,2.8,1600.0,0.060546875,763.5,7298.8,0x0,12.9,373.9,395.17
1790992866.2909203,51.2,1.7,1500.0,0.0556640625,764.4,7297.9,0x0,5.0,373.9,395.22
1790992867.3009994,50.7,0.0,1500.0,0.0556640625,764.5,7297.8,0x0,3.0,373.9,395.25
1790992868.3113878,50.7,0.2,1500.0,0.0556640625,763.6,7298.7,0x0,1.0,373.9,395.26
1790992869.32147,50.7,0.5,1500.0,0.0556640625,762.8,7299.5,0x0,2.0,373.9,395.28
1790992870.3315372,52.4,15.7,2400.0,0.0556640625,764.0,7298.3,0x0,62.4,373.9,395.91
1790992871.336181,51.2,6.5,2400.0,0.05078125,765.4,7296.9,0x0,26.9,373.9,396.18
1790992872.344549,51.2,0.0,2400.0,0.05078125,764.3,7298.0,0x0,0.0,373.9,396.18
1790992873.3528233,54.5,14.0,2400.0,0.05078125,763.4,7299.0,0x0,57.5,373.9,396.76
1790992874.36424,52.4,5.1,2400.0,0.05078125,764.1,7298.2,0x0,11.9,373.9,396.88
1790992875.3725343,51.8,0.0,1500.0,0.05078125,764.1,7298.2,0x0,1.0,373.9,396.89
1790992876.3825393,51.2,1.2,1600.0,0.04638671875,763.0,7299.4,0x0,2.0,373.9,396.91
1790992877.3924725,50.7,2.5,1600.0,0.04638671875,762.0,7300.3,0x0,8.9,373.9,397.0
1790992878.4024527,51.2,2.7,1600.0,0.04638671875,761.8,7300.5,0x0,8.9,373.9,397.09
1790992879.4127371,51.8,2.7,1600.0,0.04638671875,762.8,7299.5,0x0,9.9,373.9,397.19
1790992880.422657,51.2,2.7,1600.0,0.04638671875,762.1,7300.2,0x0,10.9,373.9,397.3
1790992881.4326146,51.8,3.0,1600.0,0.04248046875,761.7,7300.7,0x0,11.9,373.9,397.42
1790992882.4425702,50.7,0.7,1500.0,0.04248046875,763.8,7298.5,0x0,2.0,373.9,397.44
1790992883.4526308,50.1,0.0,1500.0,0.04248046875,763.3,7299.0,0x0,3.0,373.9,397.47
1790992884.4626813,52.4,11.1,2400.0,0.04248046875,764.0,7298.4,0x0,41.6,373.9,397.89
1790992885.4710846,52.4,1.0,2400.0,0.04248046875,766.3,7296.0,0x0,5.0,373.8,397.94
1790992886.479992,52.4,16.9,2400.0,0.0390625,767.2,7295.2,0x0,65.4,373.8,398.6
1790992887.48828,52.4,0.0,2400.0,0.0390625,765.7,7296.6,0x0,0.0,373.8,398.6
1790992888.49651,52.4,0.0,2400.0,0.0390625,765.2,7297.1,0x0,0.0,373.8,398.6
1790992889.5047398,51.8,1.2,1600.0,0.0390625,763.6,7298.7,0x0,6.9,373.8,398.67
1790992890.51491,50.7,3.9,1600.0,0.0390625,763.6,7298.7,0x0,7.9,373.8,398.75
1790992891.5249002,51.2,2.7,1600.0,0.03564453125,762.1,7300.2,0x0,9.9,373.8,398.85
1790992892.534885,50.1,2.7,1500.0,0.03564453125,761.6,7300.7,0x0,9.9,373.8,398.95
1790992893.5449147,50.7,2.7,1600.0,0.03564453125,762.7,7299.6,0x0,10.9,373.8,399.06
1790992894.5549068,51.2,3.0,1700.0,0.03564453125,762.2,7300.1,0x0,11.9,373.8,399.18
1790992895.5645444,50.7,2.2,1700.0,0.03564453125,762.2,7300.1,0x0,9.9,373.8,399.28
1790992896.5742214,51.2,2.7,1600.0,0.03271484375,762.4,7299.9,0x0,11.9,373.8,399.4
1790992897.5841594,51.2,2.8,1500.0,0.03271484375,762.7,7299.6,0x0,11.9,373.8,399.52
1790992898.594219,51.2,0.7,1500.0,0.03271484375,763.6,7298.7,0x0,4.0,373.9,399.56
1790992899.6042647,51.2,0.2,1500.0,0.03271484375,763.6,7298.7,0x0,2.0,373.9,399.58
1790992900.6142955,50.7,0.0,1500.0,0.03271484375,763.1,7299.2,0x0,2.0,373.9,399.6
1790992901.6242757,49.6,2.0,1500.0,0.02978515625,763.8,7298.5,0x0,5.9,373.9,399.66
1790992902.6342921,51.8,1.5,1600.0,0.02978515625,764.3,7298.0,0x0,4.0,373.9,399.7
1790992903.6442266,50.1,3.0,1600.0,0.02978515625,761.7,7300.6,0x0,9.9,373.9,399.8
1790992904.6542172,51.8,2.5,1600.0,0.02978515625,762.2,7300.1,0x0,9.9,373.9,399.9
1790992905.6644819,51.2,3.0,1600.0,0.02978515625,762.9,7299.4,0x0,9.9,373.9,400.0
1790992906.6744998,51.2,3.0,1600.0,0.02734375,761.7,7300.6,0x0,10.9,373.9,400.11
1790992907.6844478,51.2,3.7,1700.0,0.02734375,761.5,7300.8,0x0,10.9,373.9,400.22
1790992908.6942515,51.2,2.8,1600.0,0.02734375,762.0,7300.3,0x0,10.9,373.9,400.33
1790992909.7042189,49.6,3.0,1500.0,0.02734375,761.0,7301.3,0x0,11.9,373.9,400.45
1790992910.7179105,50.7,3.5,1700.0,0.02734375,761.0,7301.3,0x0,12.8,373.9,400.58
1790992911.723516,51.8,3.5,1600.0,0.02490234375,762.2,7300.1,0x0,11.9,373.9,400.7
1790992912.7294364,50.1,3.7,1500.0,0.02490234375,761.7,7300.6,0x0,12.9,373.9,400.83
1790992913.7361946,51.2,4.0,1600.0,0.02490234375,761.7,7300.6,0x0,12.9,373.9,400.96
1790992914.7421606,51.2,4.2,1700.0,0.02490234375,762.4,7299.9,0x0,13.9,373.9,401.1
1790992915.747786,52.4,1.7,1500.0,0.02490234375,762.7,7299.6,0x0,5.0,373.9,401.15
1790992916.753784,51.2,0.3,1500.0,0.0224609375,762.9,7299.5,0x0,2.0,373.9,401.17
1790992917.7638237,50.7,0.2,1500.0,0.0224609375,763.3,7299.0,0x0,2.0,373.9,401.19
1790992918.773938,50.1,0.5,1500.0,0.0224609375,762.5,7299.8,0x0,2.0,373.9,401.21
1790992919.7839801,50.7,23.0,2400.0,0.0224609375,762.6,7299.8,0x0,91.1,373.9,402.13
1790992920.7922812,51.8,0.0,2400.0,0.0224609375,763.0,7299.3,0x0,0.0,373.9,402.13
1790992921.800523,51.8,0.0,2400.0,0.0205078125,761.2,7301.1,0x0,0.0,373.9,402.13
1790992922.8087802,51.2,19.8,2400.0,0.0205078125,762.2,7300.1,0x0,71.4,373.9,402.85
1790992923.817061,52.4,2.9,2400.0,0.0205078125,763.3,7299.0,0x0,1.0,373.9,402.86
1790992924.8257353,50.1,0.2,1500.0,0.0205078125,762.6,7299.7,0x0,0.0,373.9,402.86
1790992925.8356864,51.8,2.2,1600.0,0.0205078125,761.0,7301.3,0x0,6.9,373.9,402.93
1790992926.8434317,51.2,2.5,1600.0,0.0185546875,761.2,7301.1,0x0,7.9,373.9,403.01
1790992927.853365,51.8,3.0,1600.0,0.0185546875,761.9,7300.4,0x0,9.9,373.9,403.11
